produto;analito;nivel;provedor;ano_ceq;cv_pct;tea_pct;media_controle;sigma_planilha;classe_planilha;S1_n_amostras;S1_n_rodadas;S1_A;S1_Bsig2;S1_B;S1_Bsig1;S1_DP;S1_EP;S1_IC_lo;S1_IC_hi;S1_EProd;S1_ICr_lo;S1_ICr_hi;S1_C;S1_G;S1_F;S1_mediana;S1_DPw;S1_DPentre_medias;S1_anova_F;S1_anova_p;S1_sig_amostras;S1_sig_rodadas;S1_inversao_sinal;S1_heterog_rodadas;S1_n_outliers;S1_medias_rodada;S1_razao_DPw_CV;S1_reg_n;S1_reg_nconc;S1_reg_a;S1_reg_a_lo;S1_reg_a_hi;S1_reg_b;S1_reg_b_lo;S1_reg_b_hi;S1_reg_r2;S1_reg_prop;S1_reg_const;S1_D;S1_D_lo;S1_D_hi;S1_D_motivo;S1_sigma_A;S1_classe_A;S1_regras_A;S1_N_A;S1_runsize_A;S1_freq_A;S1_ET_A;S1_sigma_B;S1_classe_B;S1_regras_B;S1_N_B;S1_runsize_B;S1_freq_B;S1_ET_B;S1_sigma_C;S1_classe_C;S1_regras_C;S1_N_C;S1_runsize_C;S1_freq_C;S1_ET_C;S1_sigma_D;S1_classe_D;S1_regras_D;S1_N_D;S1_runsize_D;S1_freq_D;S1_ET_D;S1_sigma_F;S1_classe_F;S1_regras_F;S1_N_F;S1_runsize_F;S1_freq_F;S1_ET_F;S1_sigma_G;S1_classe_G;S1_regras_G;S1_N_G;S1_runsize_G;S1_freq_G;S1_ET_G;S1_sigma_B_pior_IC_am;S1_sigma_B_pior_IC_rod;S1_E_sigA_lo;S1_E_sigA_hi;S1_E_estabA;S1_E_biasA_lo;S1_E_biasA_hi;S1_E_sigB_lo;S1_E_sigB_hi;S1_E_estabB;S1_E_biasB_lo;S1_E_biasB_hi;S1_E_sigG_lo;S1_E_sigG_hi;S1_E_estabG;S1_E_biasG_lo;S1_E_biasG_hi;S2_n_amostras;S2_n_rodadas;S2_A;S2_Bsig2;S2_B;S2_Bsig1;S2_DP;S2_EP;S2_IC_lo;S2_IC_hi;S2_EProd;S2_ICr_lo;S2_ICr_hi;S2_C;S2_G;S2_F;S2_mediana;S2_DPw;S2_DPentre_medias;S2_anova_F;S2_anova_p;S2_sig_amostras;S2_sig_rodadas;S2_inversao_sinal;S2_heterog_rodadas;S2_n_outliers;S2_medias_rodada;S2_razao_DPw_CV;S2_reg_n;S2_reg_nconc;S2_reg_a;S2_reg_a_lo;S2_reg_a_hi;S2_reg_b;S2_reg_b_lo;S2_reg_b_hi;S2_reg_r2;S2_reg_prop;S2_reg_const;S2_D;S2_D_lo;S2_D_hi;S2_D_motivo;S2_sigma_A;S2_classe_A;S2_regras_A;S2_N_A;S2_runsize_A;S2_freq_A;S2_ET_A;S2_sigma_B;S2_classe_B;S2_regras_B;S2_N_B;S2_runsize_B;S2_freq_B;S2_ET_B;S2_sigma_C;S2_classe_C;S2_regras_C;S2_N_C;S2_runsize_C;S2_freq_C;S2_ET_C;S2_sigma_D;S2_classe_D;S2_regras_D;S2_N_D;S2_runsize_D;S2_freq_D;S2_ET_D;S2_sigma_F;S2_classe_F;S2_regras_F;S2_N_F;S2_runsize_F;S2_freq_F;S2_ET_F;S2_sigma_G;S2_classe_G;S2_regras_G;S2_N_G;S2_runsize_G;S2_freq_G;S2_ET_G;S2_sigma_B_pior_IC_am;S2_sigma_B_pior_IC_rod;S2_E_sigA_lo;S2_E_sigA_hi;S2_E_estabA;S2_E_biasA_lo;S2_E_biasA_hi;S2_E_sigB_lo;S2_E_sigB_hi;S2_E_estabB;S2_E_biasB_lo;S2_E_biasB_hi;S2_E_sigG_lo;S2_E_sigG_hi;S2_E_estabG;S2_E_biasG_lo;S2_E_biasG_hi
bioquimica;Lactato;1;CAP;2025;7,438906543190524;15,209693753911445;4,61;1,6815306877536462;Desempenho inadequado;15;3;2,700944118205184;2,437494575758777;2,437494575758777;2,4374945757587763;2,8735916465803717;0,7419581727337685;0,8461525638875711;4,028836587629981;1,153613976110837;-2,526105747631646;7,4010948991492;3,6943750253680956;2,9330922622055327;2,437494575758777;1,17647058823529;2,5113185305366854;1,9981180189455188;3,1652547880402366;0,0787118730120243;sim;nao;nao;nao;0;3.270 | 3.885 | 0.158;0,33759242920392823;15;15;-0,039718503537688576;-0,2730532841404957;0,1936162770651185;1,0276604309909758;0,993069651039363;1,0622512109425888;0,9968541307431815;nao;nao;1,904470354245343;-0,761871469064842;4,570812177555528;;1,6815306877536462;Desempenho inadequado;1_3s / 2_2s / R_4s / 4_1s / 8x;;;CQ estatístico isolado pode ser insuficiente — investigar e melhorar o desempenho analítico ou reavaliar o método;14,975139914469548;1,716945777446844;Desempenho inadequado;1_3s / 2_2s / R_4s / 4_1s / 8x;;;CQ estatístico isolado pode ser insuficiente — investigar e melhorar o desempenho analítico ou reavaliar o método;14,71169037202314;1,54798540103778;Desempenho inadequado;1_3s / 2_2s / R_4s / 4_1s / 8x;;;CQ estatístico isolado pode ser insuficiente — investigar e melhorar o desempenho analítico ou reavaliar o método;15,96857082163246;1,7885993488983307;Desempenho inadequado;1_3s / 2_2s / R_4s / 4_1s / 8x;;;CQ estatístico isolado pode ser insuficiente — investigar e melhorar o desempenho analítico ou reavaliar o método;14,178666150509706;1,716945777446844;Desempenho inadequado;1_3s / 2_2s / R_4s / 4_1s / 8x;;;CQ estatístico isolado pode ser insuficiente — investigar e melhorar o desempenho analítico ou reavaliar o método;14,71169037202314;1,6503233936906696;Desempenho inadequado;1_3s / 2_2s / R_4s / 4_1s / 8x;;;CQ estatístico isolado pode ser insuficiente — investigar e melhorar o desempenho analítico ou reavaliar o método;15,207288058469896;1,5030242820453592;1,0496971308115348;1,530259585724278;1,8293372713894729;1,0;1,6014247560699946;3,8262357088870926;1,5625557727913155;1,8724563528578542;1,0;1,280665938798487;3,585987391594002;1,4563386149406676;1,8040706852985633;1,0;1,7893805286657503;4,376126902128287;15;3;2,700944118205184;2,437494575758777;2,437494575758777;2,4374945757587763;2,8735916465803717;0,7419581727337685;0,8461525638875711;4,028836587629981;1,153613976110837;-2,526105747631646;7,4010948991492;3,6943750253680956;2,9330922622055327;2,437494575758777;1,17647058823529;2,5113185305366854;1,9981180189455188;3,1652547880402366;0,0787118730120243;sim;nao;nao;nao;0;3.270 | 3.885 | 0.158;0,33759242920392823;15;15;-0,039718503537688576;-0,2730532841404957;0,1936162770651185;1,0276604309909758;0,993069651039363;1,0622512109425888;0,9968541307431815;nao;nao;1,904470354245343;-0,761871469064842;4,570812177555528;;1,6815306877536462;Desempenho inadequado;1_3s / 2_2s / R_4s / 4_1s / 8x;;;CQ estatístico isolado pode ser insuficiente — investigar e melhorar o desempenho analítico ou reavaliar o método;14,975139914469548;1,716945777446844;Desempenho inadequado;1_3s / 2_2s / R_4s / 4_1s / 8x;;;CQ estatístico isolado pode ser insuficiente — investigar e melhorar o desempenho analítico ou reavaliar o método;14,71169037202314;1,54798540103778;Desempenho inadequado;1_3s / 2_2s / R_4s / 4_1s / 8x;;;CQ estatístico isolado pode ser insuficiente — investigar e melhorar o desempenho analítico ou reavaliar o método;15,96857082163246;1,7885993488983307;Desempenho inadequado;1_3s / 2_2s / R_4s / 4_1s / 8x;;;CQ estatístico isolado pode ser insuficiente — investigar e melhorar o desempenho analítico ou reavaliar o método;14,178666150509706;1,716945777446844;Desempenho inadequado;1_3s / 2_2s / R_4s / 4_1s / 8x;;;CQ estatístico isolado pode ser insuficiente — investigar e melhorar o desempenho analítico ou reavaliar o método;14,71169037202314;1,6503233936906696;Desempenho inadequado;1_3s / 2_2s / R_4s / 4_1s / 8x;;;CQ estatístico isolado pode ser insuficiente — investigar e melhorar o desempenho analítico ou reavaliar o método;15,207288058469896;1,5030242820453592;1,0496971308115348;1,5270797851394886;1,8302969316734017;1,0;1,5942859329046375;3,849889948263323;1,5585867289108772;1,8689695343461505;1,0;1,3066040558401164;3,615512738086405;1,4595360685224479;1,8048980124525593;1,0;1,783226119286528;4,352341343757235
bioquimica;Lactato;2;CAP;2025;8,711886699452664;15,209693753911445;1,192950819672131;1,435825564225042;Desempenho inadequado;15;3;2,700944118205184;2,437494575758777;2,437494575758777;2,4374945757587763;2,8735916465803717;0,7419581727337685;0,8461525638875711;4,028836587629981;1,153613976110837;-2,526105747631646;7,4010948991492;3,6943750253680956;2,9330922622055327;2,437494575758777;1,17647058823529;2,5113185305366854;1,9981180189455188;3,1652547880402366;0,0787118730120243;sim;nao;nao;nao;0;3.270 | 3.885 | 0.158;0,2882634516693683;15;15;-0,039718503537688576;-0,2730532841404957;0,1936162770651185;1,0276604309909758;0,993069651039363;1,0622512109425888;0,9968541307431815;nao;nao;;;;extrapolacao: controle 1.193 fora de 1.51-12.64 (unidade/faixa);1,435825564225042;Desempenho inadequado;1_3s / 2_2s / R_4s / 4_1s / 8x;;;CQ estatístico isolado pode ser insuficiente — investigar e melhorar o desempenho analítico ou reavaliar o método;17,07555717230208;1,4660658039727603;Desempenho inadequado;1_3s / 2_2s / R_4s / 4_1s / 8x;;;CQ estatístico isolado pode ser insuficiente — investigar e melhorar o desempenho analítico ou reavaliar o método;16,812107629855674;1,3217939036405069;Desempenho inadequado;1_3s / 2_2s / R_4s / 4_1s / 8x;;;CQ estatístico isolado pode ser insuficiente — investigar e melhorar o desempenho analítico ou reavaliar o método;18,06898807946499;;;;;;;;1,4660658039727603;Desempenho inadequado;1_3s / 2_2s / R_4s / 4_1s / 8x;;;CQ estatístico isolado pode ser insuficiente — investigar e melhorar o desempenho analítico ou reavaliar o método;16,812107629855674;1,4091782773618033;Desempenho inadequado;1_3s / 2_2s / R_4s / 4_1s / 8x;;;CQ estatístico isolado pode ser insuficiente — investigar e melhorar o desempenho analítico ou reavaliar o método;17,307705316302428;1,2834024995967768;0,8963154738057866;1,306658182978841;1,5620346622157524;1,0;1,6014247560699946;3,8262357088870926;1,3342352538914122;1,5988531871044724;1,0;1,280665938798487;3,585987391594002;1,2435385382667787;1,5404600275723104;1,0;1,7893805286657503;4,376126902128287;15;3;2,700944118205184;2,437494575758777;2,437494575758777;2,4374945757587763;2,8735916465803717;0,7419581727337685;0,8461525638875711;4,028836587629981;1,153613976110837;-2,526105747631646;7,4010948991492;3,6943750253680956;2,9330922622055327;2,437494575758777;1,17647058823529;2,5113185305366854;1,9981180189455188;3,1652547880402366;0,0787118730120243;sim;nao;nao;nao;0;3.270 | 3.885 | 0.158;0,2882634516693683;15;15;-0,039718503537688576;-0,2730532841404957;0,1936162770651185;1,0276604309909758;0,993069651039363;1,0622512109425888;0,9968541307431815;nao;nao;;;;extrapolacao: controle 1.193 fora de 1.51-12.64 (unidade/faixa);1,435825564225042;Desempenho inadequado;1_3s / 2_2s / R_4s / 4_1s / 8x;;;CQ estatístico isolado pode ser insuficiente — investigar e melhorar o desempenho analítico ou reavaliar o método;17,07555717230208;1,4660658039727603;Desempenho inadequado;1_3s / 2_2s / R_4s / 4_1s / 8x;;;CQ estatístico isolado pode ser insuficiente — investigar e melhorar o desempenho analítico ou reavaliar o método;16,812107629855674;1,3217939036405069;Desempenho inadequado;1_3s / 2_2s / R_4s / 4_1s / 8x;;;CQ estatístico isolado pode ser insuficiente — investigar e melhorar o desempenho analítico ou reavaliar o método;18,06898807946499;;;;;;;;1,4660658039727603;Desempenho inadequado;1_3s / 2_2s / R_4s / 4_1s / 8x;;;CQ estatístico isolado pode ser insuficiente — investigar e melhorar o desempenho analítico ou reavaliar o método;16,812107629855674;1,4091782773618033;Desempenho inadequado;1_3s / 2_2s / R_4s / 4_1s / 8x;;;CQ estatístico isolado pode ser insuficiente — investigar e melhorar o desempenho analítico ou reavaliar o método;17,307705316302428;1,2834024995967768;0,8963154738057866;1,3039430145896889;1,5628540970192153;1,0;1,5942859329046375;3,849889948263323;1,330846166370995;1,5958758622222218;1,0;1,3066040558401164;3,615512738086405;1,246268780198477;1,5411664657517241;1,0;1,783226119286528;4,352341343757235
bioquimica;Ácido úrico;1;CAP;2025;10,173912415079784;17,0;4,602439024390246;1,482332565082889;Desempenho inadequado;15;3;1,9188783128261357;-1,1043469089826032;1,1043469089826032;-1,104346908982603;2,166826762859468;0,5594722644447498;-2,304295574022932;0,0956017560577258;0,8694285738041162;-4,845196135383065;2,6365023174178592;2,366793421686932;1,6526930099911323;0,0;-0,9990917347865524;1,8941742645764492;1,5058944633808766;3,160233802007498;0,07897109336770475;nao;nao;sim;nao;0;-2.306 | 0.585 | -1.591;0,1861795332313754;15;15;0,03845261224828178;-0,11123021010267903;0,1881354345992426;0,9838852716047083;0,9610353590706443;1,0067351841387722;0,9984999151865285;nao;nao;-0,7759894785437162;-2,2965510494655743;0,7445720923781418;;1,482332565082889;Desempenho inadequado;1_3s / 2_2s / R_4s / 4_1s / 8x;;;CQ estatístico isolado pode ser insuficiente — investigar e melhorar o desempenho analítico ou reavaliar o método;18,705833797707776;1,562393349038158;Desempenho inadequado;1_3s / 2_2s / R_4s / 4_1s / 8x;;;CQ estatístico isolado pode ser insuficiente — investigar e melhorar o desempenho analítico ou reavaliar o método;17,891302393864244;1,4383067183302771;Desempenho inadequado;1_3s / 2_2s / R_4s / 4_1s / 8x;;;CQ estatístico isolado pode ser insuficiente — investigar e melhorar o desempenho analítico ou reavaliar o método;19,153748906568573;1,5946677993226124;Desempenho inadequado;1_3s / 2_2s / R_4s / 4_1s / 8x;;;CQ estatístico isolado pode ser insuficiente — investigar e melhorar o desempenho analítico ou reavaliar o método;17,56294496342536;1,6709402741469037;Desempenho inadequado;1_3s / 2_2s / R_4s / 4_1s / 8x;;;CQ estatístico isolado pode ser insuficiente — investigar e melhorar o desempenho analítico ou reavaliar o método;16,78695548488164;1,5084960793707123;Desempenho inadequado;1_3s / 2_2s / R_4s / 4_1s / 8x;;;CQ estatístico isolado pode ser insuficiente — investigar e melhorar o desempenho analítico ou reavaliar o método;18,439648494872774;1,4444496695484699;1,1947030177496978;1,4107513323343022;1,5398866677470266;1,0;1,3333279131926892;2,6471395053736964;1,4740923287169296;1,6436755923087638;1,0;0,27738848504625185;2,00271375589296;1,3984257900093284;1,5597137937868206;1,0;1,131608469421076;2,7725384934563375;15;3;1,9188783128261357;-1,1043469089826032;1,1043469089826032;-1,104346908982603;2,166826762859468;0,5594722644447498;-2,304295574022932;0,0956017560577258;0,8694285738041162;-4,845196135383065;2,6365023174178592;2,366793421686932;1,6526930099911323;0,0;-0,9990917347865524;1,8941742645764492;1,5058944633808766;3,160233802007498;0,07897109336770475;nao;nao;sim;nao;0;-2.306 | 0.585 | -1.591;0,1861795332313754;15;15;0,03845261224828178;-0,11123021010267903;0,1881354345992426;0,9838852716047083;0,9610353590706443;1,0067351841387722;0,9984999151865285;nao;nao;-0,7759894785437162;-2,2965510494655743;0,7445720923781418;;1,482332565082889;Desempenho inadequado;1_3s / 2_2s / R_4s / 4_1s / 8x;;;CQ estatístico isolado pode ser insuficiente — investigar e melhorar o desempenho analítico ou reavaliar o método;18,705833797707776;1,562393349038158;Desempenho inadequado;1_3s / 2_2s / R_4s / 4_1s / 8x;;;CQ estatístico isolado pode ser insuficiente — investigar e melhorar o desempenho analítico ou reavaliar o método;17,891302393864244;1,4383067183302771;Desempenho inadequado;1_3s / 2_2s / R_4s / 4_1s / 8x;;;CQ estatístico isolado pode ser insuficiente — investigar e melhorar o desempenho analítico ou reavaliar o método;19,153748906568573;1,5946677993226124;Desempenho inadequado;1_3s / 2_2s / R_4s / 4_1s / 8x;;;CQ estatístico isolado pode ser insuficiente — investigar e melhorar o desempenho analítico ou reavaliar o método;17,56294496342536;1,6709402741469037;Desempenho inadequado;1_3s / 2_2s / R_4s / 4_1s / 8x;;;CQ estatístico isolado pode ser insuficiente — investigar e melhorar o desempenho analítico ou reavaliar o método;16,78695548488164;1,5084960793707123;Desempenho inadequado;1_3s / 2_2s / R_4s / 4_1s / 8x;;;CQ estatístico isolado pode ser insuficiente — investigar e melhorar o desempenho analítico ou reavaliar o método;18,439648494872774;1,4444496695484699;1,1947030177496978;1,4145341946048602;1,541237161114242;1,0;1,3195881119574933;2,60865299595473;1,469701826475186;1,6432293285391995;1,0;0,28192873355182274;2,04738234115867;1,3983582708598918;1,562827344006446;1,0;1,0999314821866555;2,7732254273690478
bioquimica;Ácido úrico;2;CAP;2025;1,6886088236710777;17,0;9,580701754385965;8,931092551315189;Classe mundial;15;3;1,9188783128261357;-1,1043469089826032;1,1043469089826032;-1,104346908982603;2,166826762859468;0,5594722644447498;-2,304295574022932;0,0956017560577258;0,8694285738041162;-4,845196135383065;2,6365023174178592;2,366793421686932;1,6526930099911323;0,0;-0,9990917347865524;1,8941742645764492;1,5058944633808766;3,160233802007498;0,07897109336770475;nao;nao;sim;nao;0;-2.306 | 0.585 | -1.591;1,121736566825742;15;15;0,03845261224828178;-0,11123021010267903;0,1881354345992426;0,9838852716047083;0,9610353590706443;1,0067351841387722;0,9984999151865285;nao;nao;-1,210117978120618;-2,298001307373357;-0,12223464886787894;;8,931092551315189;Classe mundial;1_3s;2;1000;Até 1000 pacientes entre eventos de CQ;4,7050828718834135;9,41346087275551;Classe mundial;1_3s;2;1000;Até 1000 pacientes entre eventos de CQ;3,890551468039881;8,66583567086906;Classe mundial;1_3s;2;1000;Até 1000 pacientes entre eventos de CQ;5,15299798074421;9,3508228788902;Classe mundial;1_3s;2;1000;Até 1000 pacientes entre eventos de CQ;3,996322537177896;10,067458941166478;Classe mundial;1_3s;2;1000;Até 1000 pacientes entre eventos de CQ;2,786204559057278;9,088728410552445;Classe mundial;1_3s;2;1000;Até 1000 pacientes entre eventos de CQ;4,43889756904841;8,702847112943683;7,198116990880154;8,499813748114159;9,277857528155975;1,0;1,3333279131926892;2,6471395053736964;8,88144491126285;9,903188518580858;1,0;0,27738848504625185;2,00271375589296;8,425552032597347;9,397316482144541;1,0;1,131608469421076;2,7725384934563375;15;3;1,9188783128261357;-1,1043469089826032;1,1043469089826032;-1,104346908982603;2,166826762859468;0,5594722644447498;-2,304295574022932;0,0956017560577258;0,8694285738041162;-4,845196135383065;2,6365023174178592;2,366793421686932;1,6526930099911323;0,0;-0,9990917347865524;1,8941742645764492;1,5058944633808766;3,160233802007498;0,07897109336770475;nao;nao;sim;nao;0;-2.306 | 0.585 | -1.591;1,121736566825742;15;15;0,03845261224828178;-0,11123021010267903;0,1881354345992426;0,9838852716047083;0,9610353590706443;1,0067351841387722;0,9984999151865285;nao;nao;-1,210117978120618;-2,298001307373357;-0,12223464886787894;;8,931092551315189;Classe mundial;1_3s;2;1000;Até 1000 pacientes entre eventos de CQ;4,7050828718834135;9,41346087275551;Classe mundial;1_3s;2;1000;Até 1000 pacientes entre eventos de CQ;3,890551468039881;8,66583567086906;Classe mundial;1_3s;2;1000;Até 1000 pacientes entre eventos de CQ;5,15299798074421;9,3508228788902;Classe mundial;1_3s;2;1000;Até 1000 pacientes entre eventos de CQ;3,996322537177896;10,067458941166478;Classe mundial;1_3s;2;1000;Até 1000 pacientes entre eventos de CQ;2,786204559057278;9,088728410552445;Classe mundial;1_3s;2;1000;Até 1000 pacientes entre eventos de CQ;4,43889756904841;8,702847112943683;7,198116990880154;8,522605592429704;9,285994286085097;1,0;1,3195881119574933;2,60865299595473;8,854992020196818;9,90049976767424;1,0;0,28192873355182274;2,04738234115867;8,425145227952552;9,416075703812915;1,0;1,0999314821866555;2,7732254273690478
bioquimica;Albumina;1;CAP;2025;5,374576597009443;10,0;3,8791578947368412;0,9229524023847231;Desempenho inadequado;15;3;5,039521617989425;-1,0916112161005735;1,0916112161005735;-1,0916112161005733;5,587401747071042;1,4426609276650915;-4,185811168935811;2,0025887367346646;3,466344449791012;-16,006087625245765;13,822865193044619;5,5072137036869755;5,022220896805563;0,0;-3,1007751937984525;2,5265341977121385;6,003884703572417;28,23477489491803;2,8980284378561037e-05;nao;nao;sim;sim;0;5.287 | -1.929 | -6.633;0,4700899042201704;15;14;-0,06766047571060341;-0,3095081497121637;0,1741871982909569;1,0162880229773998;0,9294670078129273;1,1031090381418722;0,9800765870933198;nao;nao;-0,11540295367305543;-3,756147445368229;3,5253415380221176;;0,9229524023847231;Desempenho inadequado;1_3s / 2_2s / R_4s / 4_1s / 8x;;;CQ estatístico isolado pode ser insuficiente — investigar e melhorar o desempenho analítico ou reavaliar o método;13,907573003055006;1,6575052235475236;Desempenho inadequado;1_3s / 2_2s / R_4s / 4_1s / 8x;;;CQ estatístico isolado pode ser insuficiente — investigar e melhorar o desempenho analítico ou reavaliar o método;9,959662601166155;0,8359330665810829;Desempenho inadequado;1_3s / 2_2s / R_4s / 4_1s / 8x;;;CQ estatístico isolado pode ser insuficiente — investigar e melhorar o desempenho analítico ou reavaliar o método;14,375265088752556;1,8391396732213283;Desempenho inadequado;1_3s / 2_2s / R_4s / 4_1s / 8x;;;CQ estatístico isolado pode ser insuficiente — investigar e melhorar o desempenho analítico ou reavaliar o método;8,983454338738635;1,8606116815907443;Desempenho inadequado;1_3s / 2_2s / R_4s / 4_1s / 8x;;;CQ estatístico isolado pode ser insuficiente — investigar e melhorar o desempenho analítico ou reavaliar o método;8,86805138506558;0,9261713947781869;Desempenho inadequado;1_3s / 2_2s / R_4s / 4_1s / 8x;;;CQ estatístico isolado pode ser insuficiente — investigar e melhorar o desempenho analítico ou reavaliar o método;13,890272281871145;1,0817947658052465;-1,1174996796189884;0,7785770451579795;1,0890958314296073;1,0;4,14657103249789;5,815478034125158;1,4639943449824362;1,8420372874373296;1,0;0,09982950412057168;2,1316502553032284;0,7397505443093642;1,0914129960496448;1,0;4,1341172537596185;6,024154036929894;15;3;5,039521617989425;-1,0916112161005735;1,0916112161005735;-1,0916112161005733;5,587401747071042;1,4426609276650915;-4,185811168935811;2,0025887367346646;3,466344449791012;-16,006087625245765;13,822865193044619;5,5072137036869755;5,022220896805563;0,0;-3,1007751937984525;2,5265341977121385;6,003884703572417;28,23477489491803;2,8980284378561037e-05;nao;nao;sim;sim;0;5.287 | -1.929 | -6.633;0,4700899042201704;15;14;-0,06766047571060341;-0,3095081497121637;0,1741871982909569;1,0162880229773998;0,9294670078129273;1,1031090381418722;0,9800765870933198;nao;nao;-0,11540295367305543;-3,756147445368229;3,5253415380221176;;0,9229524023847231;Desempenho inadequado;1_3s / 2_2s / R_4s / 4_1s / 8x;;;CQ estatístico isolado pode ser insuficiente — investigar e melhorar o desempenho analítico ou reavaliar o método;13,907573003055006;1,6575052235475236;Desempenho inadequado;1_3s / 2_2s / R_4s / 4_1s / 8x;;;CQ estatístico isolado pode ser insuficiente — investigar e melhorar o desempenho analítico ou reavaliar o método;9,959662601166155;0,8359330665810829;Desempenho inadequado;1_3s / 2_2s / R_4s / 4_1s / 8x;;;CQ estatístico isolado pode ser insuficiente — investigar e melhorar o desempenho analítico ou reavaliar o método;14,375265088752556;1,8391396732213283;Desempenho inadequado;1_3s / 2_2s / R_4s / 4_1s / 8x;;;CQ estatístico isolado pode ser insuficiente — investigar e melhorar o desempenho analítico ou reavaliar o método;8,983454338738635;1,8606116815907443;Desempenho inadequado;1_3s / 2_2s / R_4s / 4_1s / 8x;;;CQ estatístico isolado pode ser insuficiente — investigar e melhorar o desempenho analítico ou reavaliar o método;8,86805138506558;0,9261713947781869;Desempenho inadequado;1_3s / 2_2s / R_4s / 4_1s / 8x;;;CQ estatístico isolado pode ser insuficiente — investigar e melhorar o desempenho analítico ou reavaliar o método;13,890272281871145;1,0817947658052465;-1,1174996796189884;0,7679533162761759;1,0782810562573226;1,0;4,204695870040771;5,872576078746273;1,448666243272998;1,8383289741496076;1,0;0,1197601179311408;2,2140323120273564;0,7319768626146894;1,0848889461778755;1,0;4,169181259518154;6,065934284638693
bioquimica;Albumina;2;CAP;2025;3,231455088196176;10,0;2,4603418803418795;1,5350602891341911;Desempenho inadequado;15;3;5,039521617989425;-1,0916112161005735;1,0916112161005735;-1,0916112161005733;5,587401747071042;1,4426609276650915;-4,185811168935811;2,0025887367346646;3,466344449791012;-16,006087625245765;13,822865193044619;5,5072137036869755;5,022220896805563;0,0;-3,1007751937984525;2,5265341977121385;6,003884703572417;28,23477489491803;2,8980284378561037e-05;nao;nao;sim;sim;0;5.287 | -1.929 | -6.633;0,7818565100722071;15;14;-0,06766047571060341;-0,3095081497121637;0,1741871982909569;1,0162880229773998;0,9294670078129273;1,1031090381418722;0,9800765870933198;nao;nao;-1,1212413547788098;-4,694895102420498;2,4524123928628785;;1,5350602891341911;Desempenho inadequado;1_3s / 2_2s / R_4s / 4_1s / 8x;;;CQ estatístico isolado pode ser insuficiente — investigar e melhorar o desempenho analítico ou reavaliar o método;10,371422513513114;2,756773199924669;Desempenho inadequado;1_3s / 2_2s / R_4s / 4_1s / 8x;;;CQ estatístico isolado pode ser insuficiente — investigar e melhorar o desempenho analítico ou reavaliar o método;6,423512111624263;1,3903291779372782;Desempenho inadequado;1_3s / 2_2s / R_4s / 4_1s / 8x;;;CQ estatístico isolado pode ser insuficiente — investigar e melhorar o desempenho analítico ou reavaliar o método;10,839114599210665;2,7476039130648675;Desempenho inadequado;1_3s / 2_2s / R_4s / 4_1s / 8x;;;CQ estatístico isolado pode ser insuficiente — investigar e melhorar o desempenho analítico ou reavaliar o método;6,4531422503025;3,0945811490705504;Marginal;1_3s / 2_2s / R_4s / 4_1s / 8x;6;45;Até 45 pacientes entre eventos de CQ;5,33190089552369;1,5404141376982816;Desempenho inadequado;1_3s / 2_2s / R_4s / 4_1s / 8x;;;CQ estatístico isolado pode ser insuficiente — investigar e melhorar o desempenho analítico ou reavaliar o método;10,354121792329252;1,7992479153747778;-1,8586325544751454;1,2949342793467924;1,8113910940255522;1,0;4,14657103249789;5,815478034125158;2,4349246794232706;3,063688098913292;0,918;0,09982950412057168;2,1316502553032284;1,2303577968925;1,8152450169173675;1,0;4,1341172537596185;6,024154036929894;15;3;5,039521617989425;-1,0916112161005735;1,0916112161005735;-1,0916112161005733;5,587401747071042;1,4426609276650915;-4,185811168935811;2,0025887367346646;3,466344449791012;-16,006087625245765;13,822865193044619;5,5072137036869755;5,022220896805563;0,0;-3,1007751937984525;2,5265341977121385;6,003884703572417;28,23477489491803;2,8980284378561037e-05;nao;nao;sim;sim;0;5.287 | -1.929 | -6.633;0,7818565100722071;15;14;-0,06766047571060341;-0,3095081497121637;0,1741871982909569;1,0162880229773998;0,9294670078129273;1,1031090381418722;0,9800765870933198;nao;nao;-1,1212413547788098;-4,694895102420498;2,4524123928628785;;1,5350602891341911;Desempenho inadequado;1_3s / 2_2s / R_4s / 4_1s / 8x;;;CQ estatístico isolado pode ser insuficiente — investigar e melhorar o desempenho analítico ou reavaliar o método;10,371422513513114;2,756773199924669;Desempenho inadequado;1_3s / 2_2s / R_4s / 4_1s / 8x;;;CQ estatístico isolado pode ser insuficiente — investigar e melhorar o desempenho analítico ou reavaliar o método;6,423512111624263;1,3903291779372782;Desempenho inadequado;1_3s / 2_2s / R_4s / 4_1s / 8x;;;CQ estatístico isolado pode ser insuficiente — investigar e melhorar o desempenho analítico ou reavaliar o método;10,839114599210665;2,7476039130648675;Desempenho inadequado;1_3s / 2_2s / R_4s / 4_1s / 8x;;;CQ estatístico isolado pode ser insuficiente — investigar e melhorar o desempenho analítico ou reavaliar o método;6,4531422503025;3,0945811490705504;Marginal;1_3s / 2_2s / R_4s / 4_1s / 8x;6;45;Até 45 pacientes entre eventos de CQ;5,33190089552369;1,5404141376982816;Desempenho inadequado;1_3s / 2_2s / R_4s / 4_1s / 8x;;;CQ estatístico isolado pode ser insuficiente — investigar e melhorar o desempenho analítico ou reavaliar o método;10,354121792329252;1,7992479153747778;-1,8586325544751454;1,2772648260934634;1,7934038913702537;1,0;4,204695870040771;5,872576078746273;2,409430883447256;3,057520408734533;0,922;0,1197601179311408;2,2140323120273564;1,2174285601961847;1,8043941757942412;1,0;4,169181259518154;6,065934284638693
bioquimica;Bilirrubina direta;1;CAP;2025;26,317936916735874;39,91509557613611;0,3154;0,34744981556168997;Desempenho inadequado;15;3;30,77093324845204;-30,77093324845204;30,77093324845204;-30,77093324845204;30,939718760858373;7,988601033143043;-47,90477839942365;-13,637088097480426;7,146124635115443;-61,51822591686138;-0,023640580042698645;42,898703750987266;32,388030622158844;30,77093324845204;-18,3673469387755;31,450641009625496;12,377450945239552;0,7744144162860602;0,4826996001439253;sim;sim;nao;nao;2;-44.857 | -21.633 | -25.822;1,1950268407865086;15;15;-0,021280086867346282;-0,060866322814756686;0,018306149080064123;0,8475598721119624;0,7602745661033696;0,9348451781205551;0,9713063787253728;sim;nao;-21,991028282572405;-29,61900827331943;-14,363048291825379;;0,34744981556168997;Desempenho inadequado;1_3s / 2_2s / R_4s / 4_1s / 8x;;;CQ estatístico isolado pode ser insuficiente — investigar e melhorar o desempenho analítico ou reavaliar o método;74,19552916106622;0,34744981556168997;Desempenho inadequado;1_3s / 2_2s / R_4s / 4_1s / 8x;;;CQ estatístico isolado pode ser insuficiente — investigar e melhorar o desempenho analítico ou reavaliar o método;74,19552916106622;-0,1133678595055012;Desempenho inadequado;1_3s / 2_2s / R_4s / 4_1s / 8x;;;CQ estatístico isolado pode ser insuficiente — investigar e melhorar o desempenho analítico ou reavaliar o método;86,32329966360146;0,6810589808111284;Desempenho inadequado;1_3s / 2_2s / R_4s / 4_1s / 8x;;;CQ estatístico isolado pode ser insuficiente — investigar e melhorar o desempenho analítico ou reavaliar o método;65,4156241951866;0,34744981556168997;Desempenho inadequado;1_3s / 2_2s / R_4s / 4_1s / 8x;;;CQ estatístico isolado pode ser insuficiente — investigar e melhorar o desempenho analítico ou reavaliar o método;74,19552916106622;0,2860051294214753;Desempenho inadequado;1_3s / 2_2s / R_4s / 4_1s / 8x;;;CQ estatístico isolado pode ser insuficiente — investigar e melhorar o desempenho analítico ou reavaliar o método;75,81262653477303;-0,3035831740369743;-0,8208519690989758;-0,23031436472560698;0,8243186003008863;1,0;18,22073065412536;45,97649449800273;-0,23031436472560698;0,8243186003008863;1,0;18,22073065412536;45,97649449800273;-0,40262296933644465;0,7379181683016833;1,0;20,494611773059123;50,51130148436154;13;3;19,99420975515574;-19,99420975515574;19,99420975515574;-20,12030759436774;13,969411949950072;3,874417774894183;-28,561938749797942;-11,67867643893754;6,917346393677233;-49,75714909853369;9,768729588222204;24,185949119787793;22,25910568718797;19,99420975515574;-15,66265060240964;10,912656834417612;11,981195407402312;4,832104888918388;0,034010851638694536;sim;nao;nao;sim;0;-31.071 | -21.633 | -7.278;0,4146471233266818;13;13;-0,014914765136535946;-0,06746184433676305;0,037632314063691163;0,8368513867364932;0,7289291380586356;0,9447736354143508;0,9636097585509916;sim;nao;-21,043702523730502;-30,475439999348765;-11,61196504811224;;0,756931893408121;Desempenho inadequado;1_3s / 2_2s / R_4s / 4_1s / 8x;;;CQ estatístico isolado pode ser insuficiente — investigar e melhorar o desempenho analítico ou reavaliar o método;63,41880566776993;0,756931893408121;Desempenho inadequado;1_3s / 2_2s / R_4s / 4_1s / 8x;;;CQ estatístico isolado pode ser insuficiente — investigar e melhorar o desempenho analítico ou reavaliar o método;63,41880566776993;0,5976587946886511;Desempenho inadequado;1_3s / 2_2s / R_4s / 4_1s / 8x;;;CQ estatístico isolado pode ser insuficiente — investigar e melhorar o desempenho analítico ou reavaliar o método;67,61054503240197;0,7170544223170121;Desempenho inadequado;1_3s / 2_2s / R_4s / 4_1s / 8x;;;CQ estatístico isolado pode ser insuficiente — investigar e melhorar o desempenho analítico ou reavaliar o método;64,4682984363447;0,756931893408121;Desempenho inadequado;1_3s / 2_2s / R_4s / 4_1s / 8x;;;CQ estatístico isolado pode ser insuficiente — investigar e melhorar o desempenho analítico ou reavaliar o método;63,41880566776993;0,6708728706512135;Desempenho inadequado;1_3s / 2_2s / R_4s / 4_1s / 8x;;;CQ estatístico isolado pode ser insuficiente — investigar e melhorar o desempenho analítico ou reavaliar o método;65,68370159980216;0,43138475718127306;-0,37396751704115927;0,5636615090348231;0,9327860682357418;1,0;15,36609067549777;25,08068753896548;0,5636615090348231;0,9327860682357418;1,0;15,36609067549777;25,08068753896548;0,4614352146089914;0,8598665618124586;1,0;17,285181645545244;27,771072706896195
bioquimica;Bilirrubina direta;2;CAP;2025;6,646486776300299;39,91509557613611;1,1601403508771928;1,375788839344397;Desempenho inadequado;15;3;30,77093324845204;-30,77093324845204;30,77093324845204;-30,77093324845204;30,939718760858373;7,988601033143043;-47,90477839942365;-13,637088097480426;7,146124635115443;-61,51822591686138;-0,023640580042698645;42,898703750987266;32,388030622158844;30,77093324845204;-18,3673469387755;31,450641009625496;12,377450945239552;0,7744144162860602;0,4826996001439253;sim;sim;nao;nao;2;-44.857 | -21.633 | -25.822;4,731919594238955;15;15;-0,021280086867346282;-0,060866322814756686;0,018306149080064123;0,8475598721119624;0,7602745661033696;0,9348451781205551;0,9713063787253728;sim;nao;-17,07828110394824;-23,411494557852038;-10,74506765004444;;1,375788839344397;Desempenho inadequado;1_3s / 2_2s / R_4s / 4_1s / 8x;;;CQ estatístico isolado pode ser insuficiente — investigar e melhorar o desempenho analítico ou reavaliar o método;41,73763642934753;1,375788839344397;Desempenho inadequado;1_3s / 2_2s / R_4s / 4_1s / 8x;;;CQ estatístico isolado pode ser insuficiente — investigar e melhorar o desempenho analítico ou reavaliar o método;41,73763642934753;-0,4489000392643453;Desempenho inadequado;1_3s / 2_2s / R_4s / 4_1s / 8x;;;CQ estatístico isolado pode ser insuficiente — investigar e melhorar o desempenho analítico ou reavaliar o método;53,86540693188276;3,435922652192465;Marginal;1_3s / 2_2s / R_4s / 4_1s / 8x;6;45;Até 45 pacientes entre eventos de CQ;28,044984284843732;1,375788839344397;Desempenho inadequado;1_3s / 2_2s / R_4s / 4_1s / 8x;;;CQ estatístico isolado pode ser insuficiente — investigar e melhorar o desempenho analítico ou reavaliar o método;41,73763642934753;1,132487764937243;Desempenho inadequado;1_3s / 2_2s / R_4s / 4_1s / 8x;;;CQ estatístico isolado pode ser insuficiente — investigar e melhorar o desempenho analítico ou reavaliar o método;43,35473380305434;-1,2020911335860531;-3,2503081805197604;-0,9119703575549187;3,2640349183221717;0,94;18,22073065412536;45,97649449800273;-0,9119703575549187;3,2640349183221717;0,94;18,22073065412536;45,97649449800273;-1,5942566749713305;2,9219171656709753;0,9825;20,494611773059123;50,51130148436154;13;3;19,99420975515574;-19,99420975515574;19,99420975515574;-20,12030759436774;13,969411949950072;3,874417774894183;-28,561938749797942;-11,67867643893754;6,917346393677233;-49,75714909853369;9,768729588222204;24,185949119787793;22,25910568718797;19,99420975515574;-15,66265060240964;10,912656834417612;11,981195407402312;4,832104888918388;0,034010851638694536;sim;nao;nao;sim;0;-31.071 | -21.633 | -7.278;1,641868433911492;13;13;-0,014914765136535946;-0,06746184433676305;0,037632314063691163;0,8368513867364932;0,7289291380586356;0,9447736354143508;0,9636097585509916;sim;nao;-17,6004613940717;-24,95204228038108;-10,248880507762323;;2,997205364496209;Desempenho inadequado;1_3s / 2_2s / R_4s / 4_1s / 8x;;;CQ estatístico isolado pode ser insuficiente — investigar e melhorar o desempenho analítico ou reavaliar o método;30,960912936051233;2,997205364496209;Desempenho inadequado;1_3s / 2_2s / R_4s / 4_1s / 8x;;;CQ estatístico isolado pode ser insuficiente — investigar e melhorar o desempenho analítico ou reavaliar o método;30,960912936051233;2,366535432288002;Desempenho inadequado;1_3s / 2_2s / R_4s / 4_1s / 8x;;;CQ estatístico isolado pode ser insuficiente — investigar e melhorar o desempenho analítico ou reavaliar o método;35,152652300683286;3,3573577941406256;Marginal;1_3s / 2_2s / R_4s / 4_1s / 8x;6;45;Até 45 pacientes entre eventos de CQ;28,567164574967194;2,997205364496209;Desempenho inadequado;1_3s / 2_2s / R_4s / 4_1s / 8x;;;CQ estatístico isolado pode ser insuficiente — investigar e melhorar o desempenho analítico ou reavaliar o método;30,960912936051233;2,656439481968875;Desempenho inadequado;1_3s / 2_2s / R_4s / 4_1s / 8x;;;CQ estatístico isolado pode ser insuficiente — investigar e melhorar o desempenho analítico ou reavaliar o método;33,22580886808346;1,7081440478931924;-1,4807903564168465;2,2319171821820807;3,693530992670281;0,51;15,36609067549777;25,08068753896548;2,2319171821820807;3,693530992670281;0,51;15,36609067549777;25,08068753896548;1,8271341353664388;3,404793343046049;0,8215;17,285181645545244;27,771072706896195
bioquimica;Bilirrubina total;1;CAP;2025;24,649376361167324;20,0;1,2177686567164183;0,3723292276596182;Desempenho inadequado;15;3;10,82231673715532;-8,078742394072107;8,078742394072107;-8,078742394072103;12,196525360567358;3,1491293068715858;-14,832953009982102;-1,3245317781621049;7,074858045391928;-38,51939967566763;22,36191488752342;14,286507416067199;12,859755495135655;8,078742394072107;-7,372400756143661;6,9579974449075035;12,254013590956257;15,508085610787054;0,0004712994831114044;sim;nao;sim;sim;0;-20.392 | -7.960 | 4.115;0,2822788432030737;15;15;0,01779089263184752;-0,15855989464790807;0,1941416799116031;0,9162753963180985;0,8511659515022525;0,9813848411339445;0,9861305901529631;sim;nao;-6,91151846155423;-16,98561495484998;3,162578031741516;;0,3723292276596182;Desempenho inadequado;1_3s / 2_2s / R_4s / 4_1s / 8x;;;CQ estatístico isolado pode ser insuficiente — investigar e melhorar o desempenho analítico ou reavaliar o método;51,4937877330814;0,4836332340119025;Desempenho inadequado;1_3s / 2_2s / R_4s / 4_1s / 8x;;;CQ estatístico isolado pode ser insuficiente — investigar e melhorar o desempenho analítico ou reavaliar o método;48,75021338999819;0,23179055324636322;Desempenho inadequado;1_3s / 2_2s / R_4s / 4_1s / 8x;;;CQ estatístico isolado pode ser insuficiente — investigar e melhorar o desempenho analítico ou reavaliar o método;54,95797841199328;0,5309863157051465;Desempenho inadequado;1_3s / 2_2s / R_4s / 4_1s / 8x;;;CQ estatístico isolado pode ser insuficiente — investigar e melhorar o desempenho analítico ou reavaliar o método;47,58298945748031;0,4836332340119025;Desempenho inadequado;1_3s / 2_2s / R_4s / 4_1s / 8x;;;CQ estatístico isolado pode ser insuficiente — investigar e melhorar o desempenho analítico ou reavaliar o método;48,75021338999819;0,2896724201149811;Desempenho inadequado;1_3s / 2_2s / R_4s / 4_1s / 8x;;;CQ estatístico isolado pode ser insuficiente — investigar e melhorar o desempenho analítico ou reavaliar o método;53,53122649106173;0,2096218141306842;-0,7513131125233306;0,23944930325842295;0,48675020875304703;1,0;8,001910910569379;14,097724004563837;0,343582441542066;0,60053042198604;1,0;5,197299612135466;11,530907087340836;0,08628549425178195;0,4311023867891744;1,0;9,373595017836113;17,873116377678485;15;3;10,82231673715532;-8,078742394072107;8,078742394072107;-8,078742394072103;12,196525360567358;3,1491293068715858;-14,832953009982102;-1,3245317781621049;7,074858045391928;-38,51939967566763;22,36191488752342;14,286507416067199;12,859755495135655;8,078742394072107;-7,372400756143661;6,9579974449075035;12,254013590956257;15,508085610787054;0,0004712994831114044;sim;nao;sim;sim;0;-20.392 | -7.960 | 4.115;0,2822788432030737;15;15;0,01779089263184752;-0,15855989464790807;0,1941416799116031;0,9162753963180985;0,8511659515022525;0,9813848411339445;0,9861305901529631;sim;nao;-6,91151846155423;-16,98561495484998;3,162578031741516;;0,3723292276596182;Desempenho inadequado;1_3s / 2_2s / R_4s / 4_1s / 8x;;;CQ estatístico isolado pode ser insuficiente — investigar e melhorar o desempenho analítico ou reavaliar o método;51,4937877330814;0,4836332340119025;Desempenho inadequado;1_3s / 2_2s / R_4s / 4_1s / 8x;;;CQ estatístico isolado pode ser insuficiente — investigar e melhorar o desempenho analítico ou reavaliar o método;48,75021338999819;0,23179055324636322;Desempenho inadequado;1_3s / 2_2s / R_4s / 4_1s / 8x;;;CQ estatístico isolado pode ser insuficiente — investigar e melhorar o desempenho analítico ou reavaliar o método;54,95797841199328;0,5309863157051465;Desempenho inadequado;1_3s / 2_2s / R_4s / 4_1s / 8x;;;CQ estatístico isolado pode ser insuficiente — investigar e melhorar o desempenho analítico ou reavaliar o método;47,58298945748031;0,4836332340119025;Desempenho inadequado;1_3s / 2_2s / R_4s / 4_1s / 8x;;;CQ estatístico isolado pode ser insuficiente — investigar e melhorar o desempenho analítico ou reavaliar o método;48,75021338999819;0,2896724201149811;Desempenho inadequado;1_3s / 2_2s / R_4s / 4_1s / 8x;;;CQ estatístico isolado pode ser insuficiente — investigar e melhorar o desempenho analítico ou reavaliar o método;53,53122649106173;0,2096218141306842;-0,7513131125233306;0,2344485650977872;0,4854731468178536;1,0;8,033389690846485;14,220989081569005;0,3429441579854992;0,5968471062075277;1,0;5,2880910490170425;11,5466403789518;0,08241177658477937;0,42885773880771133;1,0;9,428924190729528;17,968601102369334
bioquimica;Bilirrubina total;2;CAP;2025;3,0266788720910536;20,0;4,636874015748034;3,032261977797485;Marginal;15;3;10,82231673715532;-8,078742394072107;8,078742394072107;-8,078742394072103;12,196525360567358;3,1491293068715858;-14,832953009982102;-1,3245317781621049;7,074858045391928;-38,51939967566763;22,36191488752342;14,286507416067199;12,859755495135655;8,078742394072107;-7,372400756143661;6,9579974449075035;12,254013590956257;15,508085610787054;0,0004712994831114044;sim;nao;sim;sim;0;-20.392 | -7.960 | 4.115;2,2988885636553853;15;15;0,01779089263184752;-0,15855989464790807;0,1941416799116031;0,9162753963180985;0,8511659515022525;0,9813848411339445;0,9861305901529631;sim;nao;-7,988777469508297;-12,148174302836033;-3,8293806361805602;;3,032261977797485;Marginal;1_3s / 2_2s / R_4s / 4_1s / 8x;6;45;Até 45 pacientes entre eventos de CQ;15,81633687610556;3,93872561633597;Marginal;1_3s / 2_2s / R_4s / 4_1s / 8x;6;45;Até 45 pacientes entre eventos de CQ;13,072762533022345;1,8877102016394287;Desempenho inadequado;1_3s / 2_2s / R_4s / 4_1s / 8x;;;CQ estatístico isolado pode ser insuficiente — investigar e melhorar o desempenho analítico ou reavaliar o método;19,280527555017436;3,968449590489084;Marginal;1_3s / 2_2s / R_4s / 4_1s / 8x;6;45;Até 45 pacientes entre eventos de CQ;12,982797608458535;3,93872561633597;Marginal;1_3s / 2_2s / R_4s / 4_1s / 8x;6;45;Até 45 pacientes entre eventos de CQ;13,072762533022345;2,3591021071658442;Desempenho inadequado;1_3s / 2_2s / R_4s / 4_1s / 8x;;;CQ estatístico isolado pode ser insuficiente — investigar e melhorar o desempenho analítico ou reavaliar o método;17,853775634085892;1,7071672312722492;-6,118719711706005;1,9500833239564748;3,9641103653462415;0,529;8,001910910569379;14,097724004563837;2,798147167429123;4,8907403175011215;0,464;5,197299612135466;11,530907087340836;0,7027120194129167;3,5109125980128777;0,811;9,373595017836113;17,873116377678485;15;3;10,82231673715532;-8,078742394072107;8,078742394072107;-8,078742394072103;12,196525360567358;3,1491293068715858;-14,832953009982102;-1,3245317781621049;7,074858045391928;-38,51939967566763;22,36191488752342;14,286507416067199;12,859755495135655;8,078742394072107;-7,372400756143661;6,9579974449075035;12,254013590956257;15,508085610787054;0,0004712994831114044;sim;nao;sim;sim;0;-20.392 | -7.960 | 4.115;2,2988885636553853;15;15;0,01779089263184752;-0,15855989464790807;0,1941416799116031;0,9162753963180985;0,8511659515022525;0,9813848411339445;0,9861305901529631;sim;nao;-7,988777469508297;-12,148174302836033;-3,8293806361805602;;3,032261977797485;Marginal;1_3s / 2_2s / R_4s / 4_1s / 8x;6;45;Até 45 pacientes entre eventos de CQ;15,81633687610556;3,93872561633597;Marginal;1_3s / 2_2s / R_4s / 4_1s / 8x;6;45;Até 45 pacientes entre eventos de CQ;13,072762533022345;1,8877102016394287;Desempenho inadequado;1_3s / 2_2s / R_4s / 4_1s / 8x;;;CQ estatístico isolado pode ser insuficiente — investigar e melhorar o desempenho analítico ou reavaliar o método;19,280527555017436;3,968449590489084;Marginal;1_3s / 2_2s / R_4s / 4_1s / 8x;6;45;Até 45 pacientes entre eventos de CQ;12,982797608458535;3,93872561633597;Marginal;1_3s / 2_2s / R_4s / 4_1s / 8x;6;45;Até 45 pacientes entre eventos de CQ;13,072762533022345;2,3591021071658442;Desempenho inadequado;1_3s / 2_2s / R_4s / 4_1s / 8x;;;CQ estatístico isolado pode ser insuficiente — investigar e melhorar o desempenho analítico ou reavaliar o método;17,853775634085892;1,7071672312722492;-6,118719711706005;1,9093571411619317;3,9537099292222218;0,5275;8,033389690846485;14,220989081569005;2,7929489642910124;4,860743267692248;0,482;5,2880910490170425;11,5466403789518;0,671164330105236;3,4926321080000107;0,805;9,428924190729528;17,968601102369334
bioquimica;Cálcio;1;CAP;2025;15,056350553078946;10,0;8,587625899280576;0,5433078479940109;Desempenho inadequado;15;3;1,8197665823632416;1,7052985184040572;1,7052985184040572;1,7052985184040568;1,7862584900621112;0,46120995893547756;0,7161015381441275;2,694495498663986;0,8208557669278768;-1,8265587878987597;5,237155824706874;2,4261178462656714;2,062923027422152;1,7052985184040572;1,294903926482861;1,4275837921555616;1,421763894004999;4,959315627874954;0,026928173302525192;sim;nao;nao;sim;1;3.341 | 1.005 | 0.770;0,09481605699354735;15;15;0,17873892572150218;-0,1715925708730623;0,5290704223160667;0,9968403290704329;0,960421042964013;1,0332596151768527;0,9962958582412619;nao;nao;1,765387262924989;0,8181901090755724;2,7125844167744053;;0,5433078479940109;Desempenho inadequado;1_3s / 2_2s / R_4s / 4_1s / 8x;;;CQ estatístico isolado pode ser insuficiente — investigar e melhorar o desempenho analítico ou reavaliar o método;26,662744994943502;0,5509104913806433;Desempenho inadequado;1_3s / 2_2s / R_4s / 4_1s / 8x;;;CQ estatístico isolado pode ser insuficiente — investigar e melhorar o desempenho analítico ou reavaliar o método;26,548276930984315;0,5030357208430902;Desempenho inadequado;1_3s / 2_2s / R_4s / 4_1s / 8x;;;CQ estatístico isolado pode ser insuficiente — investigar e melhorar o desempenho analítico ou reavaliar o método;27,26909625884593;0,5469195677960006;Desempenho inadequado;1_3s / 2_2s / R_4s / 4_1s / 8x;;;CQ estatístico isolado pode ser insuficiente — investigar e melhorar o desempenho analítico ou reavaliar o método;26,608365675505247;0,5509104913806433;Desempenho inadequado;1_3s / 2_2s / R_4s / 4_1s / 8x;;;CQ estatístico isolado pode ser insuficiente — investigar e melhorar o desempenho analítico ou reavaliar o método;26,548276930984315;0,5271580881832455;Desempenho inadequado;1_3s / 2_2s / R_4s / 4_1s / 8x;;;CQ estatístico isolado pode ser insuficiente — investigar e melhorar o desempenho analítico ou reavaliar o método;26,90590144000241;0,48521084014227306;0,31633456982171215;0,4992880195917487;0,5784034614406792;1,0;1,2913547234348521;2,482544550074083;0,5030699912158587;0,5913028010128651;1,0;1,0971377449328192;2,425601859519684;0,45935227184854976;0,5752988548525612;1,0;1,3380987685549564;3,0838311676950174;15;3;1,8197665823632416;1,7052985184040572;1,7052985184040572;1,7052985184040568;1,7862584900621112;0,46120995893547756;0,7161015381441275;2,694495498663986;0,8208557669278768;-1,8265587878987597;5,237155824706874;2,4261178462656714;2,062923027422152;1,7052985184040572;1,294903926482861;1,4275837921555616;1,421763894004999;4,959315627874954;0,026928173302525192;sim;nao;nao;sim;1;3.341 | 1.005 | 0.770;0,09481605699354735;15;15;0,17873892572150218;-0,1715925708730623;0,5290704223160667;0,9968403290704329;0,960421042964013;1,0332596151768527;0,9962958582412619;nao;nao;1,765387262924989;0,8181901090755724;2,7125844167744053;;0,5433078479940109;Desempenho inadequado;1_3s / 2_2s / R_4s / 4_1s / 8x;;;CQ estatístico isolado pode ser insuficiente — investigar e melhorar o desempenho analítico ou reavaliar o método;26,662744994943502;0,5509104913806433;Desempenho inadequado;1_3s / 2_2s / R_4s / 4_1s / 8x;;;CQ estatístico isolado pode ser insuficiente — investigar e melhorar o desempenho analítico ou reavaliar o método;26,548276930984315;0,5030357208430902;Desempenho inadequado;1_3s / 2_2s / R_4s / 4_1s / 8x;;;CQ estatístico isolado pode ser insuficiente — investigar e melhorar o desempenho analítico ou reavaliar o método;27,26909625884593;0,5469195677960006;Desempenho inadequado;1_3s / 2_2s / R_4s / 4_1s / 8x;;;CQ estatístico isolado pode ser insuficiente — investigar e melhorar o desempenho analítico ou reavaliar o método;26,608365675505247;0,5509104913806433;Desempenho inadequado;1_3s / 2_2s / R_4s / 4_1s / 8x;;;CQ estatístico isolado pode ser insuficiente — investigar e melhorar o desempenho analítico ou reavaliar o método;26,548276930984315;0,5271580881832455;Desempenho inadequado;1_3s / 2_2s / R_4s / 4_1s / 8x;;;CQ estatístico isolado pode ser insuficiente — investigar e melhorar o desempenho analítico ou reavaliar o método;26,90590144000241;0,48521084014227306;0,31633456982171215;0,498881056834366;0,577750066837422;1,0;1,301192461630984;2,4886719240112836;0,5047382642407213;0,588999719366972;1,0;1,1318137495457454;2,400483756039108;0,4578472956409412;0,5737621896730167;1,0;1,3612353381808853;3,1064906170508158
bioquimica;Cálcio;2;CAP;2025;12,042628821091537;10,0;11,81908396946565;0,6792730672982169;Desempenho inadequado;15;3;1,8197665823632416;1,7052985184040572;1,7052985184040572;1,7052985184040568;1,7862584900621112;0,46120995893547756;0,7161015381441275;2,694495498663986;0,8208557669278768;-1,8265587878987597;5,237155824706874;2,4261178462656714;2,062923027422152;1,7052985184040572;1,294903926482861;1,4275837921555616;1,421763894004999;4,959315627874954;0,026928173302525192;sim;nao;nao;sim;1;3.341 | 1.005 | 0.770;0,11854419939069137;15;15;0,17873892572150218;-0,1715925708730623;0,5290704223160667;0,9968403290704329;0,960421042964013;1,0332596151768527;0,9962958582412619;nao;nao;1,1963237595600262;0,21032276913073655;2,182324749989316;;0,6792730672982169;Desempenho inadequado;1_3s / 2_2s / R_4s / 4_1s / 8x;;;CQ estatístico isolado pode ser insuficiente — investigar e melhorar o desempenho analítico ou reavaliar o método;21,690104137164276;0,688778306200765;Desempenho inadequado;1_3s / 2_2s / R_4s / 4_1s / 8x;;;CQ estatístico isolado pode ser insuficiente — investigar e melhorar o desempenho analítico ou reavaliar o método;21,57563607320509;0,628922660181088;Desempenho inadequado;1_3s / 2_2s / R_4s / 4_1s / 8x;;;CQ estatístico isolado pode ser insuficiente — investigar e melhorar o desempenho analítico ou reavaliar o método;22,296455401066705;0,7310427292271234;Desempenho inadequado;1_3s / 2_2s / R_4s / 4_1s / 8x;;;CQ estatístico isolado pode ser insuficiente — investigar e melhorar o desempenho analítico ou reavaliar o método;21,06666131436106;0,688778306200765;Desempenho inadequado;1_3s / 2_2s / R_4s / 4_1s / 8x;;;CQ estatístico isolado pode ser insuficiente — investigar e melhorar o desempenho analítico ou reavaliar o método;21,57563607320509;0,6590817578531359;Desempenho inadequado;1_3s / 2_2s / R_4s / 4_1s / 8x;;;CQ estatístico isolado pode ser insuficiente — investigar e melhorar o desempenho analítico ou reavaliar o método;21,933260582223184;0,6066370233500104;0,39549871095847866;0,6242370799272496;0,723151515000842;1,0;1,2913547234348521;2,482544550074083;0,6289655068679412;0,7392789720027451;1,0;1,0971377449328192;2,425601859519684;0,5743072326693289;0,7192699667264123;1,0;1,3380987685549564;3,0838311676950174;15;3;1,8197665823632416;1,7052985184040572;1,7052985184040572;1,7052985184040568;1,7862584900621112;0,46120995893547756;0,7161015381441275;2,694495498663986;0,8208557669278768;-1,8265587878987597;5,237155824706874;2,4261178462656714;2,062923027422152;1,7052985184040572;1,294903926482861;1,4275837921555616;1,421763894004999;4,959315627874954;0,026928173302525192;sim;nao;nao;sim;1;3.341 | 1.005 | 0.770;0,11854419939069137;15;15;0,17873892572150218;-0,1715925708730623;0,5290704223160667;0,9968403290704329;0,960421042964013;1,0332596151768527;0,9962958582412619;nao;nao;1,1963237595600262;0,21032276913073655;2,182324749989316;;0,6792730672982169;Desempenho inadequado;1_3s / 2_2s / R_4s / 4_1s / 8x;;;CQ estatístico isolado pode ser insuficiente — investigar e melhorar o desempenho analítico ou reavaliar o método;21,690104137164276;0,688778306200765;Desempenho inadequado;1_3s / 2_2s / R_4s / 4_1s / 8x;;;CQ estatístico isolado pode ser insuficiente — investigar e melhorar o desempenho analítico ou reavaliar o método;21,57563607320509;0,628922660181088;Desempenho inadequado;1_3s / 2_2s / R_4s / 4_1s / 8x;;;CQ estatístico isolado pode ser insuficiente — investigar e melhorar o desempenho analítico ou reavaliar o método;22,296455401066705;0,7310427292271234;Desempenho inadequado;1_3s / 2_2s / R_4s / 4_1s / 8x;;;CQ estatístico isolado pode ser insuficiente — investigar e melhorar o desempenho analítico ou reavaliar o método;21,06666131436106;0,688778306200765;Desempenho inadequado;1_3s / 2_2s / R_4s / 4_1s / 8x;;;CQ estatístico isolado pode ser insuficiente — investigar e melhorar o desempenho analítico ou reavaliar o método;21,57563607320509;0,6590817578531359;Desempenho inadequado;1_3s / 2_2s / R_4s / 4_1s / 8x;;;CQ estatístico isolado pode ser insuficiente — investigar e melhorar o desempenho analítico ou reavaliar o método;21,933260582223184;0,6066370233500104;0,39549871095847866;0,6237282729193918;0,7223346054753319;1,0;1,301192461630984;2,4886719240112836;0,631051272679853;0,7363995338727418;1,0;1,1318137495457454;2,400483756039108;0,5724256294336539;0,7173487442118225;1,0;1,3612353381808853;3,1064906170508158
bioquimica;Capacidade de fixação do ferro;1;CAP;2025;6,196994178880823;20,0;327,5121951219512;2,020345644213081;Desempenho inadequado;15;3;7,47992980348431;-6,8593564903494695;6,8593564903494695;-6,8593564903494695;9,201247461115647;2,3757518787489453;-11,95483749368592;-1,7638754870130189;4,296722537287691;-25,346661444386385;11,627948463687446;11,228068814939077;9,1637558122514;6,8593564903494695;-6,040268456375835;7,2538876409857;7,442141740608539;5,262889239435591;0,022856441843600403;sim;nao;nao;sim;0;-5.605 | -14.849 | -0.124;1,1705493714528148;15;15;-16,828339288597164;-29,01546992927362;-4,641208647920706;1,0361772517894046;0,9846489848984785;1,0877055186803306;0,993158847107395;nao;sim;-1,5205076988707107;-3,9269454671564503;0,8859300694150287;;2,020345644213081;Desempenho inadequado;1_3s / 2_2s / R_4s / 4_1s / 8x;;;CQ estatístico isolado pode ser insuficiente — investigar e melhorar o desempenho analítico ou reavaliar o método;17,704970198637668;2,1204866634268376;Desempenho inadequado;1_3s / 2_2s / R_4s / 4_1s / 8x;;;CQ estatístico isolado pode ser insuficiente — investigar e melhorar o desempenho analítico ou reavaliar o método;17,084396885502827;1,4155138655697646;Desempenho inadequado;1_3s / 2_2s / R_4s / 4_1s / 8x;;;CQ estatístico isolado pode ser insuficiente — investigar e melhorar o desempenho analítico ou reavaliar o método;21,453109210092435;2,982008981726474;Desempenho inadequado;1_3s / 2_2s / R_4s / 4_1s / 8x;;;CQ estatístico isolado pode ser insuficiente — investigar e melhorar o desempenho analítico ou reavaliar o método;11,745548094024068;2,1204866634268376;Desempenho inadequado;1_3s / 2_2s / R_4s / 4_1s / 8x;;;CQ estatístico isolado pode ser insuficiente — investigar e melhorar o desempenho analítico ou reavaliar o método;17,084396885502827;1,7486290732171745;Desempenho inadequado;1_3s / 2_2s / R_4s / 4_1s / 8x;;;CQ estatístico isolado pode ser insuficiente — investigar e melhorar o desempenho analítico ou reavaliar o método;19,38879620740476;1,2982362535907748;-0,8627830348151128;1,5140983536396557;2,44558978172545;1,0;4,844694358716961;10,617141316242009;1,5749827558803144;2,5835622516862276;1,0;3,9896797655242144;10,239841029972013;0,9414065049940009;2,3075827507033466;1,0;5,699923126605563;14,166109368591632;15;3;7,47992980348431;-6,8593564903494695;6,8593564903494695;-6,8593564903494695;9,201247461115647;2,3757518787489453;-11,95483749368592;-1,7638754870130189;4,296722537287691;-25,346661444386385;11,627948463687446;11,228068814939077;9,1637558122514;6,8593564903494695;-6,040268456375835;7,2538876409857;7,442141740608539;5,262889239435591;0,022856441843600403;sim;nao;nao;sim;0;-5.605 | -14.849 | -0.124;1,1705493714528148;15;15;-16,828339288597164;-29,01546992927362;-4,641208647920706;1,0361772517894046;0,9846489848984785;1,0877055186803306;0,993158847107395;nao;sim;-1,5205076988707107;-3,9269454671564503;0,8859300694150287;;2,020345644213081;Desempenho inadequado;1_3s / 2_2s / R_4s / 4_1s / 8x;;;CQ estatístico isolado pode ser insuficiente — investigar e melhorar o desempenho analítico ou reavaliar o método;17,704970198637668;2,1204866634268376;Desempenho inadequado;1_3s / 2_2s / R_4s / 4_1s / 8x;;;CQ estatístico isolado pode ser insuficiente — investigar e melhorar o desempenho analítico ou reavaliar o método;17,084396885502827;1,4155138655697646;Desempenho inadequado;1_3s / 2_2s / R_4s / 4_1s / 8x;;;CQ estatístico isolado pode ser insuficiente — investigar e melhorar o desempenho analítico ou reavaliar o método;21,453109210092435;2,982008981726474;Desempenho inadequado;1_3s / 2_2s / R_4s / 4_1s / 8x;;;CQ estatístico isolado pode ser insuficiente — investigar e melhorar o desempenho analítico ou reavaliar o método;11,745548094024068;2,1204866634268376;Desempenho inadequado;1_3s / 2_2s / R_4s / 4_1s / 8x;;;CQ estatístico isolado pode ser insuficiente — investigar e melhorar o desempenho analítico ou reavaliar o método;17,084396885502827;1,7486290732171745;Desempenho inadequado;1_3s / 2_2s / R_4s / 4_1s / 8x;;;CQ estatístico isolado pode ser insuficiente — investigar e melhorar o desempenho analítico ou reavaliar o método;19,38879620740476;1,2982362535907748;-0,8627830348151128;1,484353845780449;2,4782100697083225;1,0;4,642546623973685;10,801467858299194;1,5692264402518767;2,624388865256899;1,0;3,7366774788833417;10,275512884413242;0,9102477845886883;2,3596992571814486;1,0;5,376957439337159;14,359199777564733
bioquimica;Capacidade de fixação do ferro;2;CAP;2025;7,196101150396074;20,0;196,6315789473684;1,7398407741706887;Desempenho inadequado;15;3;7,47992980348431;-6,8593564903494695;6,8593564903494695;-6,8593564903494695;9,201247461115647;2,3757518787489453;-11,95483749368592;-1,7638754870130189;4,296722537287691;-25,346661444386385;11,627948463687446;11,228068814939077;9,1637558122514;6,8593564903494695;-6,040268456375835;7,2538876409857;7,442141740608539;5,262889239435591;0,022856441843600403;sim;nao;nao;sim;0;-5.605 | -14.849 | -0.124;1,0080302499064295;15;15;-16,828339288597164;-29,01546992927362;-4,641208647920706;1,0361772517894046;0,9846489848984785;1,0877055186803306;0,993158847107395;nao;sim;-4,940584416438183;-7,646803851597671;-2,234364981278695;;1,7398407741706887;Desempenho inadequado;1_3s / 2_2s / R_4s / 4_1s / 8x;;;CQ estatístico isolado pode ser insuficiente — investigar e melhorar o desempenho analítico ou reavaliar o método;19,35349670163783;1,8260782102718593;Desempenho inadequado;1_3s / 2_2s / R_4s / 4_1s / 8x;;;CQ estatístico isolado pode ser insuficiente — investigar e melhorar o desempenho analítico ou reavaliar o método;18,73292338850299;1,218983863863297;Desempenho inadequado;1_3s / 2_2s / R_4s / 4_1s / 8x;;;CQ estatístico isolado pode ser insuficiente — investigar e melhorar o desempenho analítico ou reavaliar o método;23,101635713092598;2,0927187193210792;Desempenho inadequado;1_3s / 2_2s / R_4s / 4_1s / 8x;;;CQ estatístico isolado pode ser insuficiente — investigar e melhorar o desempenho analítico ou reavaliar o método;16,814151314591705;1,8260782102718593;Desempenho inadequado;1_3s / 2_2s / R_4s / 4_1s / 8x;;;CQ estatístico isolado pode ser insuficiente — investigar e melhorar o desempenho analítico ou reavaliar o método;18,73292338850299;1,505849342758637;Desempenho inadequado;1_3s / 2_2s / R_4s / 4_1s / 8x;;;CQ estatístico isolado pode ser insuficiente — investigar e melhorar o desempenho analítico ou reavaliar o método;21,037322710404922;1,1179890802217634;-0,7429942037560303;1,303880877666867;2,1060439986240174;1,0;4,844694358716961;10,617141316242009;1,356312087065478;2,224860365337496;1,0;3,9896797655242144;10,239841029972013;0,8107015881908868;1,9871978693083485;1,0;5,699923126605563;14,166109368591632;15;3;7,47992980348431;-6,8593564903494695;6,8593564903494695;-6,8593564903494695;9,201247461115647;2,3757518787489453;-11,95483749368592;-1,7638754870130189;4,296722537287691;-25,346661444386385;11,627948463687446;11,228068814939077;9,1637558122514;6,8593564903494695;-6,040268456375835;7,2538876409857;7,442141740608539;5,262889239435591;0,022856441843600403;sim;nao;nao;sim;0;-5.605 | -14.849 | -0.124;1,0080302499064295;15;15;-16,828339288597164;-29,01546992927362;-4,641208647920706;1,0361772517894046;0,9846489848984785;1,0877055186803306;0,993158847107395;nao;sim;-4,940584416438183;-7,646803851597671;-2,234364981278695;;1,7398407741706887;Desempenho inadequado;1_3s / 2_2s / R_4s / 4_1s / 8x;;;CQ estatístico isolado pode ser insuficiente — investigar e melhorar o desempenho analítico ou reavaliar o método;19,35349670163783;1,8260782102718593;Desempenho inadequado;1_3s / 2_2s / R_4s / 4_1s / 8x;;;CQ estatístico isolado pode ser insuficiente — investigar e melhorar o desempenho analítico ou reavaliar o método;18,73292338850299;1,218983863863297;Desempenho inadequado;1_3s / 2_2s / R_4s / 4_1s / 8x;;;CQ estatístico isolado pode ser insuficiente — investigar e melhorar o desempenho analítico ou reavaliar o método;23,101635713092598;2,0927187193210792;Desempenho inadequado;1_3s / 2_2s / R_4s / 4_1s / 8x;;;CQ estatístico isolado pode ser insuficiente — investigar e melhorar o desempenho analítico ou reavaliar o método;16,814151314591705;1,8260782102718593;Desempenho inadequado;1_3s / 2_2s / R_4s / 4_1s / 8x;;;CQ estatístico isolado pode ser insuficiente — investigar e melhorar o desempenho analítico ou reavaliar o método;18,73292338850299;1,505849342758637;Desempenho inadequado;1_3s / 2_2s / R_4s / 4_1s / 8x;;;CQ estatístico isolado pode ser insuficiente — investigar e melhorar o desempenho analítico ou reavaliar o método;21,037322710404922;1,1179890802217634;-0,7429942037560303;1,278266098468407;2,1341352845187616;1,0;4,642546623973685;10,801467858299194;1,3513549785291052;2,2600186102472333;1,0;3,7366774788833417;10,275512884413242;0,783868945772781;2,032078517942732;1,0;5,376957439337159;14,359199777564733
bioquimica;Colesterol total;1;CAP;2025;6,5675392051265815;10,0;238,81666666666666;1,1811740551858596;Desempenho inadequado;15;3;2,242593084488519;0,4582800603474788;0,4582800603474788;0,45828006034747865;2,938278889904635;0,7586603471408978;-1,168884552851419;2,0854446735463763;1,1995854542398208;-4,703119568905235;5,619679689600192;2,8754022199072176;1,7572794705907204;0,0;1,1953069423988276;2,544579235474833;2,07774295476396;3,333662911205861;0,07056589100822777;nao;nao;sim;nao;1;1.135 | -1.874 | 2.113;0,38744789425673315;15;15;-9,314417619168893;-12,767736840437093;-5,861098397900692;1,0665192739415754;1,0471010665616205;1,0859374813215303;0,9990774972972972;sim;sim;2,751689714276649;2,050821068270008;3,4525583602832906;;1,1811740551858596;Desempenho inadequado;1_3s / 2_2s / R_4s / 4_1s / 8x;;;CQ estatístico isolado pode ser insuficiente — investigar e melhorar o desempenho analítico ou reavaliar o método;13,079032772947377;1,4528607506757345;Desempenho inadequado;1_3s / 2_2s / R_4s / 4_1s / 8x;;;CQ estatístico isolado pode ser insuficiente — investigar e melhorar o desempenho analítico ou reavaliar o método;11,294719748806337;1,0848199847107673;Desempenho inadequado;1_3s / 2_2s / R_4s / 4_1s / 8x;;;CQ estatístico isolado pode ser insuficiente — investigar e melhorar o desempenho analítico ou reavaliar o método;13,711841908366075;1,1036569496327275;Desempenho inadequado;1_3s / 2_2s / R_4s / 4_1s / 8x;;;CQ estatístico isolado pode ser insuficiente — investigar e melhorar o desempenho analítico ou reavaliar o método;13,588129402735508;1,5226403204710313;Desempenho inadequado;1_3s / 2_2s / R_4s / 4_1s / 8x;;;CQ estatístico isolado pode ser insuficiente — investigar e melhorar o desempenho analítico ou reavaliar o método;10,836439688458858;1,2550698628452894;Desempenho inadequado;1_3s / 2_2s / R_4s / 4_1s / 8x;;;CQ estatístico isolado pode ser insuficiente — investigar e melhorar o desempenho analítico ou reavaliar o método;12,593719159049579;1,2051021058657052;0,6669652321192931;1,031262445241133;1,2983034720805073;1,0;1,473341046959303;3,2271434601041546;1,2939792137115111;1,5174519453224216;1,0;0,0340748571993999;1,5017407833307834;1,027753745776628;1,3848671357145015;1,0;0,9048307923036574;3,250186981396297;15;3;2,242593084488519;0,4582800603474788;0,4582800603474788;0,45828006034747865;2,938278889904635;0,7586603471408978;-1,168884552851419;2,0854446735463763;1,1995854542398208;-4,703119568905235;5,619679689600192;2,8754022199072176;1,7572794705907204;0,0;1,1953069423988276;2,544579235474833;2,07774295476396;3,333662911205861;0,07056589100822777;nao;nao;sim;nao;1;1.135 | -1.874 | 2.113;0,38744789425673315;15;15;-9,314417619168893;-12,767736840437093;-5,861098397900692;1,0665192739415754;1,0471010665616205;1,0859374813215303;0,9990774972972972;sim;sim;2,751689714276649;2,050821068270008;3,4525583602832906;;1,1811740551858596;Desempenho inadequado;1_3s / 2_2s / R_4s / 4_1s / 8x;;;CQ estatístico isolado pode ser insuficiente — investigar e melhorar o desempenho analítico ou reavaliar o método;13,079032772947377;1,4528607506757345;Desempenho inadequado;1_3s / 2_2s / R_4s / 4_1s / 8x;;;CQ estatístico isolado pode ser insuficiente — investigar e melhorar o desempenho analítico ou reavaliar o método;11,294719748806337;1,0848199847107673;Desempenho inadequado;1_3s / 2_2s / R_4s / 4_1s / 8x;;;CQ estatístico isolado pode ser insuficiente — investigar e melhorar o desempenho analítico ou reavaliar o método;13,711841908366075;1,1036569496327275;Desempenho inadequado;1_3s / 2_2s / R_4s / 4_1s / 8x;;;CQ estatístico isolado pode ser insuficiente — investigar e melhorar o desempenho analítico ou reavaliar o método;13,588129402735508;1,5226403204710313;Desempenho inadequado;1_3s / 2_2s / R_4s / 4_1s / 8x;;;CQ estatístico isolado pode ser insuficiente — investigar e melhorar o desempenho analítico ou reavaliar o método;10,836439688458858;1,2550698628452894;Desempenho inadequado;1_3s / 2_2s / R_4s / 4_1s / 8x;;;CQ estatístico isolado pode ser insuficiente — investigar e melhorar o desempenho analítico ou reavaliar o método;12,593719159049579;1,2051021058657052;0,6669652321192931;1,037473653021979;1,2990453688265895;1,0;1,4684686109932537;3,18635110949226;1,295214700274221;1,5179538407264248;1,0;0,03077863945673337;1,4936266768927806;1,0328316688429813;1,387907809038587;1,0;0,8848610510377418;3,216837522577405
bioquimica;Colesterol total;2;CAP;2025;5,240345609142628;10,0;88,73214285714286;1,4803235309475453;Desempenho inadequado;15;3;2,242593084488519;0,4582800603474788;0,4582800603474788;0,45828006034747865;2,938278889904635;0,7586603471408978;-1,168884552851419;2,0854446735463763;1,1995854542398208;-4,703119568905235;5,619679689600192;2,8754022199072176;1,7572794705907204;0,0;1,1953069423988276;2,544579235474833;2,07774295476396;3,333662911205861;0,07056589100822777;nao;nao;sim;nao;1;1.135 | -1.874 | 2.113;0,4855746977900473;15;15;-9,314417619168893;-12,767736840437093;-5,861098397900692;1,0665192739415754;1,0471010665616205;1,0859374813215303;0,9990774972972972;sim;sim;-3,8453031688019625;-5,957897890886166;-1,732708446717759;;1,4803235309475453;Desempenho inadequado;1_3s / 2_2s / R_4s / 4_1s / 8x;;;CQ estatístico isolado pode ser insuficiente — investigar e melhorar o desempenho analítico ou reavaliar o método;10,889163339573855;1,8208188259578628;Desempenho inadequado;1_3s / 2_2s / R_4s / 4_1s / 8x;;;CQ estatístico isolado pode ser insuficiente — investigar e melhorar o desempenho analítico ou reavaliar o método;9,104850315432815;1,3595663934193143;Desempenho inadequado;1_3s / 2_2s / R_4s / 4_1s / 8x;;;CQ estatístico isolado pode ser insuficiente — investigar e melhorar o desempenho analítico ou reavaliar o método;11,521972474992554;1,1744829998350064;Desempenho inadequado;1_3s / 2_2s / R_4s / 4_1s / 8x;;;CQ estatístico isolado pode ser insuficiente — investigar e melhorar o desempenho analítico ou reavaliar o método;12,491873423887299;1,908271084745515;Desempenho inadequado;1_3s / 2_2s / R_4s / 4_1s / 8x;;;CQ estatístico isolado pode ser insuficiente — investigar e melhorar o desempenho analítico ou reavaliar o método;8,646570255085336;1,5729345245909971;Desempenho inadequado;1_3s / 2_2s / R_4s / 4_1s / 8x;;;CQ estatístico isolado pode ser insuficiente — investigar e melhorar o desempenho analítico ou reavaliar o método;10,403849725676057;1,510311707809005;0,8358838590259453;1,2924446296212797;1,6271176729574028;1,0;1,473341046959303;3,2271434601041546;1,6216982333841938;1,9017686782744705;1,0;0,0340748571993999;1,5017407833307834;1,2880473010840288;1,7356048409914706;1,0;0,9048307923036574;3,250186981396297;15;3;2,242593084488519;0,4582800603474788;0,4582800603474788;0,45828006034747865;2,938278889904635;0,7586603471408978;-1,168884552851419;2,0854446735463763;1,1995854542398208;-4,703119568905235;5,619679689600192;2,8754022199072176;1,7572794705907204;0,0;1,1953069423988276;2,544579235474833;2,07774295476396;3,333662911205861;0,07056589100822777;nao;nao;sim;nao;1;1.135 | -1.874 | 2.113;0,4855746977900473;15;15;-9,314417619168893;-12,767736840437093;-5,861098397900692;1,0665192739415754;1,0471010665616205;1,0859374813215303;0,9990774972972972;sim;sim;-3,8453031688019625;-5,957897890886166;-1,732708446717759;;1,4803235309475453;Desempenho inadequado;1_3s / 2_2s / R_4s / 4_1s / 8x;;;CQ estatístico isolado pode ser insuficiente — investigar e melhorar o desempenho analítico ou reavaliar o método;10,889163339573855;1,8208188259578628;Desempenho inadequado;1_3s / 2_2s / R_4s / 4_1s / 8x;;;CQ estatístico isolado pode ser insuficiente — investigar e melhorar o desempenho analítico ou reavaliar o método;9,104850315432815;1,3595663934193143;Desempenho inadequado;1_3s / 2_2s / R_4s / 4_1s / 8x;;;CQ estatístico isolado pode ser insuficiente — investigar e melhorar o desempenho analítico ou reavaliar o método;11,521972474992554;1,1744829998350064;Desempenho inadequado;1_3s / 2_2s / R_4s / 4_1s / 8x;;;CQ estatístico isolado pode ser insuficiente — investigar e melhorar o desempenho analítico ou reavaliar o método;12,491873423887299;1,908271084745515;Desempenho inadequado;1_3s / 2_2s / R_4s / 4_1s / 8x;;;CQ estatístico isolado pode ser insuficiente — investigar e melhorar o desempenho analítico ou reavaliar o método;8,646570255085336;1,5729345245909971;Desempenho inadequado;1_3s / 2_2s / R_4s / 4_1s / 8x;;;CQ estatístico isolado pode ser insuficiente — investigar e melhorar o desempenho analítico ou reavaliar o método;10,403849725676057;1,510311707809005;0,8358838590259453;1,3002289159364278;1,6280474658240314;1,0;1,4684686109932537;3,18635110949226;1,6232466248536124;1,9023976859752056;1,0;0,03077863945673337;1,4936266768927806;1,2944112818796292;1,73941560897423;1,0;0,8848610510377418;3,216837522577405
bioquimica;HDL colesterol;1;CAP;2025;6,382175048837137;30,0;77,0234375;4,030108689998128;Bom;15;3;4,279140874592226;-3,473199191898994;3,473199191898994;-3,473199191898994;4,096210780824049;1,0576370757791214;-5,741605112678368;-1,204793271119621;1,3256612364596756;-9,177059129675264;2,2306607458772763;5,265307132873104;3,946880800621096;3,473199191898994;-3,03291493831816;3,8964071830939595;2,2961126151727376;1,7363117453247674;0,21762246778035502;sim;nao;nao;nao;0;-1.284 | -3.272 | -5.863;0,6105139945674012;15;15;-0,6134900365370655;-7,358260608859141;6,13128053578501;0,9772650364985207;0,8454669129174368;1,1090631600796046;0,9517809809685548;nao;nao;-3,069994216835661;-7,986266174019413;1,846277740348091;;4,030108689998128;Bom;1_3s / 2_2s / R_4s / 4_1s;4;200;Até 200 pacientes entre eventos de CQ;14,809729705173503;4,156388786756063;Bom;1_3s / 2_2s / R_4s / 4_1s;4;200;Até 200 pacientes entre eventos de CQ;14,00378802248027;3,8755898542196325;Marginal;1_3s / 2_2s / R_4s / 4_1s / 8x;6;45;Até 45 pacientes entre eventos de CQ;15,795895963454381;4,219565520703027;Bom;1_3s / 2_2s / R_4s / 4_1s;4;200;Até 200 pacientes entre eventos de CQ;13,600583047416936;4,156388786756063;Bom;1_3s / 2_2s / R_4s / 4_1s;4;200;Até 200 pacientes entre eventos de CQ;14,00378802248027;4,082169323156673;Bom;1_3s / 2_2s / R_4s / 4_1s;4;200;Até 200 pacientes entre eventos de CQ;14,477469631202371;3,800960440867511;3,2626715361119367;3,817035031404011;4,233004476217355;0,6155;2,9842244502696853;5,639014262036038;3,8800284656297275;4,431967176152165;0,861;1,7144096710964691;5,2369791378801125;3,7103898149573267;4,347177264571465;0,6445;2,2555537291799155;6,319642701519905;15;3;4,279140874592226;-3,473199191898994;3,473199191898994;-3,473199191898994;4,096210780824049;1,0576370757791214;-5,741605112678368;-1,204793271119621;1,3256612364596756;-9,177059129675264;2,2306607458772763;5,265307132873104;3,946880800621096;3,473199191898994;-3,03291493831816;3,8964071830939595;2,2961126151727376;1,7363117453247674;0,21762246778035502;sim;nao;nao;nao;0;-1.284 | -3.272 | -5.863;0,6105139945674012;15;15;-0,6134900365370655;-7,358260608859141;6,13128053578501;0,9772650364985207;0,8454669129174368;1,1090631600796046;0,9517809809685548;nao;nao;-3,069994216835661;-7,986266174019413;1,846277740348091;;4,030108689998128;Bom;1_3s / 2_2s / R_4s / 4_1s;4;200;Até 200 pacientes entre eventos de CQ;14,809729705173503;4,156388786756063;Bom;1_3s / 2_2s / R_4s / 4_1s;4;200;Até 200 pacientes entre eventos de CQ;14,00378802248027;3,8755898542196325;Marginal;1_3s / 2_2s / R_4s / 4_1s / 8x;6;45;Até 45 pacientes entre eventos de CQ;15,795895963454381;4,219565520703027;Bom;1_3s / 2_2s / R_4s / 4_1s;4;200;Até 200 pacientes entre eventos de CQ;13,600583047416936;4,156388786756063;Bom;1_3s / 2_2s / R_4s / 4_1s;4;200;Até 200 pacientes entre eventos de CQ;14,00378802248027;4,082169323156673;Bom;1_3s / 2_2s / R_4s / 4_1s;4;200;Até 200 pacientes entre eventos de CQ;14,477469631202371;3,800960440867511;3,2626715361119367;3,810147566228575;4,225713933898573;0,6435;3,030753967549102;5,682971270428445;3,882458341407144;4,439011441863911;0,8705;1,6694519342335852;5,22147124532171;3,721090227958832;4,345363863179981;0,6625;2,2671271742941763;6,251350792649446
bioquimica;HDL colesterol;2;CAP;2025;68,44754249553873;30,0;31,276422764227643;0,37577476396737264;Desempenho inadequado;15;3;4,279140874592226;-3,473199191898994;3,473199191898994;-3,473199191898994;4,096210780824049;1,0576370757791214;-5,741605112678368;-1,204793271119621;1,3256612364596756;-9,177059129675264;2,2306607458772763;5,265307132873104;3,946880800621096;3,473199191898994;-3,03291493831816;3,8964071830939595;2,2961126151727376;1,7363117453247674;0,21762246778035502;sim;nao;nao;nao;0;-1.284 | -3.272 | -5.863;0,056925450367307485;15;15;-0,6134900365370655;-7,358260608859141;6,13128053578501;0,9772650364985207;0,8454669129174368;1,1090631600796046;0,9517809809685548;nao;nao;-4,235005954880426;-13,27138551439015;4,801373604629298;;0,37577476396737264;Desempenho inadequado;1_3s / 2_2s / R_4s / 4_1s / 8x;;;CQ estatístico isolado pode ser insuficiente — investigar e melhorar o desempenho analítico ou reavaliar o método;117,21758599223112;0,38754935299291376;Desempenho inadequado;1_3s / 2_2s / R_4s / 4_1s / 8x;;;CQ estatístico isolado pode ser insuficiente — investigar e melhorar o desempenho analítico ou reavaliar o método;116,41164430953789;0,36136714285599153;Desempenho inadequado;1_3s / 2_2s / R_4s / 4_1s / 8x;;;CQ estatístico isolado pode ser insuficiente — investigar e melhorar o desempenho analítico ou reavaliar o método;118,203752250512;0,37641956315376673;Desempenho inadequado;1_3s / 2_2s / R_4s / 4_1s / 8x;;;CQ estatístico isolado pode ser insuficiente — investigar e melhorar o desempenho analítico ou reavaliar o método;117,17345107251931;0,38754935299291376;Desempenho inadequado;1_3s / 2_2s / R_4s / 4_1s / 8x;;;CQ estatístico isolado pode ser insuficiente — investigar e melhorar o desempenho analítico ou reavaliar o método;116,41164430953789;0,38062899337952116;Desempenho inadequado;1_3s / 2_2s / R_4s / 4_1s / 8x;;;CQ estatístico isolado pode ser insuficiente — investigar e melhorar o desempenho analítico ou reavaliar o método;116,88532591826;0,3544085587718908;0,30421750892929333;0,35590738322784576;0,3946931411232354;1,0;2,9842244502696853;5,639014262036038;0,36178100716667644;0,4132447900630929;1,0;1,7144096710964691;5,2369791378801125;0,3459635866404339;0,4053388223927602;1,0;2,2555537291799155;6,319642701519905;15;3;4,279140874592226;-3,473199191898994;3,473199191898994;-3,473199191898994;4,096210780824049;1,0576370757791214;-5,741605112678368;-1,204793271119621;1,3256612364596756;-9,177059129675264;2,2306607458772763;5,265307132873104;3,946880800621096;3,473199191898994;-3,03291493831816;3,8964071830939595;2,2961126151727376;1,7363117453247674;0,21762246778035502;sim;nao;nao;nao;0;-1.284 | -3.272 | -5.863;0,056925450367307485;15;15;-0,6134900365370655;-7,358260608859141;6,13128053578501;0,9772650364985207;0,8454669129174368;1,1090631600796046;0,9517809809685548;nao;nao;-4,235005954880426;-13,27138551439015;4,801373604629298;;0,37577476396737264;Desempenho inadequado;1_3s / 2_2s / R_4s / 4_1s / 8x;;;CQ estatístico isolado pode ser insuficiente — investigar e melhorar o desempenho analítico ou reavaliar o método;117,21758599223112;0,38754935299291376;Desempenho inadequado;1_3s / 2_2s / R_4s / 4_1s / 8x;;;CQ estatístico isolado pode ser insuficiente — investigar e melhorar o desempenho analítico ou reavaliar o método;116,41164430953789;0,36136714285599153;Desempenho inadequado;1_3s / 2_2s / R_4s / 4_1s / 8x;;;CQ estatístico isolado pode ser insuficiente — investigar e melhorar o desempenho analítico ou reavaliar o método;118,203752250512;0,37641956315376673;Desempenho inadequado;1_3s / 2_2s / R_4s / 4_1s / 8x;;;CQ estatístico isolado pode ser insuficiente — investigar e melhorar o desempenho analítico ou reavaliar o método;117,17345107251931;0,38754935299291376;Desempenho inadequado;1_3s / 2_2s / R_4s / 4_1s / 8x;;;CQ estatístico isolado pode ser insuficiente — investigar e melhorar o desempenho analítico ou reavaliar o método;116,41164430953789;0,38062899337952116;Desempenho inadequado;1_3s / 2_2s / R_4s / 4_1s / 8x;;;CQ estatístico isolado pode ser insuficiente — investigar e melhorar o desempenho analítico ou reavaliar o método;116,88532591826;0,3544085587718908;0,30421750892929333;0,355265183277493;0,3940133575169437;1,0;3,030753967549102;5,682971270428445;0,3620075732637633;0,413901610384521;1,0;1,6694519342335852;5,22147124532171;0,3469613128754541;0,40516973750391977;1,0;2,2671271742941763;6,251350792649446
bioquimica;Creatinina;1;CAP;2025;12,281044649217536;15,0;2,7234453781512618;0,9828259827910614;Desempenho inadequado;15;3;2,92987022293187;2,648329221966409;2,648329221966409;2,648329221966409;2,911467661135914;0,7517377176400569;1,0360121723663023;4,260646271566516;0,8888429787860705;-1,1760534470261201;6,472711890958939;3,8633123111701377;2,9315066688984004;2,648329221966409;2,0699500356888003;2,813238939337307;1,53952119920834;1,4973664953891033;0,2626969653244295;sim;nao;nao;nao;0;2.993 | 0.966 | 3.986;0,2290716319084914;15;15;0,032763282952721795;-0,03614521763074843;0,10167178353619202;1,0089286852428678;0,992101863061362;1,0257555074243736;0,9992258332025714;nao;nao;2,095877155029441;0,7586425569285529;3,433111753130329;;0,9828259827910614;Desempenho inadequado;1_3s / 2_2s / R_4s / 4_1s / 8x;;;CQ estatístico isolado pode ser insuficiente — investigar e melhorar o desempenho analítico ou reavaliar o método;23,193593894140804;1,0057508242037498;Desempenho inadequado;1_3s / 2_2s / R_4s / 4_1s / 8x;;;CQ estatístico isolado pode ser insuficiente — investigar e melhorar o desempenho analítico ou reavaliar o método;22,912052893175343;0,9068192492516844;Desempenho inadequado;1_3s / 2_2s / R_4s / 4_1s / 8x;;;CQ estatístico isolado pode ser insuficiente — investigar e melhorar o desempenho analítico ou reavaliar o método;24,12703598237907;1,0507349507757648;Desempenho inadequado;1_3s / 2_2s / R_4s / 4_1s / 8x;;;CQ estatístico isolado pode ser insuficiente — investigar e melhorar o desempenho analítico ou reavaliar o método;22,359600826238374;1,0057508242037498;Desempenho inadequado;1_3s / 2_2s / R_4s / 4_1s / 8x;;;CQ estatístico isolado pode ser insuficiente — investigar e melhorar o desempenho analítico ou reavaliar o método;22,912052893175343;0,9826927330543107;Desempenho inadequado;1_3s / 2_2s / R_4s / 4_1s / 8x;;;CQ estatístico isolado pode ser insuficiente — investigar e melhorar o desempenho analítico ou reavaliar o método;23,195230340107333;0,8744658158308806;0,6943455017553707;0,8777136916426085;1,0719526822750096;1,0;1,8353012471321057;4,220758963707571;0,8963157757236148;1,105981477306378;1,0;1,4173920959928;3,992305938540235;0,8514300478253986;1,0782588510904967;1,0;1,7578549063436069;4,543549566970855;15;3;2,92987022293187;2,648329221966409;2,648329221966409;2,648329221966409;2,911467661135914;0,7517377176400569;1,0360121723663023;4,260646271566516;0,8888429787860705;-1,1760534470261201;6,472711890958939;3,8633123111701377;2,9315066688984004;2,648329221966409;2,0699500356888003;2,813238939337307;1,53952119920834;1,4973664953891033;0,2626969653244295;sim;nao;nao;nao;0;2.993 | 0.966 | 3.986;0,2290716319084914;15;15;0,032763282952721795;-0,03614521763074843;0,10167178353619202;1,0089286852428678;0,992101863061362;1,0257555074243736;0,9992258332025714;nao;nao;2,095877155029441;0,7586425569285529;3,433111753130329;;0,9828259827910614;Desempenho inadequado;1_3s / 2_2s / R_4s / 4_1s / 8x;;;CQ estatístico isolado pode ser insuficiente — investigar e melhorar o desempenho analítico ou reavaliar o método;23,193593894140804;1,0057508242037498;Desempenho inadequado;1_3s / 2_2s / R_4s / 4_1s / 8x;;;CQ estatístico isolado pode ser insuficiente — investigar e melhorar o desempenho analítico ou reavaliar o método;22,912052893175343;0,9068192492516844;Desempenho inadequado;1_3s / 2_2s / R_4s / 4_1s / 8x;;;CQ estatístico isolado pode ser insuficiente — investigar e melhorar o desempenho analítico ou reavaliar o método;24,12703598237907;1,0507349507757648;Desempenho inadequado;1_3s / 2_2s / R_4s / 4_1s / 8x;;;CQ estatístico isolado pode ser insuficiente — investigar e melhorar o desempenho analítico ou reavaliar o método;22,359600826238374;1,0057508242037498;Desempenho inadequado;1_3s / 2_2s / R_4s / 4_1s / 8x;;;CQ estatístico isolado pode ser insuficiente — investigar e melhorar o desempenho analítico ou reavaliar o método;22,912052893175343;0,9826927330543107;Desempenho inadequado;1_3s / 2_2s / R_4s / 4_1s / 8x;;;CQ estatístico isolado pode ser insuficiente — investigar e melhorar o desempenho analítico ou reavaliar o método;23,195230340107333;0,8744658158308806;0,6943455017553707;0,8790070591459107;1,0756323864398292;1,0;1,7901106359880437;4,204875059651669;0,9021712035765751;1,1104970334141562;1,0;1,3619363498171286;3,920395167637755;0,8583993401562409;1,0784277137275742;1,0;1,7557810967580751;4,457959376682332
bioquimica;Creatinina;2;CAP;2025;2,010783533657962;15,0;6,285454545454546;6,002699731238839;Classe mundial;15;3;2,92987022293187;2,648329221966409;2,648329221966409;2,648329221966409;2,911467661135914;0,7517377176400569;1,0360121723663023;4,260646271566516;0,8888429787860705;-1,1760534470261201;6,472711890958939;3,8633123111701377;2,9315066688984004;2,648329221966409;2,0699500356888003;2,813238939337307;1,53952119920834;1,4973664953891033;0,2626969653244295;sim;nao;nao;nao;0;2.993 | 0.966 | 3.986;1,3990759782180733;15;15;0,032763282952721795;-0,03614521763074843;0,10167178353619202;1,0089286852428678;0,992101863061362;1,0257555074243736;0,9992258332025714;nao;nao;1,414124110748951;0,5155629276611597;2,3126852938367426;;6,002699731238839;Classe mundial;1_3s;2;1000;Até 1000 pacientes entre eventos de CQ;6,247663053467507;6,142715300420116;Classe mundial;1_3s;2;1000;Até 1000 pacientes entre eventos de CQ;5,966122052502046;5,538481642810307;Excelente;1_3s / 2_2s / R_4s;2;450;Até 450 pacientes entre eventos de CQ;7,181105141705775;6,756508426611193;Classe mundial;1_3s;2;1000;Até 1000 pacientes entre eventos de CQ;4,731916941284588;6,142715300420116;Classe mundial;1_3s;2;1000;Até 1000 pacientes entre eventos de CQ;5,966122052502046;6,001885896263995;Classe mundial;1_3s;2;1000;Até 1000 pacientes entre eventos de CQ;6,249299499434038;5,340880084141503;4,240778764250399;5,360716783214914;6,5470492136560505;0,533;1,8353012471321057;4,220758963707571;5,474330715964673;6,754883196849188;0,68;1,4173920959928;3,992305938540235;5,200187020632229;6,585564717434626;0,438;1,7578549063436069;4,543549566970855;15;3;2,92987022293187;2,648329221966409;2,648329221966409;2,648329221966409;2,911467661135914;0,7517377176400569;1,0360121723663023;4,260646271566516;0,8888429787860705;-1,1760534470261201;6,472711890958939;3,8633123111701377;2,9315066688984004;2,648329221966409;2,0699500356888003;2,813238939337307;1,53952119920834;1,4973664953891033;0,2626969653244295;sim;nao;nao;nao;0;2.993 | 0.966 | 3.986;1,3990759782180733;15;15;0,032763282952721795;-0,03614521763074843;0,10167178353619202;1,0089286852428678;0,992101863061362;1,0257555074243736;0,9992258332025714;nao;nao;1,414124110748951;0,5155629276611597;2,3126852938367426;;6,002699731238839;Classe mundial;1_3s;2;1000;Até 1000 pacientes entre eventos de CQ;6,247663053467507;6,142715300420116;Classe mundial;1_3s;2;1000;Até 1000 pacientes entre eventos de CQ;5,966122052502046;5,538481642810307;Excelente;1_3s / 2_2s / R_4s;2;450;Até 450 pacientes entre eventos de CQ;7,181105141705775;6,756508426611193;Classe mundial;1_3s;2;1000;Até 1000 pacientes entre eventos de CQ;4,731916941284588;6,142715300420116;Classe mundial;1_3s;2;1000;Até 1000 pacientes entre eventos de CQ;5,966122052502046;6,001885896263995;Classe mundial;1_3s;2;1000;Até 1000 pacientes entre eventos de CQ;6,249299499434038;5,340880084141503;4,240778764250399;5,368616143732854;6,56952334395781;0,533;1,7901106359880437;4,204875059651669;5,5100932780201015;6,782462369468921;0,6775;1,3619363498171286;3,920395167637755;5,242752612032722;6,586596061460882;0,4395;1,7557810967580751;4,457959376682332
bioquimica;Ferro;1;CAP;2025;6,611758725789546;15,0;230,5042735042735;2,0949500305067064;Desempenho inadequado;15;3;1,148695855704208;-0,05355002148071112;0,05355002148071112;-0,05355002148071109;1,6340124941845953;0,42190021183145204;-0,9584359794465109;0,8513359364850888;0,3771149287041836;-1,6761445988990404;1,569044555937618;1,5795140541345374;0,5360027459852305;0,0;0,09718172983478553;1,661161379692238;0,6531822168083607;0,7730633025822485;0,4832776316939182;nao;nao;sim;nao;1;-0.806 | 0.280 | 0.366;0,2512434964108388;15;15;-1,3634890957507224;-3,3366164002002963;0,6096382086988517;1,013752289081641;0,999525815205631;1,0279787629576511;0,9994517479119522;nao;nao;0,7837044756570142;0,04963965735667031;1,517769293957358;;2,0949500305067064;Desempenho inadequado;1_3s / 2_2s / R_4s / 4_1s / 8x;;;CQ estatístico isolado pode ser insuficiente — investigar e melhorar o desempenho analítico ou reavaliar o método;12,058097753256957;2,2605861160994576;Desempenho inadequado;1_3s / 2_2s / R_4s / 4_1s / 8x;;;CQ estatístico isolado pode ser insuficiente — investigar e melhorar o desempenho analítico ou reavaliar o método;10,962951919033461;2,0297906355109547;Desempenho inadequado;1_3s / 2_2s / R_4s / 4_1s / 8x;;;CQ estatístico isolado pode ser insuficiente — investigar e melhorar o desempenho analítico ou reavaliar o método;12,488915951687286;2,150153403041086;Desempenho inadequado;1_3s / 2_2s / R_4s / 4_1s / 8x;;;CQ estatístico isolado pode ser insuficiente — investigar e melhorar o desempenho analítico ou reavaliar o método;11,693106373209764;2,2686853259620072;Desempenho inadequado;1_3s / 2_2s / R_4s / 4_1s / 8x;;;CQ estatístico isolado pode ser insuficiente — investigar e melhorar o desempenho analítico ou reavaliar o método;10,90940189755275;2,187617221662538;Desempenho inadequado;1_3s / 2_2s / R_4s / 4_1s / 8x;;;CQ estatístico isolado pode ser insuficiente — investigar e melhorar o desempenho analítico ou reavaliar o método;11,44540464353798;2,1237260164657186;2,0151756822478255;2,0169232934556254;2,1590554764504883;1,0;0,7248461141147783;1,6645898152465795;2,138615661394977;2,266663206631215;1,0;0,013369765129953092;0,8599892396615783;2,0166524190674346;2,237453946685644;1,0;0,20649434444893652;1,6663807713462933;15;3;1,148695855704208;-0,05355002148071112;0,05355002148071112;-0,05355002148071109;1,6340124941845953;0,42190021183145204;-0,9584359794465109;0,8513359364850888;0,3771149287041836;-1,6761445988990404;1,569044555937618;1,5795140541345374;0,5360027459852305;0,0;0,09718172983478553;1,661161379692238;0,6531822168083607;0,7730633025822485;0,4832776316939182;nao;nao;sim;nao;1;-0.806 | 0.280 | 0.366;0,2512434964108388;15;15;-1,3634890957507224;-3,3366164002002963;0,6096382086988517;1,013752289081641;0,999525815205631;1,0279787629576511;0,9994517479119522;nao;nao;0,7837044756570142;0,04963965735667031;1,517769293957358;;2,0949500305067064;Desempenho inadequado;1_3s / 2_2s / R_4s / 4_1s / 8x;;;CQ estatístico isolado pode ser insuficiente — investigar e melhorar o desempenho analítico ou reavaliar o método;12,058097753256957;2,2605861160994576;Desempenho inadequado;1_3s / 2_2s / R_4s / 4_1s / 8x;;;CQ estatístico isolado pode ser insuficiente — investigar e melhorar o desempenho analítico ou reavaliar o método;10,962951919033461;2,0297906355109547;Desempenho inadequado;1_3s / 2_2s / R_4s / 4_1s / 8x;;;CQ estatístico isolado pode ser insuficiente — investigar e melhorar o desempenho analítico ou reavaliar o método;12,488915951687286;2,150153403041086;Desempenho inadequado;1_3s / 2_2s / R_4s / 4_1s / 8x;;;CQ estatístico isolado pode ser insuficiente — investigar e melhorar o desempenho analítico ou reavaliar o método;11,693106373209764;2,2686853259620072;Desempenho inadequado;1_3s / 2_2s / R_4s / 4_1s / 8x;;;CQ estatístico isolado pode ser insuficiente — investigar e melhorar o desempenho analítico ou reavaliar o método;10,90940189755275;2,187617221662538;Desempenho inadequado;1_3s / 2_2s / R_4s / 4_1s / 8x;;;CQ estatístico isolado pode ser insuficiente — investigar e melhorar o desempenho analítico ou reavaliar o método;11,44540464353798;2,1237260164657186;2,0151756822478255;2,0109012674326205;2,160089738852123;1,0;0,7180078206560128;1,7044059983511146;2,138557629981392;2,2670436176084534;1,0;0,010854579531807788;0,8603729293667199;2,0174340373769364;2,2390541702058653;1,0;0,19591405262589912;1,6612128996682074
bioquimica;Ferro;2;CAP;2025;2,334319271697872;15,0;68,8425925925926;5,933765921497541;Excelente;15;3;1,148695855704208;-0,05355002148071112;0,05355002148071112;-0,05355002148071109;1,6340124941845953;0,42190021183145204;-0,9584359794465109;0,8513359364850888;0,3771149287041836;-1,6761445988990404;1,569044555937618;1,5795140541345374;0,5360027459852305;0,0;0,09718172983478553;1,661161379692238;0,6531822168083607;0,7730633025822485;0,4832776316939182;nao;nao;sim;nao;1;-0.806 | 0.280 | 0.366;0,7116256117287627;15;15;-1,3634890957507224;-3,3366164002002963;0,6096382086988517;1,013752289081641;0,999525815205631;1,0279787629576511;0,9994517479119522;nao;nao;-0,6053604979028528;-2,2825085776271687;1,071787581821463;;5,933765921497541;Excelente;1_3s / 2_2s / R_4s;2;450;Até 450 pacientes entre eventos de CQ;5,000322654005696;6,402915899181159;Classe mundial;1_3s;2;1000;Até 1000 pacientes entre eventos de CQ;3,9051768197821994;5,7492075349675895;Excelente;1_3s / 2_2s / R_4s;2;450;Até 450 pacientes entre eventos de CQ;5,431140852436026;6,166525580550589;Classe mundial;1_3s;2;1000;Até 1000 pacientes entre eventos de CQ;4,456987296204341;6,425856215071094;Classe mundial;1_3s;2;1000;Até 1000 pacientes entre eventos de CQ;3,8516267983014885;6,1962377766321355;Classe mundial;1_3s;2;1000;Até 1000 pacientes entre eventos de CQ;4,387629544286719;6,015271428719486;5,707811935858211;5,712761894414675;6,115339087914122;0,721;0,7248461141147783;1,6645898152465795;6,057445068366186;6,42012873584747;0,9895;0,013369765129953092;0,8599892396615783;5,7119946659890575;6,337396017294146;0,7465;0,20649434444893652;1,6663807713462933;15;3;1,148695855704208;-0,05355002148071112;0,05355002148071112;-0,05355002148071109;1,6340124941845953;0,42190021183145204;-0,9584359794465109;0,8513359364850888;0,3771149287041836;-1,6761445988990404;1,569044555937618;1,5795140541345374;0,5360027459852305;0,0;0,09718172983478553;1,661161379692238;0,6531822168083607;0,7730633025822485;0,4832776316939182;nao;nao;sim;nao;1;-0.806 | 0.280 | 0.366;0,7116256117287627;15;15;-1,3634890957507224;-3,3366164002002963;0,6096382086988517;1,013752289081641;0,999525815205631;1,0279787629576511;0,9994517479119522;nao;nao;-0,6053604979028528;-2,2825085776271687;1,071787581821463;;5,933765921497541;Excelente;1_3s / 2_2s / R_4s;2;450;Até 450 pacientes entre eventos de CQ;5,000322654005696;6,402915899181159;Classe mundial;1_3s;2;1000;Até 1000 pacientes entre eventos de CQ;3,9051768197821994;5,7492075349675895;Excelente;1_3s / 2_2s / R_4s;2;450;Até 450 pacientes entre eventos de CQ;5,431140852436026;6,166525580550589;Classe mundial;1_3s;2;1000;Até 1000 pacientes entre eventos de CQ;4,456987296204341;6,425856215071094;Classe mundial;1_3s;2;1000;Até 1000 pacientes entre eventos de CQ;3,8516267983014885;6,1962377766321355;Classe mundial;1_3s;2;1000;Até 1000 pacientes entre eventos de CQ;4,387629544286719;6,015271428719486;5,707811935858211;5,695705023237163;6,1182685472822875;0,723;0,7180078206560128;1,7044059983511146;6,057280699374423;6,421206217247997;0,9905;0,010854579531807788;0,8603729293667199;5,714208532678478;6,341928512892034;0,77;0,19591405262589912;1,6612128996682074
bioquimica;Fósforo;1;CAP;2025;9,883988977063005;11,0;3,563680000000001;0,8325996546032833;Desempenho inadequado;15;3;2,7705941915946823;2,3301749478485845;2,3301749478485845;2,330174947848584;2,4214023696101106;0,6252034034644756;0,989247010857073;3,671102884840095;1,495453335604026;-4,104241428801016;8,764591324498186;3,301821531735331;3,146820084707667;2,3301749478485845;3,158933859822313;1,1177817217101693;2,5902011576145245;26,848682758944236;3,713639553817342e-05;sim;nao;sim;sim;0;3.804 | 3.847 | -0.661;0,11309014248236389;15;15;-0,03656464976028584;-0,29222467945749847;0,2190953799369268;1,032260223036482;0,9783831280578803;1,0861373180150835;0,9924693119122238;nao;nao;2,1999860220436167;-0,3394602386270984;4,739432282714332;;0,8325996546032833;Desempenho inadequado;1_3s / 2_2s / R_4s / 4_1s / 8x;;;CQ estatístico isolado pode ser insuficiente — investigar e melhorar o desempenho analítico ou reavaliar o método;19,07917600374864;0,877158510827035;Desempenho inadequado;1_3s / 2_2s / R_4s / 4_1s / 8x;;;CQ estatístico isolado pode ser insuficiente — investigar e melhorar o desempenho analítico ou reavaliar o método;18,63875676000254;0,7788534048479036;Desempenho inadequado;1_3s / 2_2s / R_4s / 4_1s / 8x;;;CQ estatístico isolado pode ser insuficiente — investigar e melhorar o desempenho analítico ou reavaliar o método;19,61040334388929;0,8903302096327588;Desempenho inadequado;1_3s / 2_2s / R_4s / 4_1s / 8x;;;CQ estatístico isolado pode ser insuficiente — investigar e melhorar o desempenho analítico ou reavaliar o método;18,508567834197574;0,877158510827035;Desempenho inadequado;1_3s / 2_2s / R_4s / 4_1s / 8x;;;CQ estatístico isolado pode ser insuficiente — investigar e melhorar o desempenho analítico ou reavaliar o método;18,63875676000254;0,794535478895878;Desempenho inadequado;1_3s / 2_2s / R_4s / 4_1s / 8x;;;CQ estatístico isolado pode ser insuficiente — investigar e melhorar o desempenho analítico ou reavaliar o método;19,455401896861623;0,7414918341337187;0,22616462651762875;0,77862530443059;0,8761612406741517;1,0;2,3400319550468387;3,3040760737457213;0,8225331271679719;0,9196963653515675;1,0;1,9097312626201968;2,8700916378026027;0,7243237334206544;0,8412665583778303;1,0;2,6849306102217945;3,84079220304513;15;3;2,7705941915946823;2,3301749478485845;2,3301749478485845;2,330174947848584;2,4214023696101106;0,6252034034644756;0,989247010857073;3,671102884840095;1,495453335604026;-4,104241428801016;8,764591324498186;3,301821531735331;3,146820084707667;2,3301749478485845;3,158933859822313;1,1177817217101693;2,5902011576145245;26,848682758944236;3,713639553817342e-05;sim;nao;sim;sim;0;3.804 | 3.847 | -0.661;0,11309014248236389;15;15;-0,03656464976028584;-0,29222467945749847;0,2190953799369268;1,032260223036482;0,9783831280578803;1,0861373180150835;0,9924693119122238;nao;nao;2,1999860220436167;-0,3394602386270984;4,739432282714332;;0,8325996546032833;Desempenho inadequado;1_3s / 2_2s / R_4s / 4_1s / 8x;;;CQ estatístico isolado pode ser insuficiente — investigar e melhorar o desempenho analítico ou reavaliar o método;19,07917600374864;0,877158510827035;Desempenho inadequado;1_3s / 2_2s / R_4s / 4_1s / 8x;;;CQ estatístico isolado pode ser insuficiente — investigar e melhorar o desempenho analítico ou reavaliar o método;18,63875676000254;0,7788534048479036;Desempenho inadequado;1_3s / 2_2s / R_4s / 4_1s / 8x;;;CQ estatístico isolado pode ser insuficiente — investigar e melhorar o desempenho analítico ou reavaliar o método;19,61040334388929;0,8903302096327588;Desempenho inadequado;1_3s / 2_2s / R_4s / 4_1s / 8x;;;CQ estatístico isolado pode ser insuficiente — investigar e melhorar o desempenho analítico ou reavaliar o método;18,508567834197574;0,877158510827035;Desempenho inadequado;1_3s / 2_2s / R_4s / 4_1s / 8x;;;CQ estatístico isolado pode ser insuficiente — investigar e melhorar o desempenho analítico ou reavaliar o método;18,63875676000254;0,794535478895878;Desempenho inadequado;1_3s / 2_2s / R_4s / 4_1s / 8x;;;CQ estatístico isolado pode ser insuficiente — investigar e melhorar o desempenho analítico ou reavaliar o método;19,455401896861623;0,7414918341337187;0,22616462651762875;0,7776644902890549;0,875030411686406;1,0;2,3512090562966588;3,31357275012966;0,8210371774715421;0,9197494478819139;1,0;1,9092065954753767;2,8848775881123543;0,7230550076950524;0,840511572282175;1,0;2,6923928844690868;3,8533322741318954
bioquimica;Fósforo;2;CAP;2025;2,2423043909264626;11,0;7,209736842105263;3,6700663128992663;Marginal;15;3;2,7705941915946823;2,3301749478485845;2,3301749478485845;2,330174947848584;2,4214023696101106;0,6252034034644756;0,989247010857073;3,671102884840095;1,495453335604026;-4,104241428801016;8,764591324498186;3,301821531735331;3,146820084707667;2,3301749478485845;3,158933859822313;1,1177817217101693;2,5902011576145245;26,848682758944236;3,713639553817342e-05;sim;nao;sim;sim;0;3.804 | 3.847 | -0.661;0,4984968705557101;15;15;-0,03656464976028584;-0,29222467945749847;0,2190953799369268;1,032260223036482;0,9783831280578803;1,0861373180150835;0,9924693119122238;nao;nao;2,7188657934861844;0,48234245177948676;4,955389135192882;;3,6700663128992663;Marginal;1_3s / 2_2s / R_4s / 4_1s / 8x;6;45;Até 45 pacientes entre eventos de CQ;6,4703964366233455;3,866479986942926;Marginal;1_3s / 2_2s / R_4s / 4_1s / 8x;6;45;Até 45 pacientes entre eventos de CQ;6,029977192877247;3,4331549719188565;Marginal;1_3s / 2_2s / R_4s / 4_1s / 8x;6;45;Até 45 pacientes entre eventos de CQ;7,001623776763994;3,693135615317715;Marginal;1_3s / 2_2s / R_4s / 4_1s / 8x;6;45;Até 45 pacientes entre eventos de CQ;6,418668038514848;3,866479986942926;Marginal;1_3s / 2_2s / R_4s / 4_1s / 8x;6;45;Até 45 pacientes entre eventos de CQ;6,029977192877247;3,5022809334318796;Marginal;1_3s / 2_2s / R_4s / 4_1s / 8x;6;45;Até 45 pacientes entre eventos de CQ;6,846622329736331;3,2684666474437902;0,9969247192965629;3,4321495143103746;3,862084059593303;1,0;2,3400319550468387;3,3040760737457213;3,6256934585220733;4,053985165512671;0,8705;1,9097312626201968;2,8700916378026027;3,1927903392263657;3,7082696815942247;0,9985;2,6849306102217945;3,84079220304513;15;3;2,7705941915946823;2,3301749478485845;2,3301749478485845;2,330174947848584;2,4214023696101106;0,6252034034644756;0,989247010857073;3,671102884840095;1,495453335604026;-4,104241428801016;8,764591324498186;3,301821531735331;3,146820084707667;2,3301749478485845;3,158933859822313;1,1177817217101693;2,5902011576145245;26,848682758944236;3,713639553817342e-05;sim;nao;sim;sim;0;3.804 | 3.847 | -0.661;0,4984968705557101;15;15;-0,03656464976028584;-0,29222467945749847;0,2190953799369268;1,032260223036482;0,9783831280578803;1,0861373180150835;0,9924693119122238;nao;nao;2,7188657934861844;0,48234245177948676;4,955389135192882;;3,6700663128992663;Marginal;1_3s / 2_2s / R_4s / 4_1s / 8x;6;45;Até 45 pacientes entre eventos de CQ;6,4703964366233455;3,866479986942926;Marginal;1_3s / 2_2s / R_4s / 4_1s / 8x;6;45;Até 45 pacientes entre eventos de CQ;6,029977192877247;3,4331549719188565;Marginal;1_3s / 2_2s / R_4s / 4_1s / 8x;6;45;Até 45 pacientes entre eventos de CQ;7,001623776763994;3,693135615317715;Marginal;1_3s / 2_2s / R_4s / 4_1s / 8x;6;45;Até 45 pacientes entre eventos de CQ;6,418668038514848;3,866479986942926;Marginal;1_3s / 2_2s / R_4s / 4_1s / 8x;6;45;Até 45 pacientes entre eventos de CQ;6,029977192877247;3,5022809334318796;Marginal;1_3s / 2_2s / R_4s / 4_1s / 8x;6;45;Até 45 pacientes entre eventos de CQ;6,846622329736331;3,2684666474437902;0,9969247192965629;3,4279142836153946;3,857099410187518;1,0;2,3512090562966588;3,31357275012966;3,6190993714884026;4,054219151204775;0,892;1,9092065954753767;2,8848775881123543;3,187197846459769;3,704941732776264;0,9985;2,6923928844690868;3,8533322741318954
bioquimica;Glicose;1;CAP;2025;20,394277322041503;10,0;88,98347107438016;0,35631101028758705;Desempenho inadequado;15;3;2,733294443298167;-1,3264371051286767;1,3264371051286767;-1,3264371051286767;3,7842615190353293;0,9770921227278274;-3,42209128282467;0,7692170725673164;1,976685550127915;-9,831428583242868;7,178554372985514;3,88913378813547;3,0941892188473443;0,0;-0,5247904754445066;2,6342348746803625;3,4237198034087855;8,446123820755647;0,005133333786857546;nao;nao;sim;sim;0;0.441 | 0.852 | -5.273;0,1291653944429481;15;15;-2,4367439459516618;-6,406054629936108;1,5325667380327839;1,010539681192915;0,9844405442112436;1,0366388181745865;0,9981454992226543;nao;nao;-1,6844550019135718;-4,160368750778849;0,7914587469517058;;0,35631101028758705;Desempenho inadequado;1_3s / 2_2s / R_4s / 4_1s / 8x;;;CQ estatístico isolado pode ser insuficiente — investigar e melhorar o desempenho analítico ou reavaliar o método;36,38385202466665;0,42529395662856884;Desempenho inadequado;1_3s / 2_2s / R_4s / 4_1s / 8x;;;CQ estatístico isolado pode ser insuficiente — investigar e melhorar o desempenho analítico ou reavaliar o método;34,97699468649716;0,2996363202956005;Desempenho inadequado;1_3s / 2_2s / R_4s / 4_1s / 8x;;;CQ estatístico isolado pode ser insuficiente — investigar e melhorar o desempenho analítico ou reavaliar o método;37,53969136950395;0,40773913518863675;Desempenho inadequado;1_3s / 2_2s / R_4s / 4_1s / 8x;;;CQ estatístico isolado pode ser insuficiente — investigar e melhorar o desempenho analítico ou reavaliar o método;35,33501258328205;0,4903336285023598;Desempenho inadequado;1_3s / 2_2s / R_4s / 4_1s / 8x;;;CQ estatístico isolado pode ser insuficiente — investigar e melhorar o desempenho analítico ou reavaliar o método;33,65055758136848;0,3386151258073298;Desempenho inadequado;1_3s / 2_2s / R_4s / 4_1s / 8x;;;CQ estatístico isolado pode ser insuficiente — investigar e melhorar o desempenho analítico ou reavaliar o método;36,74474680021583;0,3225369849249882;0,0082656234440308;0,3036138940651172;0,40579820616803464;1,0;1,7240388466221275;3,8080140456110683;0,36894184323367746;0,4800944344529231;1,0;0,20882096299840827;2,4756977333872205;0,2527437672504139;0,4154275202876438;1,0;1,5276559440457698;4,845473519277545;15;3;2,733294443298167;-1,3264371051286767;1,3264371051286767;-1,3264371051286767;3,7842615190353293;0,9770921227278274;-3,42209128282467;0,7692170725673164;1,976685550127915;-9,831428583242868;7,178554372985514;3,88913378813547;3,0941892188473443;0,0;-0,5247904754445066;2,6342348746803625;3,4237198034087855;8,446123820755647;0,005133333786857546;nao;nao;sim;sim;0;0.441 | 0.852 | -5.273;0,1291653944429481;15;15;-2,4367439459516618;-6,406054629936108;1,5325667380327839;1,010539681192915;0,9844405442112436;1,0366388181745865;0,9981454992226543;nao;nao;-1,6844550019135718;-4,160368750778849;0,7914587469517058;;0,35631101028758705;Desempenho inadequado;1_3s / 2_2s / R_4s / 4_1s / 8x;;;CQ estatístico isolado pode ser insuficiente — investigar e melhorar o desempenho analítico ou reavaliar o método;36,38385202466665;0,42529395662856884;Desempenho inadequado;1_3s / 2_2s / R_4s / 4_1s / 8x;;;CQ estatístico isolado pode ser insuficiente — investigar e melhorar o desempenho analítico ou reavaliar o método;34,97699468649716;0,2996363202956005;Desempenho inadequado;1_3s / 2_2s / R_4s / 4_1s / 8x;;;CQ estatístico isolado pode ser insuficiente — investigar e melhorar o desempenho analítico ou reavaliar o método;37,53969136950395;0,40773913518863675;Desempenho inadequado;1_3s / 2_2s / R_4s / 4_1s / 8x;;;CQ estatístico isolado pode ser insuficiente — investigar e melhorar o desempenho analítico ou reavaliar o método;35,33501258328205;0,4903336285023598;Desempenho inadequado;1_3s / 2_2s / R_4s / 4_1s / 8x;;;CQ estatístico isolado pode ser insuficiente — investigar e melhorar o desempenho analítico ou reavaliar o método;33,65055758136848;0,3386151258073298;Desempenho inadequado;1_3s / 2_2s / R_4s / 4_1s / 8x;;;CQ estatístico isolado pode ser insuficiente — investigar e melhorar o desempenho analítico ou reavaliar o método;36,74474680021583;0,3225369849249882;0,0082656234440308;0,3026724735496852;0,40504503470922953;1,0;1,739399234224046;3,8272136366794482;0,36513613982245835;0,4812685514365123;1,0;0,18487569562657205;2,5533123041610617;0,2444404689327159;0,41472549032119926;1,0;1,5419733378698228;5,014813287856321
bioquimica;Glicose;2;CAP;2025;1,3730482390633674;10,0;280,780701754386;5,292389116393214;Excelente;15;3;2,733294443298167;-1,3264371051286767;1,3264371051286767;-1,3264371051286767;3,7842615190353293;0,9770921227278274;-3,42209128282467;0,7692170725673164;1,976685550127915;-9,831428583242868;7,178554372985514;3,88913378813547;3,0941892188473443;0,0;-0,5247904754445066;2,6342348746803625;3,4237198034087855;8,446123820755647;0,005133333786857546;nao;nao;sim;sim;0;0.441 | 0.852 | -5.273;1,9185304636327423;15;15;-2,4367439459516618;-6,406054629936108;1,5325667380327839;1,010539681192915;0,9844405442112436;1,0366388181745865;0,9981454992226543;nao;nao;0,18612217021940117;-1,3265372684150396;1,6987816088538419;;5,292389116393214;Excelente;1_3s / 2_2s / R_4s;2;450;Até 450 pacientes entre eventos de CQ;4,998824037752723;6,31701250408219;Classe mundial;1_3s;2;1000;Até 1000 pacientes entre eventos de CQ;3,591966699583233;4,450583772667079;Bom;1_3s / 2_2s / R_4s / 4_1s;4;200;Até 200 pacientes entre eventos de CQ;6,1546633825900265;7,147511318666554;Classe mundial;1_3s;2;1000;Até 1000 pacientes entre eventos de CQ;2,4516517646739575;7,283065310816434;Classe mundial;1_3s;2;1000;Até 1000 pacientes entre eventos de CQ;2,265529594454556;5,029547094327505;Excelente;1_3s / 2_2s / R_4s;2;450;Até 450 pacientes entre eventos de CQ;5,3597188133019005;4,790733879577667;0,12277166377790477;4,509663810947261;6,027436558983074;0,7395;1,7240388466221275;3,8080140456110683;5,4799984826065;7,130979639637934;0,759;0,20882096299840827;2,4756977333872205;3,75407530054344;6,170463509522206;0,4375;1,5276559440457698;4,845473519277545;15;3;2,733294443298167;-1,3264371051286767;1,3264371051286767;-1,3264371051286767;3,7842615190353293;0,9770921227278274;-3,42209128282467;0,7692170725673164;1,976685550127915;-9,831428583242868;7,178554372985514;3,88913378813547;3,0941892188473443;0,0;-0,5247904754445066;2,6342348746803625;3,4237198034087855;8,446123820755647;0,005133333786857546;nao;nao;sim;sim;0;0.441 | 0.852 | -5.273;1,9185304636327423;15;15;-2,4367439459516618;-6,406054629936108;1,5325667380327839;1,010539681192915;0,9844405442112436;1,0366388181745865;0,9981454992226543;nao;nao;0,18612217021940117;-1,3265372684150396;1,6987816088538419;;5,292389116393214;Excelente;1_3s / 2_2s / R_4s;2;450;Até 450 pacientes entre eventos de CQ;4,998824037752723;6,31701250408219;Classe mundial;1_3s;2;1000;Até 1000 pacientes entre eventos de CQ;3,591966699583233;4,450583772667079;Bom;1_3s / 2_2s / R_4s / 4_1s;4;200;Até 200 pacientes entre eventos de CQ;6,1546633825900265;7,147511318666554;Classe mundial;1_3s;2;1000;Até 1000 pacientes entre eventos de CQ;2,4516517646739575;7,283065310816434;Classe mundial;1_3s;2;1000;Até 1000 pacientes entre eventos de CQ;2,265529594454556;5,029547094327505;Excelente;1_3s / 2_2s / R_4s;2;450;Até 450 pacientes entre eventos de CQ;5,3597188133019005;4,790733879577667;0,12277166377790477;4,495680623378063;6,016249488372652;0,733;1,739399234224046;3,8272136366794482;5,423471283804813;7,148419134253339;0,7575;0,18487569562657205;2,5533123041610617;3,6307440411156655;6,160036058092079;0,462;1,5419733378698228;5,014813287856321
bioquimica;Hemoglobina glicada;1;CAP;;0,5460284024643209;8,0;5,18;;;0;0;;;;;;;;;;;;;;;;;;;;;;;;;;;0;;;;;;;;;;;;;;menos de 8 amostras com Xlab e Xref;;;;;;;;;;;;;;;;;;;;;;;;;;;;;;;;;;;;;;;;;;;;;;;;;;;;;;;;;;;;0;0;;;;;;;;;;;;;;;;;;;;;;;;;;;0;;;;;;;;;;;;;;menos de 8 amostras com Xlab e Xref;;;;;;;;;;;;;;;;;;;;;;;;;;;;;;;;;;;;;;;;;;;;;;;;;;;;;;;;;;;
bioquimica;Hemoglobina glicada;2;CAP;;0,2817158490816916;8,0;10,04;;;0;0;;;;;;;;;;;;;;;;;;;;;;;;;;;0;;;;;;;;;;;;;;menos de 8 amostras com Xlab e Xref;;;;;;;;;;;;;;;;;;;;;;;;;;;;;;;;;;;;;;;;;;;;;;;;;;;;;;;;;;;;0;0;;;;;;;;;;;;;;;;;;;;;;;;;;;0;;;;;;;;;;;;;;menos de 8 amostras com Xlab e Xref;;;;;;;;;;;;;;;;;;;;;;;;;;;;;;;;;;;;;;;;;;;;;;;;;;;;;;;;;;;
bioquimica;Magnésio;1;CAP;2025;19,220546573736712;15,0;2,1448148148148163;0,5503066439598446;Desempenho inadequado;15;3;4,422805519933059;0,03318168940701227;0,03318168940701227;0,033181689407011855;5,595845309545455;1,4448410461214956;-3,0656941524716057;3,1320575312856294;3,118099897313797;-13,382919345401714;13,449282724215738;5,406202003654351;4,4097840042079754;0,0;-1,1354737666405605;3,496574241408974;5,400707445222795;11,928499074363925;0,0014048951187983494;nao;nao;sim;sim;0;6.198 | -3.863 | -2.236;0,18191856449008342;15;15;-0,017837236307654436;-0,2690866559907194;0,23341218337541053;1,004498068299656;0,9397207581216273;1,069275378477685;0,9885492603298857;nao;nao;-0,3818377569911736;-6,446541224003274;5,682865710020926;;0,5503066439598446;Desempenho inadequado;1_3s / 2_2s / R_4s / 4_1s / 8x;;;CQ estatístico isolado pode ser insuficiente — investigar e melhorar o desempenho analítico ou reavaliar o método;36,136707366598635;0,7786884859478402;Desempenho inadequado;1_3s / 2_2s / R_4s / 4_1s / 8x;;;CQ estatístico isolado pode ser insuficiente — investigar e melhorar o desempenho analítico ou reavaliar o método;31,747083536072587;0,49914282923955877;Desempenho inadequado;1_3s / 2_2s / R_4s / 4_1s / 8x;;;CQ estatístico isolado pode ser insuficiente — investigar e melhorar o desempenho analítico ou reavaliar o método;37,12010385031993;0,7605487277340665;Desempenho inadequado;1_3s / 2_2s / R_4s / 4_1s / 8x;;;CQ estatístico isolado pode ser insuficiente — investigar e melhorar o desempenho analítico ou reavaliar o método;32,095739603656746;0,7804148514952358;Desempenho inadequado;1_3s / 2_2s / R_4s / 4_1s / 8x;;;CQ estatístico isolado pode ser insuficiente — investigar e melhorar o desempenho analítico ou reavaliar o método;31,713901846665575;0,550984122910567;Desempenho inadequado;1_3s / 2_2s / R_4s / 4_1s / 8x;;;CQ estatístico isolado pode ser insuficiente — investigar e melhorar o desempenho analítico ou reavaliar o método;36,12368585087355;0,6174612372850485;0,08068018616615143;0,470762828619832;0,6199547218202475;1,0;3,084131395645945;5,951681127328484;0,687042379121348;0,778965057504449;1,0;0,027865832922242418;1,7946699539672542;0,45276536069911333;0,6243477701628215;1,0;2,9996946053768236;6,297602297707991;15;3;4,422805519933059;0,03318168940701227;0,03318168940701227;0,033181689407011855;5,595845309545455;1,4448410461214956;-3,0656941524716057;3,1320575312856294;3,118099897313797;-13,382919345401714;13,449282724215738;5,406202003654351;4,4097840042079754;0,0;-1,1354737666405605;3,496574241408974;5,400707445222795;11,928499074363925;0,0014048951187983494;nao;nao;sim;sim;0;6.198 | -3.863 | -2.236;0,18191856449008342;15;15;-0,017837236307654436;-0,2690866559907194;0,23341218337541053;1,004498068299656;0,9397207581216273;1,069275378477685;0,9885492603298857;nao;nao;-0,3818377569911736;-6,446541224003274;5,682865710020926;;0,5503066439598446;Desempenho inadequado;1_3s / 2_2s / R_4s / 4_1s / 8x;;;CQ estatístico isolado pode ser insuficiente — investigar e melhorar o desempenho analítico ou reavaliar o método;36,136707366598635;0,7786884859478402;Desempenho inadequado;1_3s / 2_2s / R_4s / 4_1s / 8x;;;CQ estatístico isolado pode ser insuficiente — investigar e melhorar o desempenho analítico ou reavaliar o método;31,747083536072587;0,49914282923955877;Desempenho inadequado;1_3s / 2_2s / R_4s / 4_1s / 8x;;;CQ estatístico isolado pode ser insuficiente — investigar e melhorar o desempenho analítico ou reavaliar o método;37,12010385031993;0,7605487277340665;Desempenho inadequado;1_3s / 2_2s / R_4s / 4_1s / 8x;;;CQ estatístico isolado pode ser insuficiente — investigar e melhorar o desempenho analítico ou reavaliar o método;32,095739603656746;0,7804148514952358;Desempenho inadequado;1_3s / 2_2s / R_4s / 4_1s / 8x;;;CQ estatístico isolado pode ser insuficiente — investigar e melhorar o desempenho analítico ou reavaliar o método;31,713901846665575;0,550984122910567;Desempenho inadequado;1_3s / 2_2s / R_4s / 4_1s / 8x;;;CQ estatístico isolado pode ser insuficiente — investigar e melhorar o desempenho analítico ou reavaliar o método;36,12368585087355;0,6174612372850485;0,08068018616615143;0,4729868011191227;0,6171453536626568;1,0;3,138128987161692;5,908935160327158;0,6868030473435293;0,7786904731235021;1,0;0,03314349480465265;1,7992700415493925;0,45312785790974786;0,6222076508719478;1,0;3,0408288678804154;6,29063490318814
bioquimica;Magnésio;2;CAP;2025;8,177253072209297;15,0;4,629349593495933;1,2934899270775826;Desempenho inadequado;15;3;4,422805519933059;0,03318168940701227;0,03318168940701227;0,033181689407011855;5,595845309545455;1,4448410461214956;-3,0656941524716057;3,1320575312856294;3,118099897313797;-13,382919345401714;13,449282724215738;5,406202003654351;4,4097840042079754;0,0;-1,1354737666405605;3,496574241408974;5,400707445222795;11,928499074363925;0,0014048951187983494;nao;nao;sim;sim;0;6.198 | -3.863 | -2.236;0,4275976554146543;15;15;-0,017837236307654436;-0,2690866559907194;0,23341218337541053;1,004498068299656;0,9397207581216273;1,069275378477685;0,9885492603298857;nao;nao;0,06449921930870232;-2,267795890893771;2,396794329511176;;1,2934899270775826;Desempenho inadequado;1_3s / 2_2s / R_4s / 4_1s / 8x;;;CQ estatístico isolado pode ser insuficiente — investigar e melhorar o desempenho analítico ou reavaliar o método;17,915273089078397;1,830299023208452;Desempenho inadequado;1_3s / 2_2s / R_4s / 4_1s / 8x;;;CQ estatístico isolado pode ser insuficiente — investigar e melhorar o desempenho analítico ou reavaliar o método;13,52564925855235;1,1732299234996817;Desempenho inadequado;1_3s / 2_2s / R_4s / 4_1s / 8x;;;CQ estatístico isolado pode ser insuficiente — investigar e melhorar o desempenho analítico ou reavaliar o método;18,89866957279969;1,826469188222896;Desempenho inadequado;1_3s / 2_2s / R_4s / 4_1s / 8x;;;CQ estatístico isolado pode ser insuficiente — investigar e melhorar o desempenho analítico ou reavaliar o método;13,55696678845404;1,8343568271083681;Desempenho inadequado;1_3s / 2_2s / R_4s / 4_1s / 8x;;;CQ estatístico isolado pode ser insuficiente — investigar e melhorar o desempenho analítico ou reavaliar o método;13,492467569145338;1,295082334162223;Desempenho inadequado;1_3s / 2_2s / R_4s / 4_1s / 8x;;;CQ estatístico isolado pode ser insuficiente — investigar e melhorar o desempenho analítico ou reavaliar o método;17,902251573353315;1,4513360860810365;0,18963792144998337;1,106523033195899;1,4571969950215413;1,0;3,084131395645945;5,951681127328484;1,6148858216106285;1,8309491017174362;1,0;0,027865832922242418;1,7946699539672542;1,0642201758274348;1,46752280853416;1,0;2,9996946053768236;6,297602297707991;15;3;4,422805519933059;0,03318168940701227;0,03318168940701227;0,033181689407011855;5,595845309545455;1,4448410461214956;-3,0656941524716057;3,1320575312856294;3,118099897313797;-13,382919345401714;13,449282724215738;5,406202003654351;4,4097840042079754;0,0;-1,1354737666405605;3,496574241408974;5,400707445222795;11,928499074363925;0,0014048951187983494;nao;nao;sim;sim;0;6.198 | -3.863 | -2.236;0,4275976554146543;15;15;-0,017837236307654436;-0,2690866559907194;0,23341218337541053;1,004498068299656;0,9397207581216273;1,069275378477685;0,9885492603298857;nao;nao;0,06449921930870232;-2,267795890893771;2,396794329511176;;1,2934899270775826;Desempenho inadequado;1_3s / 2_2s / R_4s / 4_1s / 8x;;;CQ estatístico isolado pode ser insuficiente — investigar e melhorar o desempenho analítico ou reavaliar o método;17,915273089078397;1,830299023208452;Desempenho inadequado;1_3s / 2_2s / R_4s / 4_1s / 8x;;;CQ estatístico isolado pode ser insuficiente — investigar e melhorar o desempenho analítico ou reavaliar o método;13,52564925855235;1,1732299234996817;Desempenho inadequado;1_3s / 2_2s / R_4s / 4_1s / 8x;;;CQ estatístico isolado pode ser insuficiente — investigar e melhorar o desempenho analítico ou reavaliar o método;18,89866957279969;1,826469188222896;Desempenho inadequado;1_3s / 2_2s / R_4s / 4_1s / 8x;;;CQ estatístico isolado pode ser insuficiente — investigar e melhorar o desempenho analítico ou reavaliar o método;13,55696678845404;1,8343568271083681;Desempenho inadequado;1_3s / 2_2s / R_4s / 4_1s / 8x;;;CQ estatístico isolado pode ser insuficiente — investigar e melhorar o desempenho analítico ou reavaliar o método;13,492467569145338;1,295082334162223;Desempenho inadequado;1_3s / 2_2s / R_4s / 4_1s / 8x;;;CQ estatístico isolado pode ser insuficiente — investigar e melhorar o desempenho analítico ou reavaliar o método;17,902251573353315;1,4513360860810365;0,18963792144998337;1,1117504569559147;1,4505936049785868;1,0;3,138128987161692;5,908935160327158;1,6143232748065222;1,8303036940437583;1,0;0,03314349480465265;1,7992700415493925;1,065072221674411;1,462492480850725;1,0;3,0408288678804154;6,29063490318814
bioquimica;Proteína total;1;CAP;2025;9,213045412453363;10,0;6,854400000000007;0,7186183659766492;Desempenho inadequado;15;3;3,3793363600341007;2,2800788021347;2,2800788021347;2,2800788021347005;3,3132238092082815;0,8554707090214383;0,4452766135219144;4,114880990747487;0,11545517319848475;1,7833152860085426;2,7768423182608575;3,9299339968827725;2,285917570250641;2,2800788021347;2,6086956521739193;3,574031701362344;0,1999742259764401;0,015653132180931315;0,9844888079308108;sim;sim;nao;nao;1;2.053 | 2.355 | 2.432;0,38793162753016397;15;14;-0,29855482154426394;-0,4098764472170525;-0,18723319587147536;1,0955285859851824;1,073726955268199;1,117330216702166;0,9988981072213515;sim;sim;5,197191850965374;4,302062857404782;6,092320844525966;;0,7186183659766492;Desempenho inadequado;1_3s / 2_2s / R_4s / 4_1s / 8x;;;CQ estatístico isolado pode ser insuficiente — investigar e melhorar o desempenho analítico ou reavaliar o método;18,58086129058215;0,837933696433343;Desempenho inadequado;1_3s / 2_2s / R_4s / 4_1s / 8x;;;CQ estatístico isolado pode ser insuficiente — investigar e melhorar o desempenho analítico ou reavaliar o método;17,48160373268275;0,6588555392240074;Desempenho inadequado;1_3s / 2_2s / R_4s / 4_1s / 8x;;;CQ estatístico isolado pode ser insuficiente — investigar e melhorar o desempenho analítico ou reavaliar o método;19,13145892743082;0,5213051639301184;Desempenho inadequado;1_3s / 2_2s / R_4s / 4_1s / 8x;;;CQ estatístico isolado pode ser insuficiente — investigar e melhorar o desempenho analítico ou reavaliar o método;20,39871678151342;0,837933696433343;Desempenho inadequado;1_3s / 2_2s / R_4s / 4_1s / 8x;;;CQ estatístico isolado pode ser insuficiente — investigar e melhorar o desempenho analítico ou reavaliar o método;17,48160373268275;0,8372999463697595;Desempenho inadequado;1_3s / 2_2s / R_4s / 4_1s / 8x;;;CQ estatístico isolado pode ser insuficiente — investigar e melhorar o desempenho analítico ou reavaliar o método;17,48744250079869;0,6387810702959893;0,7840141189335211;0,6263559673919848;0,8154492131649724;1,0;2,487229367561746;4,229354028056485;0,6705257043894743;1,0353986681998353;1,0;0,46082504988118417;3,822416235242491;0,646992746397434;0,9352774482457469;1,0;1,383246396068433;4,039226445912518;15;3;3,3793363600341007;2,2800788021347;2,2800788021347;2,2800788021347005;3,3132238092082815;0,8554707090214383;0,4452766135219144;4,114880990747487;0,11545517319848475;1,7833152860085426;2,7768423182608575;3,9299339968827725;2,285917570250641;2,2800788021347;2,6086956521739193;3,574031701362344;0,1999742259764401;0,015653132180931315;0,9844888079308108;sim;sim;nao;nao;1;2.053 | 2.355 | 2.432;0,38793162753016397;15;14;-0,29855482154426394;-0,4098764472170525;-0,18723319587147536;1,0955285859851824;1,073726955268199;1,117330216702166;0,9988981072213515;sim;sim;5,197191850965374;4,302062857404782;6,092320844525966;;0,7186183659766492;Desempenho inadequado;1_3s / 2_2s / R_4s / 4_1s / 8x;;;CQ estatístico isolado pode ser insuficiente — investigar e melhorar o desempenho analítico ou reavaliar o método;18,58086129058215;0,837933696433343;Desempenho inadequado;1_3s / 2_2s / R_4s / 4_1s / 8x;;;CQ estatístico isolado pode ser insuficiente — investigar e melhorar o desempenho analítico ou reavaliar o método;17,48160373268275;0,6588555392240074;Desempenho inadequado;1_3s / 2_2s / R_4s / 4_1s / 8x;;;CQ estatístico isolado pode ser insuficiente — investigar e melhorar o desempenho analítico ou reavaliar o método;19,13145892743082;0,5213051639301184;Desempenho inadequado;1_3s / 2_2s / R_4s / 4_1s / 8x;;;CQ estatístico isolado pode ser insuficiente — investigar e melhorar o desempenho analítico ou reavaliar o método;20,39871678151342;0,837933696433343;Desempenho inadequado;1_3s / 2_2s / R_4s / 4_1s / 8x;;;CQ estatístico isolado pode ser insuficiente — investigar e melhorar o desempenho analítico ou reavaliar o método;17,48160373268275;0,8372999463697595;Desempenho inadequado;1_3s / 2_2s / R_4s / 4_1s / 8x;;;CQ estatístico isolado pode ser insuficiente — investigar e melhorar o desempenho analítico ou reavaliar o método;17,48744250079869;0,6387810702959893;0,7840141189335211;0,6195564012599265;0,81027689307878;1,0;2,5348821874035807;4,291998739616118;0,6711523638209712;1,0302339722372553;1,0;0,5084076283259478;3,816642793441967;0,6497457146030275;0,9327195798364313;1,0;1,406812153882538;4,013863224815344
bioquimica;Proteína total;2;CAP;2025;9,00379274786051;10,0;4,384873949579835;0,7353194176464255;Desempenho inadequado;15;3;3,3793363600341007;2,2800788021347;2,2800788021347;2,2800788021347005;3,3132238092082815;0,8554707090214383;0,4452766135219144;4,114880990747487;0,11545517319848475;1,7833152860085426;2,7768423182608575;3,9299339968827725;2,285917570250641;2,2800788021347;2,6086956521739193;3,574031701362344;0,1999742259764401;0,015653132180931315;0,9844888079308108;sim;sim;nao;nao;1;2.053 | 2.355 | 2.432;0,39694735334857734;15;14;-0,29855482154426394;-0,4098764472170525;-0,18723319587147536;1,0955285859851824;1,073726955268199;1,117330216702166;0,9988981072213515;sim;sim;2,744115063875208;1,7966205023346304;3,6916096254157855;;0,7353194176464255;Desempenho inadequado;1_3s / 2_2s / R_4s / 4_1s / 8x;;;CQ estatístico isolado pode ser insuficiente — investigar e melhorar o desempenho analítico ou reavaliar o método;18,23559439400394;0,8574076962955101;Desempenho inadequado;1_3s / 2_2s / R_4s / 4_1s / 8x;;;CQ estatístico isolado pode ser insuficiente — investigar e melhorar o desempenho analítico ou reavaliar o método;17,13633683610454;0,6741676727909583;Desempenho inadequado;1_3s / 2_2s / R_4s / 4_1s / 8x;;;CQ estatístico isolado pode ser insuficiente — investigar e melhorar o desempenho analítico ou reavaliar o método;18,786192030852614;0,8058698305610091;Desempenho inadequado;1_3s / 2_2s / R_4s / 4_1s / 8x;;;CQ estatístico isolado pode ser insuficiente — investigar e melhorar o desempenho analítico ou reavaliar o método;17,60037309784505;0,8574076962955101;Desempenho inadequado;1_3s / 2_2s / R_4s / 4_1s / 8x;;;CQ estatístico isolado pode ser insuficiente — investigar e melhorar o desempenho analítico ou reavaliar o método;17,13633683610454;0,8567592175622197;Desempenho inadequado;1_3s / 2_2s / R_4s / 4_1s / 8x;;;CQ estatístico isolado pode ser insuficiente — investigar e melhorar o desempenho analítico ou reavaliar o método;17,142175604220483;0,6536266631249303;0,8022350007396067;0,6409127945903398;0,8344006623457038;1,0;2,487229367561746;4,229354028056485;0,6861090584548861;1,0594618531602165;1,0;0,46082504988118417;3,822416235242491;0,6620291827023547;0,9570137657798806;1,0;1,383246396068433;4,039226445912518;15;3;3,3793363600341007;2,2800788021347;2,2800788021347;2,2800788021347005;3,3132238092082815;0,8554707090214383;0,4452766135219144;4,114880990747487;0,11545517319848475;1,7833152860085426;2,7768423182608575;3,9299339968827725;2,285917570250641;2,2800788021347;2,6086956521739193;3,574031701362344;0,1999742259764401;0,015653132180931315;0,9844888079308108;sim;sim;nao;nao;1;2.053 | 2.355 | 2.432;0,39694735334857734;15;14;-0,29855482154426394;-0,4098764472170525;-0,18723319587147536;1,0955285859851824;1,073726955268199;1,117330216702166;0,9988981072213515;sim;sim;2,744115063875208;1,7966205023346304;3,6916096254157855;;0,7353194176464255;Desempenho inadequado;1_3s / 2_2s / R_4s / 4_1s / 8x;;;CQ estatístico isolado pode ser insuficiente — investigar e melhorar o desempenho analítico ou reavaliar o método;18,23559439400394;0,8574076962955101;Desempenho inadequado;1_3s / 2_2s / R_4s / 4_1s / 8x;;;CQ estatístico isolado pode ser insuficiente — investigar e melhorar o desempenho analítico ou reavaliar o método;17,13633683610454;0,6741676727909583;Desempenho inadequado;1_3s / 2_2s / R_4s / 4_1s / 8x;;;CQ estatístico isolado pode ser insuficiente — investigar e melhorar o desempenho analítico ou reavaliar o método;18,786192030852614;0,8058698305610091;Desempenho inadequado;1_3s / 2_2s / R_4s / 4_1s / 8x;;;CQ estatístico isolado pode ser insuficiente — investigar e melhorar o desempenho analítico ou reavaliar o método;17,60037309784505;0,8574076962955101;Desempenho inadequado;1_3s / 2_2s / R_4s / 4_1s / 8x;;;CQ estatístico isolado pode ser insuficiente — investigar e melhorar o desempenho analítico ou reavaliar o método;17,13633683610454;0,8567592175622197;Desempenho inadequado;1_3s / 2_2s / R_4s / 4_1s / 8x;;;CQ estatístico isolado pode ser insuficiente — investigar e melhorar o desempenho analítico ou reavaliar o método;17,142175604220483;0,6536266631249303;0,8022350007396067;0,6339552031270624;0,8291081349434979;1,0;2,5348821874035807;4,291998739616118;0,6867502817662394;1,0541771270700842;1,0;0,5084076283259478;3,816642793441967;0,6648461312714119;0,9543964512243335;1,0;1,406812153882538;4,013863224815344
bioquimica;Triglicerídeos;1;CAP;2025;5,158736270568607;25,0;159,08196721311475;4,499922306792336;Bom;15;3;1,7860875812096217;0,944490049551267;0,944490049551267;0,9444900495512668;2,1882052822999087;0,5649921744287097;-0,2672976449411638;2,1562777440436975;1,0177599718356216;-3,4345776714970055;5,32355777059954;2,3154022661345257;1,7215493528339656;0,0;0,9270584775387167;1,7310962855145626;1,7628119811291663;5,184889945650428;0,02382962517210985;nao;nao;sim;sim;0;2.828 | 0.671 | -0.665;0,33556595932045147;15;15;0,6315347600868506;-2,9293227406393822;4,192392260813083;1,0042313635345272;0,9846884064931106;1,023774320575944;0,9989462375340245;nao;nao;0,8201233728807662;-0,09104667815202672;1,7312934239135591;;4,499922306792336;Bom;1_3s / 2_2s / R_4s / 4_1s;4;200;Até 200 pacientes entre eventos de CQ;10,298002427647821;4,663062558109272;Bom;1_3s / 2_2s / R_4s / 4_1s;4;200;Até 200 pacientes entre eventos de CQ;9,456404895989467;4,397316812507868;Bom;1_3s / 2_2s / R_4s / 4_1s;4;200;Até 200 pacientes entre eventos de CQ;10,827317112572725;4,687170531486402;Bom;1_3s / 2_2s / R_4s / 4_1s;4;200;Até 200 pacientes entre eventos de CQ;9,332038219318967;4,84614810464898;Bom;1_3s / 2_2s / R_4s / 4_1s;4;200;Até 200 pacientes entre eventos de CQ;8,5119148464382;4,51243277931714;Bom;1_3s / 2_2s / R_4s / 4_1s;4;200;Até 200 pacientes entre eventos de CQ;10,233464199272166;4,428162452553214;3,8141981286497675;4,379957694894237;4,617247375369716;1,0;1,1808384944925416;2,404953375793027;4,516265876545869;4,807631108188388;1,0;0,19869902667461725;1,7017754151315017;4,319648930619051;4,661931815270091;1,0;0,9503232536484317;2,7160703854926065;15;3;1,7860875812096217;0,944490049551267;0,944490049551267;0,9444900495512668;2,1882052822999087;0,5649921744287097;-0,2672976449411638;2,1562777440436975;1,0177599718356216;-3,4345776714970055;5,32355777059954;2,3154022661345257;1,7215493528339656;0,0;0,9270584775387167;1,7310962855145626;1,7628119811291663;5,184889945650428;0,02382962517210985;nao;nao;sim;sim;0;2.828 | 0.671 | -0.665;0,33556595932045147;15;15;0,6315347600868506;-2,9293227406393822;4,192392260813083;1,0042313635345272;0,9846884064931106;1,023774320575944;0,9989462375340245;nao;nao;0,8201233728807662;-0,09104667815202672;1,7312934239135591;;4,499922306792336;Bom;1_3s / 2_2s / R_4s / 4_1s;4;200;Até 200 pacientes entre eventos de CQ;10,298002427647821;4,663062558109272;Bom;1_3s / 2_2s / R_4s / 4_1s;4;200;Até 200 pacientes entre eventos de CQ;9,456404895989467;4,397316812507868;Bom;1_3s / 2_2s / R_4s / 4_1s;4;200;Até 200 pacientes entre eventos de CQ;10,827317112572725;4,687170531486402;Bom;1_3s / 2_2s / R_4s / 4_1s;4;200;Até 200 pacientes entre eventos de CQ;9,332038219318967;4,84614810464898;Bom;1_3s / 2_2s / R_4s / 4_1s;4;200;Até 200 pacientes entre eventos de CQ;8,5119148464382;4,51243277931714;Bom;1_3s / 2_2s / R_4s / 4_1s;4;200;Até 200 pacientes entre eventos de CQ;10,233464199272166;4,428162452553214;3,8141981286497675;4,368101752257836;4,616291452690636;1,0;1,1857698474889764;2,4661150570932167;4,515812288304711;4,804339051054194;1,0;0,21568188121756435;1,7041153572430667;4,318441416987852;4,663487874018095;1,0;0,9422959569459707;2,722299629859075
bioquimica;Triglicerídeos;2;CAP;2025;3,8102430148718214;25,0;80,3103448275862;6,092501797965059;Classe mundial;15;3;1,7860875812096217;0,944490049551267;0,944490049551267;0,9444900495512668;2,1882052822999087;0,5649921744287097;-0,2672976449411638;2,1562777440436975;1,0177599718356216;-3,4345776714970055;5,32355777059954;2,3154022661345257;1,7215493528339656;0,0;0,9270584775387167;1,7310962855145626;1,7628119811291663;5,184889945650428;0,02382962517210985;nao;nao;sim;sim;0;2.828 | 0.671 | -0.665;0,45432700191507275;15;15;0,6315347600868506;-2,9293227406393822;4,192392260813083;1,0042313635345272;0,9846884064931106;1,023774320575944;0,9989462375340245;nao;nao;1,2095042384900234;-1,5532824777404823;3,9722909547205294;;6,092501797965059;Classe mundial;1_3s;2;1000;Até 1000 pacientes entre eventos de CQ;8,072988555748127;6,313379450223327;Classe mundial;1_3s;2;1000;Até 1000 pacientes entre eventos de CQ;7,231391024089772;5,95358291986229;Excelente;1_3s / 2_2s / R_4s;2;450;Até 450 pacientes entre eventos de CQ;8,60230324067303;6,243826356653082;Classe mundial;1_3s;2;1000;Até 1000 pacientes entre eventos de CQ;7,496405213028528;6,561261290269963;Classe mundial;1_3s;2;1000;Até 1000 pacientes entre eventos de CQ;6,286900974538505;6,109439885148411;Classe mundial;1_3s;2;1000;Até 1000 pacientes entre eventos de CQ;8,00845032737247;5,99534522254738;5,164091149199938;5,930080190690168;6,251349694110979;0,852;1,1808384944925416;2,404953375793027;6,1146295640285455;6,509112640984584;0,9985;0,19869902667461725;1,7017754151315017;5,848427390990713;6,311848523173688;0,758;0,9503232536484317;2,7160703854926065;15;3;1,7860875812096217;0,944490049551267;0,944490049551267;0,9444900495512668;2,1882052822999087;0,5649921744287097;-0,2672976449411638;2,1562777440436975;1,0177599718356216;-3,4345776714970055;5,32355777059954;2,3154022661345257;1,7215493528339656;0,0;0,9270584775387167;1,7310962855145626;1,7628119811291663;5,184889945650428;0,02382962517210985;nao;nao;sim;sim;0;2.828 | 0.671 | -0.665;0,45432700191507275;15;15;0,6315347600868506;-2,9293227406393822;4,192392260813083;1,0042313635345272;0,9846884064931106;1,023774320575944;0,9989462375340245;nao;nao;1,2095042384900234;-1,5532824777404823;3,9722909547205294;;6,092501797965059;Classe mundial;1_3s;2;1000;Até 1000 pacientes entre eventos de CQ;8,072988555748127;6,313379450223327;Classe mundial;1_3s;2;1000;Até 1000 pacientes entre eventos de CQ;7,231391024089772;5,95358291986229;Excelente;1_3s / 2_2s / R_4s;2;450;Até 450 pacientes entre eventos de CQ;8,60230324067303;6,243826356653082;Classe mundial;1_3s;2;1000;Até 1000 pacientes entre eventos de CQ;7,496405213028528;6,561261290269963;Classe mundial;1_3s;2;1000;Até 1000 pacientes entre eventos de CQ;6,286900974538505;6,109439885148411;Classe mundial;1_3s;2;1000;Até 1000 pacientes entre eventos de CQ;8,00845032737247;5,99534522254738;5,164091149199938;5,914028279811658;6,250055458290014;0,8475;1,1857698474889764;2,4661150570932167;6,114015445164624;6,504655483140146;1,0;0,21568188121756435;1,7041153572430667;5,846792522993539;6,3139552908184635;0,759;0,9422959569459707;2,722299629859075
bioquimica;Ureia;1;CAP;2025;17,294389163610475;9,0;33,87407407407407;0,17864461068905527;Desempenho inadequado;15;3;5,910450580761791;1,368810051693594;1,368810051693594;1,3688100516935937;7,442158193848394;1,9215569829743933;-2,7525197854653833;5,490139888852571;4,475789933748625;-17,88895972453509;20,626579827922278;7,318946529457949;6,476035208343795;0,0;0,1532958610117585;3,8124707017490804;7,752295569257957;20,67367190696296;0,00012954202232543554;nao;nao;sim;sim;0;10.047 | -4.870 | -1.071;0,2204455251747768;15;15;-0,8115617962340735;-2,589121772545084;0,9659981800769368;1,0621458037904448;0,9906127946236938;1,1336788129571957;0,9875238688165494;nao;nao;3,818760512619816;0,29484668350385945;7,342674341735773;;0,17864461068905527;Desempenho inadequado;1_3s / 2_2s / R_4s / 4_1s / 8x;;;CQ estatístico isolado pode ser insuficiente — investigar e melhorar o desempenho analítico ou reavaliar o método;34,446192700719074;0,4412523550911743;Desempenho inadequado;1_3s / 2_2s / R_4s / 4_1s / 8x;;;CQ estatístico isolado pode ser insuficiente — investigar e melhorar o desempenho analítico ou reavaliar o método;29,904552171650877;0,09720224603706701;Desempenho inadequado;1_3s / 2_2s / R_4s / 4_1s / 8x;;;CQ estatístico isolado pode ser insuficiente — investigar e melhorar o desempenho analítico ou reavaliar o método;35,85468864941523;0,29959077700657677;Desempenho inadequado;1_3s / 2_2s / R_4s / 4_1s / 8x;;;CQ estatístico isolado pode ser insuficiente — investigar e melhorar o desempenho analítico ou reavaliar o método;32,3545026325771;0,5203999930183778;Desempenho inadequado;1_3s / 2_2s / R_4s / 4_1s / 8x;;;CQ estatístico isolado pode ser insuficiente — investigar e melhorar o desempenho analítico ou reavaliar o método;28,535742119957284;0,14594125110628003;Desempenho inadequado;1_3s / 2_2s / R_4s / 4_1s / 8x;;;CQ estatístico isolado pode ser insuficiente — investigar e melhorar o desempenho analítico ou reavaliar o método;35,01177732830108;0,20294790859295608;-0,672274673475374;0,08649456086618237;0,2681723500016185;1,0;4,362123016152053;7,504129403844647;0,3455297588149718;0,5143628287068204;1,0;0,1044090690487345;3,02427388344541;0,04337734835696389;0,22555615634401724;1,0;5,099144053938396;8,249815256629166;15;3;5,910450580761791;1,368810051693594;1,368810051693594;1,3688100516935937;7,442158193848394;1,9215569829743933;-2,7525197854653833;5,490139888852571;4,475789933748625;-17,88895972453509;20,626579827922278;7,318946529457949;6,476035208343795;0,0;0,1532958610117585;3,8124707017490804;7,752295569257957;20,67367190696296;0,00012954202232543554;nao;nao;sim;sim;0;10.047 | -4.870 | -1.071;0,2204455251747768;15;15;-0,8115617962340735;-2,589121772545084;0,9659981800769368;1,0621458037904448;0,9906127946236938;1,1336788129571957;0,9875238688165494;nao;nao;3,818760512619816;0,29484668350385945;7,342674341735773;;0,17864461068905527;Desempenho inadequado;1_3s / 2_2s / R_4s / 4_1s / 8x;;;CQ estatístico isolado pode ser insuficiente — investigar e melhorar o desempenho analítico ou reavaliar o método;34,446192700719074;0,4412523550911743;Desempenho inadequado;1_3s / 2_2s / R_4s / 4_1s / 8x;;;CQ estatístico isolado pode ser insuficiente — investigar e melhorar o desempenho analítico ou reavaliar o método;29,904552171650877;0,09720224603706701;Desempenho inadequado;1_3s / 2_2s / R_4s / 4_1s / 8x;;;CQ estatístico isolado pode ser insuficiente — investigar e melhorar o desempenho analítico ou reavaliar o método;35,85468864941523;0,29959077700657677;Desempenho inadequado;1_3s / 2_2s / R_4s / 4_1s / 8x;;;CQ estatístico isolado pode ser insuficiente — investigar e melhorar o desempenho analítico ou reavaliar o método;32,3545026325771;0,5203999930183778;Desempenho inadequado;1_3s / 2_2s / R_4s / 4_1s / 8x;;;CQ estatístico isolado pode ser insuficiente — investigar e melhorar o desempenho analítico ou reavaliar o método;28,535742119957284;0,14594125110628003;Desempenho inadequado;1_3s / 2_2s / R_4s / 4_1s / 8x;;;CQ estatístico isolado pode ser insuficiente — investigar e melhorar o desempenho analítico ou reavaliar o método;35,01177732830108;0,20294790859295608;-0,672274673475374;0,08729823932864267;0,2636138569882986;1,0;4,440959368324007;7,490230275752448;0,3451920045751524;0,5162764074827884;1,0;0,07131489300191869;3,030115136710505;0,044355112233641567;0,22046222840941834;1,0;5,187240426010738;8,232905427635782
bioquimica;Ureia;2;CAP;2025;5,854793707975692;9,0;94,5530303030303;0,5276956923400172;Desempenho inadequado;15;3;5,910450580761791;1,368810051693594;1,368810051693594;1,3688100516935937;7,442158193848394;1,9215569829743933;-2,7525197854653833;5,490139888852571;4,475789933748625;-17,88895972453509;20,626579827922278;7,318946529457949;6,476035208343795;0,0;0,1532958610117585;3,8124707017490804;7,752295569257957;20,67367190696296;0,00012954202232543554;nao;nao;sim;sim;0;10.047 | -4.870 | -1.071;0,6511707998448422;15;15;-0,8115617962340735;-2,589121772545084;0,9659981800769368;1,0621458037904448;0,9906127946236938;1,1336788129571957;0,9875238688165494;nao;nao;;;;extrapolacao: controle 94.55 fora de 6.38-44.76 (unidade/faixa);0,5276956923400172;Desempenho inadequado;1_3s / 2_2s / R_4s / 4_1s / 8x;;;CQ estatístico isolado pode ser insuficiente — investigar e melhorar o desempenho analítico ou reavaliar o método;15,570860198921682;1,3034088524606458;Desempenho inadequado;1_3s / 2_2s / R_4s / 4_1s / 8x;;;CQ estatístico isolado pode ser insuficiente — investigar e melhorar o desempenho analítico ou reavaliar o método;11,029219669853484;0,2871242872745518;Desempenho inadequado;1_3s / 2_2s / R_4s / 4_1s / 8x;;;CQ estatístico isolado pode ser insuficiente — investigar e melhorar o desempenho analítico ou reavaliar o método;16,97935614761784;;;;;;;;1,5372018979489834;Desempenho inadequado;1_3s / 2_2s / R_4s / 4_1s / 8x;;;CQ estatístico isolado pode ser insuficiente — investigar e melhorar o desempenho analítico ou reavaliar o método;9,66040961815989;0,43109371867670315;Desempenho inadequado;1_3s / 2_2s / R_4s / 4_1s / 8x;;;CQ estatístico isolado pode ser insuficiente — investigar e melhorar o desempenho analítico ou reavaliar o método;16,136444826503684;0,5994848471545842;-1,985822286459721;0,25549501327734253;0,7921503668916633;1,0;4,362123016152053;7,504129403844647;1,0206552808878913;1,5193688069373388;1,0;0,1044090690487345;3,02427388344541;0,12813171236911283;0,6662670182123857;1,0;5,099144053938396;8,249815256629166;15;3;5,910450580761791;1,368810051693594;1,368810051693594;1,3688100516935937;7,442158193848394;1,9215569829743933;-2,7525197854653833;5,490139888852571;4,475789933748625;-17,88895972453509;20,626579827922278;7,318946529457949;6,476035208343795;0,0;0,1532958610117585;3,8124707017490804;7,752295569257957;20,67367190696296;0,00012954202232543554;nao;nao;sim;sim;0;10.047 | -4.870 | -1.071;0,6511707998448422;15;15;-0,8115617962340735;-2,589121772545084;0,9659981800769368;1,0621458037904448;0,9906127946236938;1,1336788129571957;0,9875238688165494;nao;nao;;;;extrapolacao: controle 94.55 fora de 6.38-44.76 (unidade/faixa);0,5276956923400172;Desempenho inadequado;1_3s / 2_2s / R_4s / 4_1s / 8x;;;CQ estatístico isolado pode ser insuficiente — investigar e melhorar o desempenho analítico ou reavaliar o método;15,570860198921682;1,3034088524606458;Desempenho inadequado;1_3s / 2_2s / R_4s / 4_1s / 8x;;;CQ estatístico isolado pode ser insuficiente — investigar e melhorar o desempenho analítico ou reavaliar o método;11,029219669853484;0,2871242872745518;Desempenho inadequado;1_3s / 2_2s / R_4s / 4_1s / 8x;;;CQ estatístico isolado pode ser insuficiente — investigar e melhorar o desempenho analítico ou reavaliar o método;16,97935614761784;;;;;;;;1,5372018979489834;Desempenho inadequado;1_3s / 2_2s / R_4s / 4_1s / 8x;;;CQ estatístico isolado pode ser insuficiente — investigar e melhorar o desempenho analítico ou reavaliar o método;9,66040961815989;0,43109371867670315;Desempenho inadequado;1_3s / 2_2s / R_4s / 4_1s / 8x;;;CQ estatístico isolado pode ser insuficiente — investigar e melhorar o desempenho analítico ou reavaliar o método;16,136444826503684;0,5994848471545842;-1,985822286459721;0,25786898728658325;0,7786851013154298;1,0;4,440959368324007;7,490230275752448;1,0196575935983907;1,5250212991851415;1,0;0,07131489300191869;3,030115136710505;0,13101991472718202;0,6512201392843835;1,0;5,187240426010738;8,232905427635782
bioquimica;Amilase;1;CAP;2025;62,0331941439762;30,0;80,98507462686567;0,451022090063128;Desempenho inadequado;15;3;2,021659123892062;0,9078798375870846;0,9078798375870846;0,9078798375870848;2,653847392219671;0,6852204502295178;-0,561771862354229;2,3775315375283985;1,2708840214416814;-4,56029276646394;6,376052441638109;2,719857480691876;2,0135883867883004;0,0;0,28908160996219956;2,044225563589683;2,2012356956644465;5,797562884807148;0,01730428648692792;nao;nao;sim;sim;0;0.007 | -0.700 | 3.417;0,03295373697580571;15;15;0,4547345333159001;-2,724564853128411;3,634033919760211;1,0086134191827225;0,9945222622247633;1,0227045761406817;0,9994566303324613;nao;nao;1,4228460416074098;-1,4641052746090337;4,309797357823854;;0,451022090063128;Desempenho inadequado;1_3s / 2_2s / R_4s / 4_1s / 8x;;;CQ estatístico isolado pode ser insuficiente — investigar e melhorar o desempenho analítico ou reavaliar o método;104,3764294614528;0,46897665941385247;Desempenho inadequado;1_3s / 2_2s / R_4s / 4_1s / 8x;;;CQ estatístico isolado pode ser insuficiente — investigar e melhorar o desempenho analítico ou reavaliar o método;103,26265017514783;0,4397668521790473;Desempenho inadequado;1_3s / 2_2s / R_4s / 4_1s / 8x;;;CQ estatístico isolado pode ser insuficiente — investigar e melhorar o desempenho analítico ou reavaliar o método;105,07462781825261;0,4606751974123132;Desempenho inadequado;1_3s / 2_2s / R_4s / 4_1s / 8x;;;CQ estatístico isolado pode ser insuficiente — investigar e melhorar o desempenho analítico ou reavaliar o método;103,77761637916815;0,4836120469691013;Desempenho inadequado;1_3s / 2_2s / R_4s / 4_1s / 8x;;;CQ estatístico isolado pode ser insuficiente — investigar e melhorar o desempenho analítico ou reavaliar o método;102,35477033756074;0,4511521935861713;Desempenho inadequado;1_3s / 2_2s / R_4s / 4_1s / 8x;;;CQ estatístico isolado pode ser insuficiente — investigar e melhorar o desempenho analítico ou reavaliar o método;104,36835872434904;0,44528528384917787;0,38082752120633656;0,4384201693568118;0,4623837989928121;1,0;1,316856028049618;2,8033965176539652;0,45392825275272575;0,48213999418973186;1,0;0,09131613585280365;1,8413805695542613;0,43470600882071386;0,46130196039284765;1,0;1,3839659319536557;3,0337977592716263;15;3;2,021659123892062;0,9078798375870846;0,9078798375870846;0,9078798375870848;2,653847392219671;0,6852204502295178;-0,561771862354229;2,3775315375283985;1,2708840214416814;-4,56029276646394;6,376052441638109;2,719857480691876;2,0135883867883004;0,0;0,28908160996219956;2,044225563589683;2,2012356956644465;5,797562884807148;0,01730428648692792;nao;nao;sim;sim;0;0.007 | -0.700 | 3.417;0,03295373697580571;15;15;0,4547345333159001;-2,724564853128411;3,634033919760211;1,0086134191827225;0,9945222622247633;1,0227045761406817;0,9994566303324613;nao;nao;1,4228460416074098;-1,4641052746090337;4,309797357823854;;0,451022090063128;Desempenho inadequado;1_3s / 2_2s / R_4s / 4_1s / 8x;;;CQ estatístico isolado pode ser insuficiente — investigar e melhorar o desempenho analítico ou reavaliar o método;104,3764294614528;0,46897665941385247;Desempenho inadequado;1_3s / 2_2s / R_4s / 4_1s / 8x;;;CQ estatístico isolado pode ser insuficiente — investigar e melhorar o desempenho analítico ou reavaliar o método;103,26265017514783;0,4397668521790473;Desempenho inadequado;1_3s / 2_2s / R_4s / 4_1s / 8x;;;CQ estatístico isolado pode ser insuficiente — investigar e melhorar o desempenho analítico ou reavaliar o método;105,07462781825261;0,4606751974123132;Desempenho inadequado;1_3s / 2_2s / R_4s / 4_1s / 8x;;;CQ estatístico isolado pode ser insuficiente — investigar e melhorar o desempenho analítico ou reavaliar o método;103,77761637916815;0,4836120469691013;Desempenho inadequado;1_3s / 2_2s / R_4s / 4_1s / 8x;;;CQ estatístico isolado pode ser insuficiente — investigar e melhorar o desempenho analítico ou reavaliar o método;102,35477033756074;0,4511521935861713;Desempenho inadequado;1_3s / 2_2s / R_4s / 4_1s / 8x;;;CQ estatístico isolado pode ser insuficiente — investigar e melhorar o desempenho analítico ou reavaliar o método;104,36835872434904;0,44528528384917787;0,38082752120633656;0,4392165068730708;0,46237971180171406;1,0;1,3171095695685078;2,7539971579037408;0,45422897088911157;0,4823088059628657;1,0;0,08084420235620371;1,8227260630172268;0,43490205023128414;0,4612219371058288;1,0;1,3889300320533426;3,0216366843894598
bioquimica;Amilase;2;CAP;2025;1,192697662690902;30,0;484,6639344262295;23,45803278677068;Classe mundial;15;3;2,021659123892062;0,9078798375870846;0,9078798375870846;0,9078798375870848;2,653847392219671;0,6852204502295178;-0,561771862354229;2,3775315375283985;1,2708840214416814;-4,56029276646394;6,376052441638109;2,719857480691876;2,0135883867883004;0,0;0,28908160996219956;2,044225563589683;2,2012356956644465;5,797562884807148;0,01730428648692792;nao;nao;sim;sim;0;0.007 | -0.700 | 3.417;1,7139511776837124;15;15;0,4547345333159001;-2,724564853128411;3,634033919760211;1,0086134191827225;0,9945222622247633;1,0227045761406817;0,9994566303324613;nao;nao;0,9551666287604088;0,005667515354454866;1,9046657421663626;;23,45803278677068;Classe mundial;1_3s;2;1000;Até 1000 pacientes entre eventos de CQ;3,9896102673320506;24,39186482245366;Classe mundial;1_3s;2;1000;Até 1000 pacientes entre eventos de CQ;2,875830981027073;22,872638534194905;Classe mundial;1_3s;2;1000;Até 1000 pacientes entre eventos de CQ;4,687808624131864;24,352217900477946;Classe mundial;1_3s;2;1000;Até 1000 pacientes entre eventos de CQ;2,9231177722003974;25,15306346146061;Classe mundial;1_3s;2;1000;Até 1000 pacientes entre eventos de CQ;1,9679511434399883;23,464799578855736;Classe mundial;1_3s;2;1000;Até 1000 pacientes entre eventos de CQ;3,9815395302282885;23,159656739958084;19,807155071523137;22,80259644425435;24,04896468668931;1,0;1,316856028049618;2,8033965176539652;23,60918471737065;25,076500776121915;1,0;0,09131613585280365;1,8413805695542613;22,60941987585407;23,992697364296284;1,0;1,3839659319536557;3,0337977592716263;15;3;2,021659123892062;0,9078798375870846;0,9078798375870846;0,9078798375870848;2,653847392219671;0,6852204502295178;-0,561771862354229;2,3775315375283985;1,2708840214416814;-4,56029276646394;6,376052441638109;2,719857480691876;2,0135883867883004;0,0;0,28908160996219956;2,044225563589683;2,2012356956644465;5,797562884807148;0,01730428648692792;nao;nao;sim;sim;0;0.007 | -0.700 | 3.417;1,7139511776837124;15;15;0,4547345333159001;-2,724564853128411;3,634033919760211;1,0086134191827225;0,9945222622247633;1,0227045761406817;0,9994566303324613;nao;nao;0,9551666287604088;0,005667515354454866;1,9046657421663626;;23,45803278677068;Classe mundial;1_3s;2;1000;Até 1000 pacientes entre eventos de CQ;3,9896102673320506;24,39186482245366;Classe mundial;1_3s;2;1000;Até 1000 pacientes entre eventos de CQ;2,875830981027073;22,872638534194905;Classe mundial;1_3s;2;1000;Até 1000 pacientes entre eventos de CQ;4,687808624131864;24,352217900477946;Classe mundial;1_3s;2;1000;Até 1000 pacientes entre eventos de CQ;2,9231177722003974;25,15306346146061;Classe mundial;1_3s;2;1000;Até 1000 pacientes entre eventos de CQ;1,9679511434399883;23,464799578855736;Classe mundial;1_3s;2;1000;Até 1000 pacientes entre eventos de CQ;3,9815395302282885;23,159656739958084;19,807155071523137;22,84401461861278;24,048752108492153;1,0;1,3171095695685078;2,7539971579037408;23,62482531692959;25,085280816382053;1,0;0,08084420235620371;1,8227260630172268;22,619616152129762;23,988535286801735;1,0;1,3889300320533426;3,0216366843894598
bioquimica;Creatina fosfoquinase;1;CAP;2025;30,959714886039592;20,0;138,00763358778627;0,42985795038125074;Desempenho inadequado;15;3;6,691720414699123;-3,608448606975115;3,608448606975115;-3,608448606975116;8,92288403960769;2,3038787523693696;-8,549777085633618;1,3328798716833865;4,466582528491404;-22,82660211583991;15,60970490188968;9,345100514593048;7,274724758836583;0,0;-3,3280507131537305;6,558323271902018;7,736347875546574;6,957550136745879;0,009857575560004321;nao;nao;sim;sim;0;-3.570 | -11.364 | 4.109;0,21183409782818474;15;15;-4,9072223882474475;-17,350733185227746;7,536288408732849;1,0124269437481748;0,9684973493414729;1,0563565381548765;0,9947832135041274;nao;nao;-2,3130671875499957;-8,34378728884514;3,7176529137451495;;0,42985795038125074;Desempenho inadequado;1_3s / 2_2s / R_4s / 4_1s / 8x;;;CQ estatístico isolado pode ser insuficiente — investigar e melhorar o desempenho analítico ou reavaliar o método;57,77524997666444;0,5294477501928221;Desempenho inadequado;1_3s / 2_2s / R_4s / 4_1s / 8x;;;CQ estatístico isolado pode ser insuficiente — investigar e melhorar o desempenho analítico ou reavaliar o método;54,69197816894044;0,3441536695226957;Desempenho inadequado;1_3s / 2_2s / R_4s / 4_1s / 8x;;;CQ estatístico isolado pode ser insuficiente — investigar e melhorar o desempenho analítico ou reavaliar o método;60,42863007655837;0,5712886206334357;Desempenho inadequado;1_3s / 2_2s / R_4s / 4_1s / 8x;;;CQ estatístico isolado pode ser insuficiente — investigar e melhorar o desempenho analítico ou reavaliar o método;53,39659674951532;0,6460007811318196;Desempenho inadequado;1_3s / 2_2s / R_4s / 4_1s / 8x;;;CQ estatístico isolado pode ser insuficiente — investigar e melhorar o desempenho analítico ou reavaliar o método;51,08352956196532;0,41102688729544856;Desempenho inadequado;1_3s / 2_2s / R_4s / 4_1s / 8x;;;CQ estatístico isolado pode ser insuficiente — investigar e melhorar o desempenho analítico ou reavaliar o método;58,358254320801905;0,36984264734070715;-0,09129935873907184;0,3277361302755595;0,5024057000581673;1,0;4,4456627690780115;9,85338284881475;0,42431423928932505;0,6096285850452482;1,0;1,1260728206193753;6,863352129515714;0,24481567424425252;0,5061352939593694;1,0;4,330195605256083;12,420576525764394;15;3;6,691720414699123;-3,608448606975115;3,608448606975115;-3,608448606975116;8,92288403960769;2,3038787523693696;-8,549777085633618;1,3328798716833865;4,466582528491404;-22,82660211583991;15,60970490188968;9,345100514593048;7,274724758836583;0,0;-3,3280507131537305;6,558323271902018;7,736347875546574;6,957550136745879;0,009857575560004321;nao;nao;sim;sim;0;-3.570 | -11.364 | 4.109;0,21183409782818474;15;15;-4,9072223882474475;-17,350733185227746;7,536288408732849;1,0124269437481748;0,9684973493414729;1,0563565381548765;0,9947832135041274;nao;nao;-2,3130671875499957;-8,34378728884514;3,7176529137451495;;0,42985795038125074;Desempenho inadequado;1_3s / 2_2s / R_4s / 4_1s / 8x;;;CQ estatístico isolado pode ser insuficiente — investigar e melhorar o desempenho analítico ou reavaliar o método;57,77524997666444;0,5294477501928221;Desempenho inadequado;1_3s / 2_2s / R_4s / 4_1s / 8x;;;CQ estatístico isolado pode ser insuficiente — investigar e melhorar o desempenho analítico ou reavaliar o método;54,69197816894044;0,3441536695226957;Desempenho inadequado;1_3s / 2_2s / R_4s / 4_1s / 8x;;;CQ estatístico isolado pode ser insuficiente — investigar e melhorar o desempenho analítico ou reavaliar o método;60,42863007655837;0,5712886206334357;Desempenho inadequado;1_3s / 2_2s / R_4s / 4_1s / 8x;;;CQ estatístico isolado pode ser insuficiente — investigar e melhorar o desempenho analítico ou reavaliar o método;53,39659674951532;0,6460007811318196;Desempenho inadequado;1_3s / 2_2s / R_4s / 4_1s / 8x;;;CQ estatístico isolado pode ser insuficiente — investigar e melhorar o desempenho analítico ou reavaliar o método;51,08352956196532;0,41102688729544856;Desempenho inadequado;1_3s / 2_2s / R_4s / 4_1s / 8x;;;CQ estatístico isolado pode ser insuficiente — investigar e melhorar o desempenho analítico ou reavaliar o método;58,358254320801905;0,36984264734070715;-0,09129935873907184;0,320858282492258;0,5017588082305047;1,0;4,465690355624559;10,066319055215342;0,417282409180116;0,610379581660713;1,0;1,102822179524203;7,0810555848239;0,23840905568764065;0,5078231092239017;1,0;4,277941325885859;12,618923609660708
bioquimica;Creatina fosfoquinase;2;CAP;2025;4,023086901198769;20,0;426,8790322580645;3,3079771608551076;Marginal;15;3;6,691720414699123;-3,608448606975115;3,608448606975115;-3,608448606975116;8,92288403960769;2,3038787523693696;-8,549777085633618;1,3328798716833865;4,466582528491404;-22,82660211583991;15,60970490188968;9,345100514593048;7,274724758836583;0,0;-3,3280507131537305;6,558323271902018;7,736347875546574;6,957550136745879;0,009857575560004321;nao;nao;sim;sim;0;-3.570 | -11.364 | 4.109;1,6301719134995116;15;15;-4,9072223882474475;-17,350733185227746;7,536288408732849;1,0124269437481748;0,9684973493414729;1,0563565381548765;0,9947832135041274;nao;nao;0,09313629924517357;-2,5585118867190175;2,7447844852093644;;3,3079771608551076;Marginal;1_3s / 2_2s / R_4s / 4_1s / 8x;6;45;Até 45 pacientes entre eventos de CQ;13,32981380167709;4,074371694069211;Bom;1_3s / 2_2s / R_4s / 4_1s;4;200;Até 200 pacientes entre eventos de CQ;10,246541993953084;2,6484388100669873;Desempenho inadequado;1_3s / 2_2s / R_4s / 4_1s / 8x;;;CQ estatístico isolado pode ser insuficiente — investigar e melhorar o desempenho analítico ou reavaliar o método;15,983193901571017;4,9481565249866035;Bom;1_3s / 2_2s / R_4s / 4_1s;4;200;Até 200 pacientes entre eventos de CQ;6,731229686223142;4,971306981721064;Bom;1_3s / 2_2s / R_4s / 4_1s;4;200;Até 200 pacientes entre eventos de CQ;6,638093386977968;3,1630624825358944;Marginal;1_3s / 2_2s / R_4s / 4_1s / 8x;6;45;Até 45 pacientes entre eventos de CQ;13,912818145814551;2,846128655822605;-0,7025953416511241;2,522097434226896;3,8662692636063176;0,8015;4,4456627690780115;9,85338284881475;3,265315463747483;4,691404297967492;0,6105;1,1260728206193753;6,863352129515714;1,8839820417443989;3,8949703994896914;0,682;4,330195605256083;12,420576525764394;15;3;6,691720414699123;-3,608448606975115;3,608448606975115;-3,608448606975116;8,92288403960769;2,3038787523693696;-8,549777085633618;1,3328798716833865;4,466582528491404;-22,82660211583991;15,60970490188968;9,345100514593048;7,274724758836583;0,0;-3,3280507131537305;6,558323271902018;7,736347875546574;6,957550136745879;0,009857575560004321;nao;nao;sim;sim;0;-3.570 | -11.364 | 4.109;1,6301719134995116;15;15;-4,9072223882474475;-17,350733185227746;7,536288408732849;1,0124269437481748;0,9684973493414729;1,0563565381548765;0,9947832135041274;nao;nao;0,09313629924517357;-2,5585118867190175;2,7447844852093644;;3,3079771608551076;Marginal;1_3s / 2_2s / R_4s / 4_1s / 8x;6;45;Até 45 pacientes entre eventos de CQ;13,32981380167709;4,074371694069211;Bom;1_3s / 2_2s / R_4s / 4_1s;4;200;Até 200 pacientes entre eventos de CQ;10,246541993953084;2,6484388100669873;Desempenho inadequado;1_3s / 2_2s / R_4s / 4_1s / 8x;;;CQ estatístico isolado pode ser insuficiente — investigar e melhorar o desempenho analítico ou reavaliar o método;15,983193901571017;4,9481565249866035;Bom;1_3s / 2_2s / R_4s / 4_1s;4;200;Até 200 pacientes entre eventos de CQ;6,731229686223142;4,971306981721064;Bom;1_3s / 2_2s / R_4s / 4_1s;4;200;Até 200 pacientes entre eventos de CQ;6,638093386977968;3,1630624825358944;Marginal;1_3s / 2_2s / R_4s / 4_1s / 8x;6;45;Até 45 pacientes entre eventos de CQ;13,912818145814551;2,846128655822605;-0,7025953416511241;2,469168871749873;3,8612910995650243;0,789;4,465690355624559;10,066319055215342;3,211201928381565;4,697183601687788;0,6145;1,102822179524203;7,0810555848239;1,8346798295955111;3,9079590026825914;0,684;4,277941325885859;12,618923609660708
bioquimica;Fosfatase alcalina;1;CAP;2025;25,780639444801892;30,0;113,88235294117646;0,7716418935080198;Desempenho inadequado;15;3;10,106578562965522;10,106578562965522;10,106578562965522;10,106578562965522;4,087934675444665;1,055500194558734;7,842755796581297;12,370401329349747;2,0444598654367128;1,309977742081033;18,90317938385001;10,850809163347385;10,512019907332618;10,106578562965522;10,70780399274047;3,0078017236900694;3,5411083609718164;6,9302680089135915;0,00998302921526511;sim;sim;nao;sim;0;14.035 | 9.125 | 7.160;0,11666901164844953;15;15;-0,8781924002441599;-13,160658992673824;11,404274192185504;1,1007433834197016;1,04683503450079;1,1546517323386132;0,9933635514506622;sim;nao;9,303198321094603;2,22871374572685;16,377682896462357;;0,7716418935080198;Desempenho inadequado;1_3s / 2_2s / R_4s / 4_1s / 8x;;;CQ estatístico isolado pode ser insuficiente — investigar e melhorar o desempenho analítico ou reavaliar o método;52,64463364688864;0,7716418935080198;Desempenho inadequado;1_3s / 2_2s / R_4s / 4_1s / 8x;;;CQ estatístico isolado pode ser insuficiente — investigar e melhorar o desempenho analítico ou reavaliar o método;52,64463364688864;0,7427740835386313;Desempenho inadequado;1_3s / 2_2s / R_4s / 4_1s / 8x;;;CQ estatístico isolado pode ser insuficiente — investigar e melhorar o desempenho analítico ou reavaliar o método;53,388864247270504;0,8028040469367976;Desempenho inadequado;1_3s / 2_2s / R_4s / 4_1s / 8x;;;CQ estatístico isolado pode ser insuficiente — investigar e melhorar o desempenho analítico ou reavaliar o método;51,841253405017724;0,7716418935080198;Desempenho inadequado;1_3s / 2_2s / R_4s / 4_1s / 8x;;;CQ estatístico isolado pode ser insuficiente — investigar e melhorar o desempenho analítico ou reavaliar o método;52,64463364688864;0,7559153113479778;Desempenho inadequado;1_3s / 2_2s / R_4s / 4_1s / 8x;;;CQ estatístico isolado pode ser insuficiente — investigar e melhorar o desempenho analítico ou reavaliar o método;53,05007499125574;0,6838309308966687;0,43043232654911606;0,7193666463736311;0,8272639983550211;1,0;8,672605132744017;11,454267861225112;0,7193666463736311;0,8272639983550211;1,0;8,672605132744017;11,454267861225112;0,7076880896411869;0,8013620614160052;1,0;9,340373629890781;11,755348521579922;15;3;10,106578562965522;10,106578562965522;10,106578562965522;10,106578562965522;4,087934675444665;1,055500194558734;7,842755796581297;12,370401329349747;2,0444598654367128;1,309977742081033;18,90317938385001;10,850809163347385;10,512019907332618;10,106578562965522;10,70780399274047;3,0078017236900694;3,5411083609718164;6,9302680089135915;0,00998302921526511;sim;sim;nao;sim;0;14.035 | 9.125 | 7.160;0,11666901164844953;15;15;-0,8781924002441599;-13,160658992673824;11,404274192185504;1,1007433834197016;1,04683503450079;1,1546517323386132;0,9933635514506622;sim;nao;9,303198321094603;2,22871374572685;16,377682896462357;;0,7716418935080198;Desempenho inadequado;1_3s / 2_2s / R_4s / 4_1s / 8x;;;CQ estatístico isolado pode ser insuficiente — investigar e melhorar o desempenho analítico ou reavaliar o método;52,64463364688864;0,7716418935080198;Desempenho inadequado;1_3s / 2_2s / R_4s / 4_1s / 8x;;;CQ estatístico isolado pode ser insuficiente — investigar e melhorar o desempenho analítico ou reavaliar o método;52,64463364688864;0,7427740835386313;Desempenho inadequado;1_3s / 2_2s / R_4s / 4_1s / 8x;;;CQ estatístico isolado pode ser insuficiente — investigar e melhorar o desempenho analítico ou reavaliar o método;53,388864247270504;0,8028040469367976;Desempenho inadequado;1_3s / 2_2s / R_4s / 4_1s / 8x;;;CQ estatístico isolado pode ser insuficiente — investigar e melhorar o desempenho analítico ou reavaliar o método;51,841253405017724;0,7716418935080198;Desempenho inadequado;1_3s / 2_2s / R_4s / 4_1s / 8x;;;CQ estatístico isolado pode ser insuficiente — investigar e melhorar o desempenho analítico ou reavaliar o método;52,64463364688864;0,7559153113479778;Desempenho inadequado;1_3s / 2_2s / R_4s / 4_1s / 8x;;;CQ estatístico isolado pode ser insuficiente — investigar e melhorar o desempenho analítico ou reavaliar o método;53,05007499125574;0,6838309308966687;0,43043232654911606;0,7225247083363352;0,827000295113054;1,0;8,679403570945595;11,372851004420292;0,7225247083363352;0,827000295113054;1,0;8,679403570945595;11,372851004420292;0,7103102899620486;0,8000862356767294;1,0;9,373265233269448;11,687746520555741
bioquimica;Fosfatase alcalina;2;CAP;2025;2,185125014773746;30,0;421,8;9,10401981695967;Classe mundial;15;3;10,106578562965522;10,106578562965522;10,106578562965522;10,106578562965522;4,087934675444665;1,055500194558734;7,842755796581297;12,370401329349747;2,0444598654367128;1,309977742081033;18,90317938385001;10,850809163347385;10,512019907332618;10,106578562965522;10,70780399274047;3,0078017236900694;3,5411083609718164;6,9302680089135915;0,00998302921526511;sim;sim;nao;sim;0;14.035 | 9.125 | 7.160;1,3764895387468281;15;15;-0,8781924002441599;-13,160658992673824;11,404274192185504;1,1007433834197016;1,04683503450079;1,1546517323386132;0,9933635514506622;sim;nao;9,86613720393219;6,430870814712983;13,301403593151399;;9,10401981695967;Classe mundial;1_3s;2;1000;Até 1000 pacientes entre eventos de CQ;13,712034837342202;9,10401981695967;Classe mundial;1_3s;2;1000;Até 1000 pacientes entre eventos de CQ;13,712034837342202;8,763430333360297;Classe mundial;1_3s;2;1000;Até 1000 pacientes entre eventos de CQ;14,456265437724067;9,214055333192242;Classe mundial;1_3s;2;1000;Até 1000 pacientes entre eventos de CQ;13,471593478308872;9,10401981695967;Classe mundial;1_3s;2;1000;Até 1000 pacientes entre eventos de CQ;13,712034837342202;8,91847375363337;Classe mundial;1_3s;2;1000;Até 1000 pacientes entre eventos de CQ;14,1174761817093;8,06800459994536;5,078345880040637;8,487263663811548;9,760263016102206;1,0;8,672605132744017;11,454267861225112;8,487263663811548;9,760263016102206;1,0;8,672605132744017;11,454267861225112;8,349477194699169;9,454665628020543;1,0;9,340373629890781;11,755348521579922;15;3;10,106578562965522;10,106578562965522;10,106578562965522;10,106578562965522;4,087934675444665;1,055500194558734;7,842755796581297;12,370401329349747;2,0444598654367128;1,309977742081033;18,90317938385001;10,850809163347385;10,512019907332618;10,106578562965522;10,70780399274047;3,0078017236900694;3,5411083609718164;6,9302680089135915;0,00998302921526511;sim;sim;nao;sim;0;14.035 | 9.125 | 7.160;1,3764895387468281;15;15;-0,8781924002441599;-13,160658992673824;11,404274192185504;1,1007433834197016;1,04683503450079;1,1546517323386132;0,9933635514506622;sim;nao;9,86613720393219;6,430870814712983;13,301403593151399;;9,10401981695967;Classe mundial;1_3s;2;1000;Até 1000 pacientes entre eventos de CQ;13,712034837342202;9,10401981695967;Classe mundial;1_3s;2;1000;Até 1000 pacientes entre eventos de CQ;13,712034837342202;8,763430333360297;Classe mundial;1_3s;2;1000;Até 1000 pacientes entre eventos de CQ;14,456265437724067;9,214055333192242;Classe mundial;1_3s;2;1000;Até 1000 pacientes entre eventos de CQ;13,471593478308872;9,10401981695967;Classe mundial;1_3s;2;1000;Até 1000 pacientes entre eventos de CQ;13,712034837342202;8,91847375363337;Classe mundial;1_3s;2;1000;Até 1000 pacientes entre eventos de CQ;14,1174761817093;8,06800459994536;5,078345880040637;8,524523251365741;9,75715178074697;1,0;8,679403570945595;11,372851004420292;8,524523251365741;9,75715178074697;1,0;8,679403570945595;11,372851004420292;8,380414555521602;9,439613123858868;1,0;9,373265233269448;11,687746520555741
bioquimica;GGT;1;CAP;2025;8,78088696231051;22,0;80,66666666666667;2,207281926213528;Desempenho inadequado;15;3;2,618106911968004;1,8582793072501385;1,8582793072501385;1,8582793072501385;2,36461253386595;0,6105403309264097;0,5488005330422443;3,1677580814580324;0,6774615603541798;-1,0566025247081032;4,77316113920838;2,9447979427088495;2,0907200470816494;1,8582793072501385;2,1406727828746175;2,318599956901033;1,1733978427083287;1,2805865269077243;0,3132631397025618;sim;nao;nao;nao;1;1.071 | 1.297 | 3.207;0,26405076922786636;15;14;-1,931406696693756;-4,196210222074011;0,33339682868649945;1,0375931949501496;1,024472864100098;1,0507135258002012;0,9995548262161316;sim;nao;1,3650136726673296;-0,36885969117164397;3,0988870365063033;;2,207281926213528;Desempenho inadequado;1_3s / 2_2s / R_4s / 4_1s / 8x;;;CQ estatístico isolado pode ser insuficiente — investigar e melhorar o desempenho analítico ou reavaliar o método;17,10657039978034;2,2938139141526976;Desempenho inadequado;1_3s / 2_2s / R_4s / 4_1s / 8x;;;CQ estatístico isolado pode ser insuficiente — investigar e melhorar o desempenho analítico ou reavaliar o método;16,34674279506248;2,1700771390270996;Desempenho inadequado;1_3s / 2_2s / R_4s / 4_1s / 8x;;;CQ estatístico isolado pode ser insuficiente — investigar e melhorar o desempenho analítico ou reavaliar o método;17,43326143052119;2,3499888355131495;Desempenho inadequado;1_3s / 2_2s / R_4s / 4_1s / 8x;;;CQ estatístico isolado pode ser insuficiente — investigar e melhorar o desempenho analítico ou reavaliar o método;15,853477160479668;2,2938139141526976;Desempenho inadequado;1_3s / 2_2s / R_4s / 4_1s / 8x;;;CQ estatístico isolado pode ser insuficiente — investigar e melhorar o desempenho analítico ou reavaliar o método;16,34674279506248;2,2673426999314925;Desempenho inadequado;1_3s / 2_2s / R_4s / 4_1s / 8x;;;CQ estatístico isolado pode ser insuficiente — investigar e melhorar o desempenho analítico ou reavaliar o método;16,57918353489399;2,1446856108470675;1,9618563517253993;2,1486534328347044;2,272588605786512;1,0;2,0446563407537965;3,132917085098024;2,1910291866325484;2,42236959068013;1,0;0,7294464432993983;2,7608203810564578;2,1719813098083858;2,322387278507054;1,0;1,6073798247216255;2,928077634321441;15;3;2,618106911968004;1,8582793072501385;1,8582793072501385;1,8582793072501385;2,36461253386595;0,6105403309264097;0,5488005330422443;3,1677580814580324;0,6774615603541798;-1,0566025247081032;4,77316113920838;2,9447979427088495;2,0907200470816494;1,8582793072501385;2,1406727828746175;2,318599956901033;1,1733978427083287;1,2805865269077243;0,3132631397025618;sim;nao;nao;nao;1;1.071 | 1.297 | 3.207;0,26405076922786636;15;14;-1,931406696693756;-4,196210222074011;0,33339682868649945;1,0375931949501496;1,024472864100098;1,0507135258002012;0,9995548262161316;sim;nao;1,3650136726673296;-0,36885969117164397;3,0988870365063033;;2,207281926213528;Desempenho inadequado;1_3s / 2_2s / R_4s / 4_1s / 8x;;;CQ estatístico isolado pode ser insuficiente — investigar e melhorar o desempenho analítico ou reavaliar o método;17,10657039978034;2,2938139141526976;Desempenho inadequado;1_3s / 2_2s / R_4s / 4_1s / 8x;;;CQ estatístico isolado pode ser insuficiente — investigar e melhorar o desempenho analítico ou reavaliar o método;16,34674279506248;2,1700771390270996;Desempenho inadequado;1_3s / 2_2s / R_4s / 4_1s / 8x;;;CQ estatístico isolado pode ser insuficiente — investigar e melhorar o desempenho analítico ou reavaliar o método;17,43326143052119;2,3499888355131495;Desempenho inadequado;1_3s / 2_2s / R_4s / 4_1s / 8x;;;CQ estatístico isolado pode ser insuficiente — investigar e melhorar o desempenho analítico ou reavaliar o método;15,853477160479668;2,2938139141526976;Desempenho inadequado;1_3s / 2_2s / R_4s / 4_1s / 8x;;;CQ estatístico isolado pode ser insuficiente — investigar e melhorar o desempenho analítico ou reavaliar o método;16,34674279506248;2,2673426999314925;Desempenho inadequado;1_3s / 2_2s / R_4s / 4_1s / 8x;;;CQ estatístico isolado pode ser insuficiente — investigar e melhorar o desempenho analítico ou reavaliar o método;16,57918353489399;2,1446856108470675;1,9618563517253993;2,146015562297256;2,273711377710871;1,0;2,034797407401546;3,156079928108565;2,1929591361299483;2,4274151859000708;1,0;0,6851416420155307;2,7438737126768156;2,1685594558548735;2,3249883151462956;1,0;1,5845404160076138;2,958124547088771
bioquimica;GGT;2;CAP;2025;3,150870684341106;22,0;153,1743119266055;6,151281670921713;Classe mundial;15;3;2,618106911968004;1,8582793072501385;1,8582793072501385;1,8582793072501385;2,36461253386595;0,6105403309264097;0,5488005330422443;3,1677580814580324;0,6774615603541798;-1,0566025247081032;4,77316113920838;2,9447979427088495;2,0907200470816494;1,8582793072501385;2,1406727828746175;2,318599956901033;1,1733978427083287;1,2805865269077243;0,3132631397025618;sim;nao;nao;nao;1;1.071 | 1.297 | 3.207;0,7358600809686631;15;14;-1,931406696693756;-4,196210222074011;0,33339682868649945;1,0375931949501496;1,024472864100098;1,0507135258002012;0,9995548262161316;sim;nao;2,498398735913264;1,840355804190561;3,156441667635967;;6,151281670921713;Classe mundial;1_3s;2;1000;Até 1000 pacientes entre eventos de CQ;7,817043541130829;6,392430128233522;Classe mundial;1_3s;2;1000;Até 1000 pacientes entre eventos de CQ;7,057215936412963;6,04759889131276;Classe mundial;1_3s;2;1000;Até 1000 pacientes entre eventos de CQ;8,143734571871674;6,189273765186213;Classe mundial;1_3s;2;1000;Até 1000 pacientes entre eventos de CQ;7,697335365076089;6,392430128233522;Classe mundial;1_3s;2;1000;Até 1000 pacientes entre eventos de CQ;7,057215936412963;6,318659807862498;Classe mundial;1_3s;2;1000;Até 1000 pacientes entre eventos de CQ;7,2896566762444746;5,976837453892549;5,467326522286017;5,987895031257802;6,333279165793236;0,9595;2,0446563407537965;3,132917085098024;6,105988327149244;6,750690741581034;0,9995;0,7294464432993983;2,7608203810564578;6,052905458945162;6,472058747641932;0,996;1,6073798247216255;2,928077634321441;15;3;2,618106911968004;1,8582793072501385;1,8582793072501385;1,8582793072501385;2,36461253386595;0,6105403309264097;0,5488005330422443;3,1677580814580324;0,6774615603541798;-1,0566025247081032;4,77316113920838;2,9447979427088495;2,0907200470816494;1,8582793072501385;2,1406727828746175;2,318599956901033;1,1733978427083287;1,2805865269077243;0,3132631397025618;sim;nao;nao;nao;1;1.071 | 1.297 | 3.207;0,7358600809686631;15;14;-1,931406696693756;-4,196210222074011;0,33339682868649945;1,0375931949501496;1,024472864100098;1,0507135258002012;0,9995548262161316;sim;nao;2,498398735913264;1,840355804190561;3,156441667635967;;6,151281670921713;Classe mundial;1_3s;2;1000;Até 1000 pacientes entre eventos de CQ;7,817043541130829;6,392430128233522;Classe mundial;1_3s;2;1000;Até 1000 pacientes entre eventos de CQ;7,057215936412963;6,04759889131276;Classe mundial;1_3s;2;1000;Até 1000 pacientes entre eventos de CQ;8,143734571871674;6,189273765186213;Classe mundial;1_3s;2;1000;Até 1000 pacientes entre eventos de CQ;7,697335365076089;6,392430128233522;Classe mundial;1_3s;2;1000;Até 1000 pacientes entre eventos de CQ;7,057215936412963;6,318659807862498;Classe mundial;1_3s;2;1000;Até 1000 pacientes entre eventos de CQ;7,2896566762444746;5,976837453892549;5,467326522286017;5,980543779705127;6,336408121037654;0,953;2,034797407401546;3,156079928108565;6,111366735239382;6,76475187125673;0,9995;0,6851416420155307;2,7438737126768156;6,043369392321847;6,47930735001318;0,99;1,5845404160076138;2,958124547088771
bioquimica;Lactato desidrogenase;1;CAP;2025;13,838110462469999;15,0;159,34126984126985;0,9686691913947592;Desempenho inadequado;15;3;1,59544872788783;-0,37745702862145764;0,37745702862145764;-0,3774570286214577;1,77678257596341;0,4587632884358534;-1,3614064225640718;0,6064923653211565;0,706519883638598;-3,4173667345813437;2,662452677338428;1,7575455544270915;1,0680891818612974;0,0;-0,8363201911588986;1,5605094822994896;1,2237283350197028;3,074731609542924;0,0835419803588941;nao;nao;sim;nao;0;0.288 | 0.370 | -1.790;0,11276897135137845;15;14;-4,898386440014974;-12,304865036347646;2,508092156317698;1,0160545656050255;0,9905327808692196;1,0415763503408313;0,9982456628181758;nao;nao;-1,4686914269551794;-3,902713023396672;0,9653301694863132;;0,9686691913947592;Desempenho inadequado;1_3s / 2_2s / R_4s / 4_1s / 8x;;;CQ estatístico isolado pode ser insuficiente — investigar e melhorar o desempenho analítico ou reavaliar o método;24,428330990963328;1,056686388725974;Desempenho inadequado;1_3s / 2_2s / R_4s / 4_1s / 8x;;;CQ estatístico isolado pode ser insuficiente — investigar e melhorar o desempenho analítico ou reavaliar o método;23,210339291696954;0,9569553936924731;Desempenho inadequado;1_3s / 2_2s / R_4s / 4_1s / 8x;;;CQ estatístico isolado pode ser insuficiente — investigar e melhorar o desempenho analítico ou reavaliar o método;24,59042781750259;0,9778292065049454;Desempenho inadequado;1_3s / 2_2s / R_4s / 4_1s / 8x;;;CQ estatístico isolado pode ser insuficiente — investigar e melhorar o desempenho analítico ou reavaliar o método;24,301573690030676;1,0839630194224228;Desempenho inadequado;1_3s / 2_2s / R_4s / 4_1s / 8x;;;CQ estatístico isolado pode ser insuficiente — investigar e melhorar o desempenho analítico ou reavaliar o método;22,832882263075497;1,0067784077835698;Desempenho inadequado;1_3s / 2_2s / R_4s / 4_1s / 8x;;;CQ estatístico isolado pode ser insuficiente — investigar e melhorar o desempenho analítico ou reavaliar o método;23,900971444936793;0,9855820716581809;0,837009741816387;0,9429097277047206;0,9930292811239076;1,0;1,25835111534019;1,9519110318845685;1,0081958043469168;1,0825260770276255;1,0;0,019884567587412503;1,048475091648573;0,9617168209004147;1,0277142191910111;1,0;0,7783771109836847;1,6916563987645854;15;3;1,59544872788783;-0,37745702862145764;0,37745702862145764;-0,3774570286214577;1,77678257596341;0,4587632884358534;-1,3614064225640718;0,6064923653211565;0,706519883638598;-3,4173667345813437;2,662452677338428;1,7575455544270915;1,0680891818612974;0,0;-0,8363201911588986;1,5605094822994896;1,2237283350197028;3,074731609542924;0,0835419803588941;nao;nao;sim;nao;0;0.288 | 0.370 | -1.790;0,11276897135137845;15;14;-4,898386440014974;-12,304865036347646;2,508092156317698;1,0160545656050255;0,9905327808692196;1,0415763503408313;0,9982456628181758;nao;nao;-1,4686914269551794;-3,902713023396672;0,9653301694863132;;0,9686691913947592;Desempenho inadequado;1_3s / 2_2s / R_4s / 4_1s / 8x;;;CQ estatístico isolado pode ser insuficiente — investigar e melhorar o desempenho analítico ou reavaliar o método;24,428330990963328;1,056686388725974;Desempenho inadequado;1_3s / 2_2s / R_4s / 4_1s / 8x;;;CQ estatístico isolado pode ser insuficiente — investigar e melhorar o desempenho analítico ou reavaliar o método;23,210339291696954;0,9569553936924731;Desempenho inadequado;1_3s / 2_2s / R_4s / 4_1s / 8x;;;CQ estatístico isolado pode ser insuficiente — investigar e melhorar o desempenho analítico ou reavaliar o método;24,59042781750259;0,9778292065049454;Desempenho inadequado;1_3s / 2_2s / R_4s / 4_1s / 8x;;;CQ estatístico isolado pode ser insuficiente — investigar e melhorar o desempenho analítico ou reavaliar o método;24,301573690030676;1,0839630194224228;Desempenho inadequado;1_3s / 2_2s / R_4s / 4_1s / 8x;;;CQ estatístico isolado pode ser insuficiente — investigar e melhorar o desempenho analítico ou reavaliar o método;22,832882263075497;1,0067784077835698;Desempenho inadequado;1_3s / 2_2s / R_4s / 4_1s / 8x;;;CQ estatístico isolado pode ser insuficiente — investigar e melhorar o desempenho analítico ou reavaliar o método;23,900971444936793;0,9855820716581809;0,837009741816387;0,9436394575860135;0,9958694197812438;1,0;1,219048962871242;1,9418129491794704;1,0056418706764607;1,0823400605619324;1,0;0,022458683987512267;1,0838167078941678;0,9626698982349553;1,0270999993118397;1,0;0,786876753519902;1,6784676093299373
bioquimica;Lactato desidrogenase;2;CAP;2025;4,526195756297855;15,0;375,23333333333335;2,9615491670815968;Desempenho inadequado;15;3;1,59544872788783;-0,37745702862145764;0,37745702862145764;-0,3774570286214577;1,77678257596341;0,4587632884358534;-1,3614064225640718;0,6064923653211565;0,706519883638598;-3,4173667345813437;2,662452677338428;1,7575455544270915;1,0680891818612974;0,0;-0,8363201911588986;1,5605094822994896;1,2237283350197028;3,074731609542924;0,0835419803588941;nao;nao;sim;nao;0;0.288 | 0.370 | -1.790;0,3447728658505678;15;14;-4,898386440014974;-12,304865036347646;2,508092156317698;1,0160545656050255;0,9905327808692196;1,0415763503408313;0,9982456628181758;nao;nao;0,30003244039551147;-0,6922916918013062;1,2923565725923292;;2,9615491670815968;Desempenho inadequado;1_3s / 2_2s / R_4s / 4_1s / 8x;;;CQ estatístico isolado pode ser insuficiente — investigar e melhorar o desempenho analítico ou reavaliar o método;9,06367172577929;3,230647492661446;Marginal;1_3s / 2_2s / R_4s / 4_1s / 8x;6;45;Até 45 pacientes entre eventos de CQ;7,845680026512918;2,9257361277728755;Desempenho inadequado;1_3s / 2_2s / R_4s / 4_1s / 8x;;;CQ estatístico isolado pode ser insuficiente — investigar e melhorar o desempenho analítico ou reavaliar o método;9,225768552318552;3,247753378574183;Marginal;1_3s / 2_2s / R_4s / 4_1s / 8x;6;45;Até 45 pacientes entre eventos de CQ;7,768255438286971;3,3140413732942613;Marginal;1_3s / 2_2s / R_4s / 4_1s / 8x;6;45;Até 45 pacientes entre eventos de CQ;7,46822299789146;3,078061924023837;Marginal;1_3s / 2_2s / R_4s / 4_1s / 8x;6;45;Até 45 pacientes entre eventos de CQ;8,536312179752757;3,01325755927787;2,5590217235527892;2,8827937788505977;3,036026196069703;0,844;1,25835111534019;1,9519110318845685;3,0823953844548035;3,309648154649278;0,9995;0,019884567587412503;1,048475091648573;2,9402934203006734;3,1420697766392487;0,821;0,7783771109836847;1,6916563987645854;15;3;1,59544872788783;-0,37745702862145764;0,37745702862145764;-0,3774570286214577;1,77678257596341;0,4587632884358534;-1,3614064225640718;0,6064923653211565;0,706519883638598;-3,4173667345813437;2,662452677338428;1,7575455544270915;1,0680891818612974;0,0;-0,8363201911588986;1,5605094822994896;1,2237283350197028;3,074731609542924;0,0835419803588941;nao;nao;sim;nao;0;0.288 | 0.370 | -1.790;0,3447728658505678;15;14;-4,898386440014974;-12,304865036347646;2,508092156317698;1,0160545656050255;0,9905327808692196;1,0415763503408313;0,9982456628181758;nao;nao;0,30003244039551147;-0,6922916918013062;1,2923565725923292;;2,9615491670815968;Desempenho inadequado;1_3s / 2_2s / R_4s / 4_1s / 8x;;;CQ estatístico isolado pode ser insuficiente — investigar e melhorar o desempenho analítico ou reavaliar o método;9,06367172577929;3,230647492661446;Marginal;1_3s / 2_2s / R_4s / 4_1s / 8x;6;45;Até 45 pacientes entre eventos de CQ;7,845680026512918;2,9257361277728755;Desempenho inadequado;1_3s / 2_2s / R_4s / 4_1s / 8x;;;CQ estatístico isolado pode ser insuficiente — investigar e melhorar o desempenho analítico ou reavaliar o método;9,225768552318552;3,247753378574183;Marginal;1_3s / 2_2s / R_4s / 4_1s / 8x;6;45;Até 45 pacientes entre eventos de CQ;7,768255438286971;3,3140413732942613;Marginal;1_3s / 2_2s / R_4s / 4_1s / 8x;6;45;Até 45 pacientes entre eventos de CQ;7,46822299789146;3,078061924023837;Marginal;1_3s / 2_2s / R_4s / 4_1s / 8x;6;45;Até 45 pacientes entre eventos de CQ;8,536312179752757;3,01325755927787;2,5590217235527892;2,88502480977564;3,0447094600258104;0,842;1,219048962871242;1,9418129491794704;3,0745871458923375;3,309079439432637;0,9975;0,022458683987512267;1,0838167078941678;2,9432072998906795;3,1401918988376996;0,8245;0,786876753519902;1,6784676093299373
bioquimica;Lipase;1;CAP;2025;6,700282241610194;0,0;59,77272727272727;-1,1378677628577873;Desempenho inadequado;15;3;7,624035164776752;-7,332064361857043;7,332064361857043;-7,332064361857044;4,728781672643809;1,220966177733355;-9,950776366257427;-4,71335235745666;2,767962978428198;-19,24164782683658;4,577519103122494;8,638853251837151;8,311582635473965;7,332064361857043;-6,565656565656567;2,6332915715091683;4,794252512107315;16,57348788456495;0,0003526269439557481;sim;nao;nao;sim;0;-11.880 | -2.325 | -7.791;0,3930120368894106;15;15;2,358581578123747;-1,104106756083691;5,821269912331186;0,8941980329697972;0,8654539391465417;0,9229421267930527;0,9971300835129686;sim;nao;-6,6342807548284615;-10,554153634865024;-2,714407874791899;;-1,1378677628577873;Desempenho inadequado;1_3s / 2_2s / R_4s / 4_1s / 8x;;;CQ estatístico isolado pode ser insuficiente — investigar e melhorar o desempenho analítico ou reavaliar o método;18,67950086343357;-1,0942918667400825;Desempenho inadequado;1_3s / 2_2s / R_4s / 4_1s / 8x;;;CQ estatístico isolado pode ser insuficiente — investigar e melhorar o desempenho analítico ou reavaliar o método;18,38753006051386;-1,2893267686826706;Desempenho inadequado;1_3s / 2_2s / R_4s / 4_1s / 8x;;;CQ estatístico isolado pode ser insuficiente — investigar e melhorar o desempenho analítico ou reavaliar o método;19,694318950493972;-0,9901494467842192;Desempenho inadequado;1_3s / 2_2s / R_4s / 4_1s / 8x;;;CQ estatístico isolado pode ser insuficiente — investigar e melhorar o desempenho analítico ou reavaliar o método;17,68974645348528;-1,0942918667400825;Desempenho inadequado;1_3s / 2_2s / R_4s / 4_1s / 8x;;;CQ estatístico isolado pode ser insuficiente — investigar e melhorar o desempenho analítico ou reavaliar o método;18,38753006051386;-1,240482465627679;Desempenho inadequado;1_3s / 2_2s / R_4s / 4_1s / 8x;;;CQ estatístico isolado pode ser insuficiente — investigar e melhorar o desempenho analítico ou reavaliar o método;19,367048334130786;-1,485127940500919;-2,8717667604122417;-1,29458980359646;-0,9947296864332857;1,0;6,66496965321142;8,67411707120699;-1,2711294349795421;-0,913810427203529;1,0;6,1227877775900295;8,516925979981425;-1,419744549978177;-1,085146562661056;1,0;7,270788243342217;9,512689195841636;15;3;7,624035164776752;-7,332064361857043;7,332064361857043;-7,332064361857044;4,728781672643809;1,220966177733355;-9,950776366257427;-4,71335235745666;2,767962978428198;-19,24164782683658;4,577519103122494;8,638853251837151;8,311582635473965;7,332064361857043;-6,565656565656567;2,6332915715091683;4,794252512107315;16,57348788456495;0,0003526269439557481;sim;nao;nao;sim;0;-11.880 | -2.325 | -7.791;0,3930120368894106;15;15;2,358581578123747;-1,104106756083691;5,821269912331186;0,8941980329697972;0,8654539391465417;0,9229421267930527;0,9971300835129686;sim;nao;-6,6342807548284615;-10,554153634865024;-2,714407874791899;;-1,1378677628577873;Desempenho inadequado;1_3s / 2_2s / R_4s / 4_1s / 8x;;;CQ estatístico isolado pode ser insuficiente — investigar e melhorar o desempenho analítico ou reavaliar o método;18,67950086343357;-1,0942918667400825;Desempenho inadequado;1_3s / 2_2s / R_4s / 4_1s / 8x;;;CQ estatístico isolado pode ser insuficiente — investigar e melhorar o desempenho analítico ou reavaliar o método;18,38753006051386;-1,2893267686826706;Desempenho inadequado;1_3s / 2_2s / R_4s / 4_1s / 8x;;;CQ estatístico isolado pode ser insuficiente — investigar e melhorar o desempenho analítico ou reavaliar o método;19,694318950493972;-0,9901494467842192;Desempenho inadequado;1_3s / 2_2s / R_4s / 4_1s / 8x;;;CQ estatístico isolado pode ser insuficiente — investigar e melhorar o desempenho analítico ou reavaliar o método;17,68974645348528;-1,0942918667400825;Desempenho inadequado;1_3s / 2_2s / R_4s / 4_1s / 8x;;;CQ estatístico isolado pode ser insuficiente — investigar e melhorar o desempenho analítico ou reavaliar o método;18,38753006051386;-1,240482465627679;Desempenho inadequado;1_3s / 2_2s / R_4s / 4_1s / 8x;;;CQ estatístico isolado pode ser insuficiente — investigar e melhorar o desempenho analítico ou reavaliar o método;19,367048334130786;-1,485127940500919;-2,8717667604122417;-1,2992469865556016;-0,9951812020979773;1,0;6,667994935601362;8,705321511484055;-1,2771990571208196;-0,9146739452503232;1,0;6,128573592224274;8,557594161427911;-1,4262600075659448;-1,0888887735176755;1,0;7,295862112289186;9,55634460061292
bioquimica;Lipase;2;CAP;2025;3,3074801906648013;0,0;86,00833333333334;-2,305088685427418;Desempenho inadequado;15;3;7,624035164776752;-7,332064361857043;7,332064361857043;-7,332064361857044;4,728781672643809;1,220966177733355;-9,950776366257427;-4,71335235745666;2,767962978428198;-19,24164782683658;4,577519103122494;8,638853251837151;8,311582635473965;7,332064361857043;-6,565656565656567;2,6332915715091683;4,794252512107315;16,57348788456495;0,0003526269439557481;sim;nao;nao;sim;0;-11.880 | -2.325 | -7.791;0,7961624619677249;15;15;2,358581578123747;-1,104106756083691;5,821269912331186;0,8941980329697972;0,8654539391465417;0,9229421267930527;0,9971300835129686;sim;nao;-7,837925708205345;-10,304574454960246;-5,3712769614504445;;-2,305088685427418;Desempenho inadequado;1_3s / 2_2s / R_4s / 4_1s / 8x;;;CQ estatístico isolado pode ser insuficiente — investigar e melhorar o desempenho analítico ou reavaliar o método;13,081377479373675;-2,2168127816914613;Desempenho inadequado;1_3s / 2_2s / R_4s / 4_1s / 8x;;;CQ estatístico isolado pode ser insuficiente — investigar e melhorar o desempenho analítico ou reavaliar o método;12,789406676453964;-2,6119138298151827;Desempenho inadequado;1_3s / 2_2s / R_4s / 4_1s / 8x;;;CQ estatístico isolado pode ser insuficiente — investigar e melhorar o desempenho analítico ou reavaliar o método;14,096195566434073;-2,3697574154268564;Desempenho inadequado;1_3s / 2_2s / R_4s / 4_1s / 8x;;;CQ estatístico isolado pode ser insuficiente — investigar e melhorar o desempenho analítico ou reavaliar o método;13,295268022802267;-2,2168127816914613;Desempenho inadequado;1_3s / 2_2s / R_4s / 4_1s / 8x;;;CQ estatístico isolado pode ser insuficiente — investigar e melhorar o desempenho analítico ou reavaliar o método;12,789406676453964;-2,512965205032216;Desempenho inadequado;1_3s / 2_2s / R_4s / 4_1s / 8x;;;CQ estatístico isolado pode ser insuficiente — investigar e melhorar o desempenho analítico ou reavaliar o método;13,768924950070886;-3,0085671848747575;-5,817615440644263;-2,6225756682350676;-2,0151200518216155;1,0;6,66496965321142;8,67411707120699;-2,5750497324277335;-1,8511940887420264;1,0;6,1227877775900295;8,516925979981425;-2,8761137323484895;-2,1982862554592635;1,0;7,270788243342217;9,512689195841636;15;3;7,624035164776752;-7,332064361857043;7,332064361857043;-7,332064361857044;4,728781672643809;1,220966177733355;-9,950776366257427;-4,71335235745666;2,767962978428198;-19,24164782683658;4,577519103122494;8,638853251837151;8,311582635473965;7,332064361857043;-6,565656565656567;2,6332915715091683;4,794252512107315;16,57348788456495;0,0003526269439557481;sim;nao;nao;sim;0;-11.880 | -2.325 | -7.791;0,7961624619677249;15;15;2,358581578123747;-1,104106756083691;5,821269912331186;0,8941980329697972;0,8654539391465417;0,9229421267930527;0,9971300835129686;sim;nao;-7,837925708205345;-10,304574454960246;-5,3712769614504445;;-2,305088685427418;Desempenho inadequado;1_3s / 2_2s / R_4s / 4_1s / 8x;;;CQ estatístico isolado pode ser insuficiente — investigar e melhorar o desempenho analítico ou reavaliar o método;13,081377479373675;-2,2168127816914613;Desempenho inadequado;1_3s / 2_2s / R_4s / 4_1s / 8x;;;CQ estatístico isolado pode ser insuficiente — investigar e melhorar o desempenho analítico ou reavaliar o método;12,789406676453964;-2,6119138298151827;Desempenho inadequado;1_3s / 2_2s / R_4s / 4_1s / 8x;;;CQ estatístico isolado pode ser insuficiente — investigar e melhorar o desempenho analítico ou reavaliar o método;14,096195566434073;-2,3697574154268564;Desempenho inadequado;1_3s / 2_2s / R_4s / 4_1s / 8x;;;CQ estatístico isolado pode ser insuficiente — investigar e melhorar o desempenho analítico ou reavaliar o método;13,295268022802267;-2,2168127816914613;Desempenho inadequado;1_3s / 2_2s / R_4s / 4_1s / 8x;;;CQ estatístico isolado pode ser insuficiente — investigar e melhorar o desempenho analítico ou reavaliar o método;12,789406676453964;-2,512965205032216;Desempenho inadequado;1_3s / 2_2s / R_4s / 4_1s / 8x;;;CQ estatístico isolado pode ser insuficiente — investigar e melhorar o desempenho analítico ou reavaliar o método;13,768924950070886;-3,0085671848747575;-5,817615440644263;-2,632010173803729;-2,016034730735938;1,0;6,667994935601362;8,705321511484055;-2,587345552539149;-1,8529434006957533;1,0;6,128573592224274;8,557594161427911;-2,8893127244073082;-2,2058672136212314;1,0;7,295862112289186;9,55634460061292
bioquimica;AST (TGO);1;CAP;2025;33,03274915778832;20,0;48,03125;0,3044428895373529;Desempenho inadequado;15;3;9,943414397040366;9,943414397040366;9,943414397040366;9,943414397040364;10,639891754758228;2,7472082381085485;4,051238739007024;15,835590055073704;0,9991441949499817;5,644443899225498;14,242384894855233;14,301455636427722;10,043309619636053;9,943414397040366;6,796116504854364;11,38329725984722;1,7305685097408716;0,11556104060241307;0,8918455926758095;sim;sim;nao;nao;2;11.034 | 10.849 | 7.948;0,3446064148482572;15;15;2,447251886876103;-1,2342557875036535;6,128759561255859;1,0368440111271433;1,0141501398550037;1,059537882399283;0,9986674030390702;sim;nao;8,779525405494763;2,863891074601751;14,695159736387774;;0,3044428895373529;Desempenho inadequado;1_3s / 2_2s / R_4s / 4_1s / 8x;;;CQ estatístico isolado pode ser insuficiente — investigar e melhorar o desempenho analítico ou reavaliar o método;64,44745050739108;0,3044428895373529;Desempenho inadequado;1_3s / 2_2s / R_4s / 4_1s / 8x;;;CQ estatístico isolado pode ser insuficiente — investigar e melhorar o desempenho analítico ou reavaliar o método;64,44745050739108;0,17251196188218867;Desempenho inadequado;1_3s / 2_2s / R_4s / 4_1s / 8x;;;CQ estatístico isolado pode ser insuficiente — investigar e melhorar o desempenho analítico ou reavaliar o método;68,80549174677844;0,33967728634719835;Desempenho inadequado;1_3s / 2_2s / R_4s / 4_1s / 8x;;;CQ estatístico isolado pode ser insuficiente — investigar e melhorar o desempenho analítico ou reavaliar o método;63,28356151584548;0,3044428895373529;Desempenho inadequado;1_3s / 2_2s / R_4s / 4_1s / 8x;;;CQ estatístico isolado pode ser insuficiente — investigar e melhorar o desempenho analítico ou reavaliar o método;64,44745050739108;0,3014187627194935;Desempenho inadequado;1_3s / 2_2s / R_4s / 4_1s / 8x;;;CQ estatístico isolado pode ser insuficiente — investigar e melhorar o desempenho analítico ou reavaliar o método;64,54734572998677;0,1260691299120779;0,17430020969923607;0,1291662830567489;0,44205640952684944;1,0;5,397661510507037;15,733282572142526;0,1291662830567489;0,44205640952684944;1,0;5,397661510507037;15,733282572142526;0,08335374456726137;0,432081568047814;1,0;5,727157946972712;17,246596664347294;15;3;9,943414397040366;9,943414397040366;9,943414397040366;9,943414397040364;10,639891754758228;2,7472082381085485;4,051238739007024;15,835590055073704;0,9991441949499817;5,644443899225498;14,242384894855233;14,301455636427722;10,043309619636053;9,943414397040366;6,796116504854364;11,38329725984722;1,7305685097408716;0,11556104060241307;0,8918455926758095;sim;sim;nao;nao;2;11.034 | 10.849 | 7.948;0,3446064148482572;15;15;2,447251886876103;-1,2342557875036535;6,128759561255859;1,0368440111271433;1,0141501398550037;1,059537882399283;0,9986674030390702;sim;nao;8,779525405494763;2,863891074601751;14,695159736387774;;0,3044428895373529;Desempenho inadequado;1_3s / 2_2s / R_4s / 4_1s / 8x;;;CQ estatístico isolado pode ser insuficiente — investigar e melhorar o desempenho analítico ou reavaliar o método;64,44745050739108;0,3044428895373529;Desempenho inadequado;1_3s / 2_2s / R_4s / 4_1s / 8x;;;CQ estatístico isolado pode ser insuficiente — investigar e melhorar o desempenho analítico ou reavaliar o método;64,44745050739108;0,17251196188218867;Desempenho inadequado;1_3s / 2_2s / R_4s / 4_1s / 8x;;;CQ estatístico isolado pode ser insuficiente — investigar e melhorar o desempenho analítico ou reavaliar o método;68,80549174677844;0,33967728634719835;Desempenho inadequado;1_3s / 2_2s / R_4s / 4_1s / 8x;;;CQ estatístico isolado pode ser insuficiente — investigar e melhorar o desempenho analítico ou reavaliar o método;63,28356151584548;0,3044428895373529;Desempenho inadequado;1_3s / 2_2s / R_4s / 4_1s / 8x;;;CQ estatístico isolado pode ser insuficiente — investigar e melhorar o desempenho analítico ou reavaliar o método;64,44745050739108;0,3014187627194935;Desempenho inadequado;1_3s / 2_2s / R_4s / 4_1s / 8x;;;CQ estatístico isolado pode ser insuficiente — investigar e melhorar o desempenho analítico ou reavaliar o método;64,54734572998677;0,1260691299120779;0,17430020969923607;0,13664351005746644;0,4435976804477195;1,0;5,346749094793741;15,486289208231986;0,13664351005746644;0,4435976804477195;1,0;5,346749094793741;15,486289208231986;0,09192185463752045;0,43452694166065253;1,0;5,646380533822743;16,963568433640106
bioquimica;AST (TGO);2;CAP;2025;2,061143338261059;20,0;217,49137931034483;4,8791296637545605;Bom;15;3;9,943414397040366;9,943414397040366;9,943414397040366;9,943414397040364;10,639891754758228;2,7472082381085485;4,051238739007024;15,835590055073704;0,9991441949499817;5,644443899225498;14,242384894855233;14,301455636427722;10,043309619636053;9,943414397040366;6,796116504854364;11,38329725984722;1,7305685097408716;0,11556104060241307;0,8918455926758095;sim;sim;nao;nao;2;11.034 | 10.849 | 7.948;5,522807195666001;15;15;2,447251886876103;-1,2342557875036535;6,128759561255859;1,0368440111271433;1,0141501398550037;1,059537882399283;0,9986674030390702;sim;nao;4,8096189924465;3,532121562085858;6,087116422807141;;4,8791296637545605;Bom;1_3s / 2_2s / R_4s / 4_1s;4;200;Até 200 pacientes entre eventos de CQ;13,344300905171114;4,8791296637545605;Bom;1_3s / 2_2s / R_4s / 4_1s;4;200;Até 200 pacientes entre eventos de CQ;13,344300905171114;2,764749184489039;Desempenho inadequado;1_3s / 2_2s / R_4s / 4_1s / 8x;;;CQ estatístico isolado pode ser insuficiente — investigar e melhorar o desempenho analítico ou reavaliar o método;17,702342144558468;7,369880942083964;Classe mundial;1_3s;2;1000;Até 1000 pacientes entre eventos de CQ;8,210505500577247;4,8791296637545605;Bom;1_3s / 2_2s / R_4s / 4_1s;4;200;Até 200 pacientes entre eventos de CQ;13,344300905171114;4,8306637367414655;Bom;1_3s / 2_2s / R_4s / 4_1s;4;200;Até 200 pacientes entre eventos de CQ;13,444196127766801;2,0204368457167643;2,7934083953629054;2,0700731233263987;7,0845817553924375;0,2705;5,397661510507037;15,733282572142526;2,0700731233263987;7,0845817553924375;0,2705;5,397661510507037;15,733282572142526;1,3358621327014022;6,92472075477728;0,2375;5,727157946972712;17,246596664347294;15;3;9,943414397040366;9,943414397040366;9,943414397040366;9,943414397040364;10,639891754758228;2,7472082381085485;4,051238739007024;15,835590055073704;0,9991441949499817;5,644443899225498;14,242384894855233;14,301455636427722;10,043309619636053;9,943414397040366;6,796116504854364;11,38329725984722;1,7305685097408716;0,11556104060241307;0,8918455926758095;sim;sim;nao;nao;2;11.034 | 10.849 | 7.948;5,522807195666001;15;15;2,447251886876103;-1,2342557875036535;6,128759561255859;1,0368440111271433;1,0141501398550037;1,059537882399283;0,9986674030390702;sim;nao;4,8096189924465;3,532121562085858;6,087116422807141;;4,8791296637545605;Bom;1_3s / 2_2s / R_4s / 4_1s;4;200;Até 200 pacientes entre eventos de CQ;13,344300905171114;4,8791296637545605;Bom;1_3s / 2_2s / R_4s / 4_1s;4;200;Até 200 pacientes entre eventos de CQ;13,344300905171114;2,764749184489039;Desempenho inadequado;1_3s / 2_2s / R_4s / 4_1s / 8x;;;CQ estatístico isolado pode ser insuficiente — investigar e melhorar o desempenho analítico ou reavaliar o método;17,702342144558468;7,369880942083964;Classe mundial;1_3s;2;1000;Até 1000 pacientes entre eventos de CQ;8,210505500577247;4,8791296637545605;Bom;1_3s / 2_2s / R_4s / 4_1s;4;200;Até 200 pacientes entre eventos de CQ;13,344300905171114;4,8306637367414655;Bom;1_3s / 2_2s / R_4s / 4_1s;4;200;Até 200 pacientes entre eventos de CQ;13,444196127766801;2,0204368457167643;2,7934083953629054;2,1899063049036323;7,109282810757296;0,275;5,346749094793741;15,486289208231986;2,1899063049036323;7,109282810757296;0,275;5,346749094793741;15,486289208231986;1,4731782647012135;6,963911339755286;0,251;5,646380533822743;16,963568433640106
bioquimica;ALT (TGP);1;CAP;2025;22,281544445248073;20,0;30,252032520325205;0,620011950576118;Desempenho inadequado;15;3;6,185176166653275;-2,7170700585777183;2,7170700585777183;-2,7170700585777197;11,067647217848846;2,8576542237618288;-8,846128796374176;3,411988679218736;3,3015881060706067;-16,922657135670768;11,488517018515333;11,032184596868973;5,402169725907667;0,0;0,27100271002710413;10,754397892948242;5,718518345379394;1,4137246829871135;0,2809886504322366;nao;nao;sim;nao;1;-8.887 | -1.669 | 2.405;0,48265944577472075;15;15;-4,486155853104748;-8,20610606531973;-0,766205640889766;1,0454181794671877;1,0175311260565214;1,073305232877854;0,9980218790622613;sim;sim;-10,287452946371362;-20,304892383807804;-0,2700135089349196;;0,620011950576118;Desempenho inadequado;1_3s / 2_2s / R_4s / 4_1s / 8x;;;CQ estatístico isolado pode ser insuficiente — investigar e melhorar o desempenho analítico ou reavaliar o método;42,949724501312595;0,7756612197099365;Desempenho inadequado;1_3s / 2_2s / R_4s / 4_1s / 8x;;;CQ estatístico isolado pode ser insuficiente — investigar e melhorar o desempenho analítico ou reavaliar o método;39,481618393237035;0,4024772800273084;Desempenho inadequado;1_3s / 2_2s / R_4s / 4_1s / 8x;;;CQ estatístico isolado pode ser insuficiente — investigar e melhorar o desempenho analítico ou reavaliar o método;47,79673293152829;0,43590097973213016;Desempenho inadequado;1_3s / 2_2s / R_4s / 4_1s / 8x;;;CQ estatístico isolado pode ser insuficiente — investigar e melhorar o desempenho analítico ou reavaliar o método;47,05200128103068;0,8976038464993098;Desempenho inadequado;1_3s / 2_2s / R_4s / 4_1s / 8x;;;CQ estatístico isolado pode ser insuficiente — investigar e melhorar o desempenho analítico ou reavaliar o método;36,76454833465932;0,6551534302284676;Desempenho inadequado;1_3s / 2_2s / R_4s / 4_1s / 8x;;;CQ estatístico isolado pode ser insuficiente — investigar e melhorar o desempenho analítico ou reavaliar o método;42,166718060566986;0,5005878847866213;0,1381117396009561;0,4002680515108464;0,7777454874052492;1,0;2,6706293552888125;11,081409620248229;0,5314803744588026;0,8915064327276143;1,0;0,13585979595510028;8,1577964147191;0,26245479738748273;0,8350275791104794;1,0;1,3942958830419463;14,152101767142225;15;3;6,185176166653275;-2,7170700585777183;2,7170700585777183;-2,7170700585777197;11,067647217848846;2,8576542237618288;-8,846128796374176;3,411988679218736;3,3015881060706067;-16,922657135670768;11,488517018515333;11,032184596868973;5,402169725907667;0,0;0,27100271002710413;10,754397892948242;5,718518345379394;1,4137246829871135;0,2809886504322366;nao;nao;sim;nao;1;-8.887 | -1.669 | 2.405;0,48265944577472075;15;15;-4,486155853104748;-8,20610606531973;-0,766205640889766;1,0454181794671877;1,0175311260565214;1,073305232877854;0,9980218790622613;sim;sim;-10,287452946371362;-20,304892383807804;-0,2700135089349196;;0,620011950576118;Desempenho inadequado;1_3s / 2_2s / R_4s / 4_1s / 8x;;;CQ estatístico isolado pode ser insuficiente — investigar e melhorar o desempenho analítico ou reavaliar o método;42,949724501312595;0,7756612197099365;Desempenho inadequado;1_3s / 2_2s / R_4s / 4_1s / 8x;;;CQ estatístico isolado pode ser insuficiente — investigar e melhorar o desempenho analítico ou reavaliar o método;39,481618393237035;0,4024772800273084;Desempenho inadequado;1_3s / 2_2s / R_4s / 4_1s / 8x;;;CQ estatístico isolado pode ser insuficiente — investigar e melhorar o desempenho analítico ou reavaliar o método;47,79673293152829;0,43590097973213016;Desempenho inadequado;1_3s / 2_2s / R_4s / 4_1s / 8x;;;CQ estatístico isolado pode ser insuficiente — investigar e melhorar o desempenho analítico ou reavaliar o método;47,05200128103068;0,8976038464993098;Desempenho inadequado;1_3s / 2_2s / R_4s / 4_1s / 8x;;;CQ estatístico isolado pode ser insuficiente — investigar e melhorar o desempenho analítico ou reavaliar o método;36,76454833465932;0,6551534302284676;Desempenho inadequado;1_3s / 2_2s / R_4s / 4_1s / 8x;;;CQ estatístico isolado pode ser insuficiente — investigar e melhorar o desempenho analítico ou reavaliar o método;42,166718060566986;0,5005878847866213;0,1381117396009561;0,3882340703842486;0,7743408603660465;1,0;2,7464897039823;11,349545305573791;0,5321242275629272;0,8918243875542727;1,0;0,12877527135332772;8,143450373163336;0,2714636471324571;0,8322631888586872;1,0;1,455890767301268;13,95137068114901
bioquimica;ALT (TGP);2;CAP;2025;2,9029934190803384;20,0;104,0;4,758820237947088;Bom;15;3;6,185176166653275;-2,7170700585777183;2,7170700585777183;-2,7170700585777197;11,067647217848846;2,8576542237618288;-8,846128796374176;3,411988679218736;3,3015881060706067;-16,922657135670768;11,488517018515333;11,032184596868973;5,402169725907667;0,0;0,27100271002710413;10,754397892948242;5,718518345379394;1,4137246829871135;0,2809886504322366;nao;nao;sim;nao;1;-8.887 | -1.669 | 2.405;3,704589139700913;15;15;-4,486155853104748;-8,20610606531973;-0,766205640889766;1,0454181794671877;1,0175311260565214;1,073305232877854;0,9980218790622613;sim;sim;0,22820654950267502;-1,6467929628243287;2,103206061829679;;4,758820237947088;Bom;1_3s / 2_2s / R_4s / 4_1s;4;200;Até 200 pacientes entre eventos de CQ;10,975115308135834;5,9534857460674075;Excelente;1_3s / 2_2s / R_4s;2;450;Até 450 pacientes entre eventos de CQ;7,507009200060276;3,0891614649171375;Marginal;1_3s / 2_2s / R_4s / 4_1s / 8x;6;45;Até 45 pacientes entre eventos de CQ;15,82212373835153;6,810829580440793;Classe mundial;1_3s;2;1000;Até 1000 pacientes entre eventos de CQ;5,018145690985232;6,889440350965712;Classe mundial;1_3s;2;1000;Até 1000 pacientes entre eventos de CQ;4,789939141482558;5,028544046344029;Excelente;1_3s / 2_2s / R_4s;2;450;Até 450 pacientes entre eventos de CQ;10,192108867390225;3,8421965169867125;1,0600585051633107;3,072204821799823;5,969483268825696;0,4075;2,6706293552888125;11,081409620248229;4,079307761239253;6,842640452949361;0,3355;0,13585979595510028;8,1577964147191;2,014437302689572;6,4091444350749835;0,317;1,3942958830419463;14,152101767142225;15;3;6,185176166653275;-2,7170700585777183;2,7170700585777183;-2,7170700585777197;11,067647217848846;2,8576542237618288;-8,846128796374176;3,411988679218736;3,3015881060706067;-16,922657135670768;11,488517018515333;11,032184596868973;5,402169725907667;0,0;0,27100271002710413;10,754397892948242;5,718518345379394;1,4137246829871135;0,2809886504322366;nao;nao;sim;nao;1;-8.887 | -1.669 | 2.405;3,704589139700913;15;15;-4,486155853104748;-8,20610606531973;-0,766205640889766;1,0454181794671877;1,0175311260565214;1,073305232877854;0,9980218790622613;sim;sim;0,22820654950267502;-1,6467929628243287;2,103206061829679;;4,758820237947088;Bom;1_3s / 2_2s / R_4s / 4_1s;4;200;Até 200 pacientes entre eventos de CQ;10,975115308135834;5,9534857460674075;Excelente;1_3s / 2_2s / R_4s;2;450;Até 450 pacientes entre eventos de CQ;7,507009200060276;3,0891614649171375;Marginal;1_3s / 2_2s / R_4s / 4_1s / 8x;6;45;Até 45 pacientes entre eventos de CQ;15,82212373835153;6,810829580440793;Classe mundial;1_3s;2;1000;Até 1000 pacientes entre eventos de CQ;5,018145690985232;6,889440350965712;Classe mundial;1_3s;2;1000;Até 1000 pacientes entre eventos de CQ;4,789939141482558;5,028544046344029;Excelente;1_3s / 2_2s / R_4s;2;450;Até 450 pacientes entre eventos de CQ;10,192108867390225;3,8421965169867125;1,0600585051633107;2,9798395812990335;5,943351501459336;0,4225;2,7464897039823;11,349545305573791;4,084249571117799;6,845080873432304;0,336;0,12877527135332772;8,143450373163336;2,08358354486631;6,387926721023523;0,3095;1,455890767301268;13,95137068114901
bioquimica;Proteína C-reativa;1;CAP;;;0,0;0,21;;;0;0;;;;;;;;;;;;;;;;;;;;;;;;;;;0;;;;;;;;;;;;;;menos de 8 amostras com Xlab e Xref;;;;;;;;;;;;;;;;;;;;;;;;;;;;;;;;;;;;;;;;;;;;;;;;;;;;;;;;;;;;0;0;;;;;;;;;;;;;;;;;;;;;;;;;;;0;;;;;;;;;;;;;;menos de 8 amostras com Xlab e Xref;;;;;;;;;;;;;;;;;;;;;;;;;;;;;;;;;;;;;;;;;;;;;;;;;;;;;;;;;;;
bioquimica;Proteína C-reativa;2;CAP;;;0,0;;;;0;0;;;;;;;;;;;;;;;;;;;;;;;;;;;0;;;;;;;;;;;;;;menos de 8 amostras com Xlab e Xref;;;;;;;;;;;;;;;;;;;;;;;;;;;;;;;;;;;;;;;;;;;;;;;;;;;;;;;;;;;;0;0;;;;;;;;;;;;;;;;;;;;;;;;;;;0;;;;;;;;;;;;;;menos de 8 amostras com Xlab e Xref;;;;;;;;;;;;;;;;;;;;;;;;;;;;;;;;;;;;;;;;;;;;;;;;;;;;;;;;;;;
bioquimica;Bicarbonato;1;CAP;2025;14,685664718504727;20,0;33,62676056338027;0,21525450645426292;Desempenho inadequado;15;3;16,838844489065483;14,886662397358544;14,886662397358544;14,886662397358547;14,909547221717585;3,849628539280351;6,63003035288159;23,143294441835504;9,746008552598369;-27,047027905640434;56,82035270035752;20,71443158281476;20,28748586561602;14,886662397358544;13,043478260869565;4,677819076709761;16,880581984101187;65,11154401520412;3,6080026838104155e-07;sim;nao;sim;sim;0;-2.928 | 30.644 | 16.944;0,3185296114526881;15;15;-0,1853789810552371;-13,520585351519102;13,149827389408628;1,1567521777078023;0,7108431047033733;1,6026612507122313;0,7072616153027103;nao;nao;15,123933680521725;5,822701548819918;24,425165812223533;;0,21525450645426292;Desempenho inadequado;1_3s / 2_2s / R_4s / 4_1s / 8x;;;CQ estatístico isolado pode ser insuficiente — investigar e melhorar o desempenho analítico ou reavaliar o método;41,07019127459828;0,3481856423018003;Desempenho inadequado;1_3s / 2_2s / R_4s / 4_1s / 8x;;;CQ estatístico isolado pode ser insuficiente — investigar e melhorar o desempenho analítico ou reavaliar o método;39,11800918289134;-0,048648229175117894;Desempenho inadequado;1_3s / 2_2s / R_4s / 4_1s / 8x;;;CQ estatístico isolado pode ser insuficiente — investigar e melhorar o desempenho analítico ou reavaliar o método;44,94577836834756;0,33202898288520566;Desempenho inadequado;1_3s / 2_2s / R_4s / 4_1s / 8x;;;CQ estatístico isolado pode ser insuficiente — investigar e melhorar o desempenho analítico ou reavaliar o método;39,35528046605452;0,3481856423018003;Desempenho inadequado;1_3s / 2_2s / R_4s / 4_1s / 8x;;;CQ estatístico isolado pode ser insuficiente — investigar e melhorar o desempenho analítico ou reavaliar o método;39,11800918289134;-0,019575951863709126;Desempenho inadequado;1_3s / 2_2s / R_4s / 4_1s / 8x;;;CQ estatístico isolado pode ser insuficiente — investigar e melhorar o desempenho analítico ou reavaliar o método;44,51883265114881;-0,2140382816907691;-2,5072309225446157;0,05937614280456399;0,3566835798054762;1,0;14,761864536380752;19,128021874494117;0,20061560248516797;0,4939260318247985;1,0;12,746367900879514;17,053826524601998;-0,16960017666984814;0,11380445919953731;1,0;18,328705868724843;22,490691330772556;15;3;16,838844489065483;14,886662397358544;14,886662397358544;14,886662397358547;14,909547221717585;3,849628539280351;6,63003035288159;23,143294441835504;9,746008552598369;-27,047027905640434;56,82035270035752;20,71443158281476;20,28748586561602;14,886662397358544;13,043478260869565;4,677819076709761;16,880581984101187;65,11154401520412;3,6080026838104155e-07;sim;nao;sim;sim;0;-2.928 | 30.644 | 16.944;0,3185296114526881;15;15;-0,1853789810552371;-13,520585351519102;13,149827389408628;1,1567521777078023;0,7108431047033733;1,6026612507122313;0,7072616153027103;nao;nao;15,123933680521725;5,822701548819918;24,425165812223533;;0,21525450645426292;Desempenho inadequado;1_3s / 2_2s / R_4s / 4_1s / 8x;;;CQ estatístico isolado pode ser insuficiente — investigar e melhorar o desempenho analítico ou reavaliar o método;41,07019127459828;0,3481856423018003;Desempenho inadequado;1_3s / 2_2s / R_4s / 4_1s / 8x;;;CQ estatístico isolado pode ser insuficiente — investigar e melhorar o desempenho analítico ou reavaliar o método;39,11800918289134;-0,048648229175117894;Desempenho inadequado;1_3s / 2_2s / R_4s / 4_1s / 8x;;;CQ estatístico isolado pode ser insuficiente — investigar e melhorar o desempenho analítico ou reavaliar o método;44,94577836834756;0,33202898288520566;Desempenho inadequado;1_3s / 2_2s / R_4s / 4_1s / 8x;;;CQ estatístico isolado pode ser insuficiente — investigar e melhorar o desempenho analítico ou reavaliar o método;39,35528046605452;0,3481856423018003;Desempenho inadequado;1_3s / 2_2s / R_4s / 4_1s / 8x;;;CQ estatístico isolado pode ser insuficiente — investigar e melhorar o desempenho analítico ou reavaliar o método;39,11800918289134;-0,019575951863709126;Desempenho inadequado;1_3s / 2_2s / R_4s / 4_1s / 8x;;;CQ estatístico isolado pode ser insuficiente — investigar e melhorar o desempenho analítico ou reavaliar o método;44,51883265114881;-0,2140382816907691;-2,5072309225446157;0,05967445410188437;0,35603242965438736;1,0;14,771427109181046;19,123640974799926;0,20781088815246987;0,48384999892070807;1,0;12,894341141801604;16,94815897173814;-0,16471447922785473;0,10829277746591026;1,0;18,409648578699993;22,418941616223382
bioquimica;Bicarbonato;2;CAP;2025;16,227235513693987;20,0;18,39264705882353;0,194805548256624;Desempenho inadequado;15;3;16,838844489065483;14,886662397358544;14,886662397358544;14,886662397358547;14,909547221717585;3,849628539280351;6,63003035288159;23,143294441835504;9,746008552598369;-27,047027905640434;56,82035270035752;20,71443158281476;20,28748586561602;14,886662397358544;13,043478260869565;4,677819076709761;16,880581984101187;65,11154401520412;3,6080026838104155e-07;sim;nao;sim;sim;0;-2.928 | 30.644 | 16.944;0,28826962379156945;15;15;-0,1853789810552371;-13,520585351519102;13,149827389408628;1,1567521777078023;0,7108431047033733;1,6026612507122313;0,7072616153027103;nao;nao;14,667320536291045;-15,211346455644138;44,54598752822623;;0,194805548256624;Desempenho inadequado;1_3s / 2_2s / R_4s / 4_1s / 8x;;;CQ estatístico isolado pode ser insuficiente — investigar e melhorar o desempenho analítico ou reavaliar o método;43,61378308666056;0,3151083620082032;Desempenho inadequado;1_3s / 2_2s / R_4s / 4_1s / 8x;;;CQ estatístico isolado pode ser insuficiente — investigar e melhorar o desempenho analítico ou reavaliar o método;41,66160099495362;-0,044026697105114435;Desempenho inadequado;1_3s / 2_2s / R_4s / 4_1s / 8x;;;CQ estatístico isolado pode ser insuficiente — investigar e melhorar o desempenho analítico ou reavaliar o método;47,489370180409836;0,32862525839406004;Desempenho inadequado;1_3s / 2_2s / R_4s / 4_1s / 8x;;;CQ estatístico isolado pode ser insuficiente — investigar e melhorar o desempenho analítico ou reavaliar o método;41,442259133886125;0,3151083620082032;Desempenho inadequado;1_3s / 2_2s / R_4s / 4_1s / 8x;;;CQ estatístico isolado pode ser insuficiente — investigar e melhorar o desempenho analítico ou reavaliar o método;41,66160099495362;-0,017716256436496148;Desempenho inadequado;1_3s / 2_2s / R_4s / 4_1s / 8x;;;CQ estatístico isolado pode ser insuficiente — investigar e melhorar o desempenho analítico ou reavaliar o método;47,0624244632111;-0,19370486360310185;-2,2690465464240797;0,05373546989997347;0,32279900413097734;1,0;14,761864536380752;19,128021874494117;0,18155732520870585;0,44700356342269304;1,0;12,746367900879514;17,053826524601998;-0,15348833315882363;0,1029931518443033;1,0;18,328705868724843;22,490691330772556;15;3;16,838844489065483;14,886662397358544;14,886662397358544;14,886662397358547;14,909547221717585;3,849628539280351;6,63003035288159;23,143294441835504;9,746008552598369;-27,047027905640434;56,82035270035752;20,71443158281476;20,28748586561602;14,886662397358544;13,043478260869565;4,677819076709761;16,880581984101187;65,11154401520412;3,6080026838104155e-07;sim;nao;sim;sim;0;-2.928 | 30.644 | 16.944;0,28826962379156945;15;15;-0,1853789810552371;-13,520585351519102;13,149827389408628;1,1567521777078023;0,7108431047033733;1,6026612507122313;0,7072616153027103;nao;nao;14,667320536291045;-15,211346455644138;44,54598752822623;;0,194805548256624;Desempenho inadequado;1_3s / 2_2s / R_4s / 4_1s / 8x;;;CQ estatístico isolado pode ser insuficiente — investigar e melhorar o desempenho analítico ou reavaliar o método;43,61378308666056;0,3151083620082032;Desempenho inadequado;1_3s / 2_2s / R_4s / 4_1s / 8x;;;CQ estatístico isolado pode ser insuficiente — investigar e melhorar o desempenho analítico ou reavaliar o método;41,66160099495362;-0,044026697105114435;Desempenho inadequado;1_3s / 2_2s / R_4s / 4_1s / 8x;;;CQ estatístico isolado pode ser insuficiente — investigar e melhorar o desempenho analítico ou reavaliar o método;47,489370180409836;0,32862525839406004;Desempenho inadequado;1_3s / 2_2s / R_4s / 4_1s / 8x;;;CQ estatístico isolado pode ser insuficiente — investigar e melhorar o desempenho analítico ou reavaliar o método;41,442259133886125;0,3151083620082032;Desempenho inadequado;1_3s / 2_2s / R_4s / 4_1s / 8x;;;CQ estatístico isolado pode ser insuficiente — investigar e melhorar o desempenho analítico ou reavaliar o método;41,66160099495362;-0,017716256436496148;Desempenho inadequado;1_3s / 2_2s / R_4s / 4_1s / 8x;;;CQ estatístico isolado pode ser insuficiente — investigar e melhorar o desempenho analítico ou reavaliar o método;47,0624244632111;-0,19370486360310185;-2,2690465464240797;0,05400544192881919;0,3222097125789921;1,0;14,771427109181046;19,123640974799926;0,18806906608870275;0,43788474335027705;1,0;12,894341141801604;16,94815897173814;-0,1490667719823298;0,09800507424434197;1,0;18,409648578699993;22,418941616223382
bioquimica;Sódio;1;CAP;2025;3,006197720337809;4,0;145,94078947368422;0,6303401162004872;Desempenho inadequado;15;3;2,1050729796406253;1,4420162665280014;1,4420162665280014;1,4420162665280012;2,1942272791086492;0,5665470473187875;0,22689370135952758;2,657138831696475;1,2097797302965774;-3,763245792428135;6,647278325484137;2,563799662315733;2,237530984054584;1,4420162665280014;1,283880171184031;1,3993408286966724;2,095399958840645;11,211322743050827;0,0017948245920322865;sim;nao;sim;sim;0;-0.047 | 3.838 | 0.534;0,4654852936750372;15;15;;;;;;;;;;;;;faixa de concentracao insuficiente (<3 niveis ou max/min < 1,5);0,6303401162004872;Desempenho inadequado;1_3s / 2_2s / R_4s / 4_1s / 8x;;;CQ estatístico isolado pode ser insuficiente — investigar e melhorar o desempenho analítico ou reavaliar o método;7,06529921819801;0,8509033574759534;Desempenho inadequado;1_3s / 2_2s / R_4s / 4_1s / 8x;;;CQ estatístico isolado pode ser insuficiente — investigar e melhorar o desempenho analítico ou reavaliar o método;6,402242505085386;0,4777464662313961;Desempenho inadequado;1_3s / 2_2s / R_4s / 4_1s / 8x;;;CQ estatístico isolado pode ser insuficiente — investigar e melhorar o desempenho analítico ou reavaliar o método;7,524025900873118;;;;;;;;0,8509033574759534;Desempenho inadequado;1_3s / 2_2s / R_4s / 4_1s / 8x;;;CQ estatístico isolado pode ser insuficiente — investigar e melhorar o desempenho analítico ou reavaliar o método;6,402242505085386;0,5862784753051326;Desempenho inadequado;1_3s / 2_2s / R_4s / 4_1s / 8x;;;CQ estatístico isolado pode ser insuficiente — investigar e melhorar o desempenho analítico ou reavaliar o método;7,197757222611969;0,44669755392956206;-0,880606856819338;0,4835495353673786;0,7623038769252548;1,0;1,708363822982625;2,5463544891081797;0,6562627723953317;1,0672522771192483;1,0;0,7916286374987794;2,027144349682583;0,4018674057601657;0,7177487735784851;1,0;1,8423052730930998;2,7919071209257202;15;3;2,1050729796406253;1,4420162665280014;1,4420162665280014;1,4420162665280012;2,1942272791086492;0,5665470473187875;0,22689370135952758;2,657138831696475;1,2097797302965774;-3,763245792428135;6,647278325484137;2,563799662315733;2,237530984054584;1,4420162665280014;1,283880171184031;1,3993408286966724;2,095399958840645;11,211322743050827;0,0017948245920322865;sim;nao;sim;sim;0;-0.047 | 3.838 | 0.534;0,4654852936750372;15;15;;;;;;;;;;;;;faixa de concentracao insuficiente (<3 niveis ou max/min < 1,5);0,6303401162004872;Desempenho inadequado;1_3s / 2_2s / R_4s / 4_1s / 8x;;;CQ estatístico isolado pode ser insuficiente — investigar e melhorar o desempenho analítico ou reavaliar o método;7,06529921819801;0,8509033574759534;Desempenho inadequado;1_3s / 2_2s / R_4s / 4_1s / 8x;;;CQ estatístico isolado pode ser insuficiente — investigar e melhorar o desempenho analítico ou reavaliar o método;6,402242505085386;0,4777464662313961;Desempenho inadequado;1_3s / 2_2s / R_4s / 4_1s / 8x;;;CQ estatístico isolado pode ser insuficiente — investigar e melhorar o desempenho analítico ou reavaliar o método;7,524025900873118;;;;;;;;0,8509033574759534;Desempenho inadequado;1_3s / 2_2s / R_4s / 4_1s / 8x;;;CQ estatístico isolado pode ser insuficiente — investigar e melhorar o desempenho analítico ou reavaliar o método;6,402242505085386;0,5862784753051326;Desempenho inadequado;1_3s / 2_2s / R_4s / 4_1s / 8x;;;CQ estatístico isolado pode ser insuficiente — investigar e melhorar o desempenho analítico ou reavaliar o método;7,197757222611969;0,44669755392956206;-0,880606856819338;0,49575284485490906;0,7634201864978706;1,0;1,7050079756902359;2,509668927946189;0,6570785300770565;1,0647091693837303;1,0;0,7992737221758676;2,024692020799434;0,3966632178409205;0,7179857337170279;1,0;1,8415929240648015;2,8075519387847647
bioquimica;Sódio;2;CAP;2025;1,9812533114584459;4,0;126,81294964028777;0,95642844324862;Desempenho inadequado;15;3;2,1050729796406253;1,4420162665280014;1,4420162665280014;1,4420162665280012;2,1942272791086492;0,5665470473187875;0,22689370135952758;2,657138831696475;1,2097797302965774;-3,763245792428135;6,647278325484137;2,563799662315733;2,237530984054584;1,4420162665280014;1,283880171184031;1,3993408286966724;2,095399958840645;11,211322743050827;0,0017948245920322865;sim;nao;sim;sim;0;-0.047 | 3.838 | 0.534;0,7062907204261456;15;15;;;;;;;;;;;;;faixa de concentracao insuficiente (<3 niveis ou max/min < 1,5);0,95642844324862;Desempenho inadequado;1_3s / 2_2s / R_4s / 4_1s / 8x;;;CQ estatístico isolado pode ser insuficiente — investigar e melhorar o desempenho analítico ou reavaliar o método;5,374140943547061;1,2910937327791814;Desempenho inadequado;1_3s / 2_2s / R_4s / 4_1s / 8x;;;CQ estatístico isolado pode ser insuficiente — investigar e melhorar o desempenho analítico ou reavaliar o método;4,7110842304344365;0,7248948579053969;Desempenho inadequado;1_3s / 2_2s / R_4s / 4_1s / 8x;;;CQ estatístico isolado pode ser insuficiente — investigar e melhorar o desempenho analítico ou reavaliar o método;5,832867626222168;;;;;;;;1,2910937327791814;Desempenho inadequado;1_3s / 2_2s / R_4s / 4_1s / 8x;;;CQ estatístico isolado pode ser insuficiente — investigar e melhorar o desempenho analítico ou reavaliar o método;4,7110842304344365;0,889572779892553;Desempenho inadequado;1_3s / 2_2s / R_4s / 4_1s / 8x;;;CQ estatístico isolado pode ser insuficiente — investigar e melhorar o desempenho analítico ou reavaliar o método;5,506598947961019;0,6777836839626601;-1,3361634830709332;0,7336999779305143;1,1566598595766884;1,0;1,708363822982625;2,5463544891081797;0,9957614399468951;1,6193645426083674;1,0;0,7916286374987794;2,027144349682583;0,6097619482008461;1,0890554551646765;1,0;1,8423052730930998;2,7919071209257202;15;3;2,1050729796406253;1,4420162665280014;1,4420162665280014;1,4420162665280012;2,1942272791086492;0,5665470473187875;0,22689370135952758;2,657138831696475;1,2097797302965774;-3,763245792428135;6,647278325484137;2,563799662315733;2,237530984054584;1,4420162665280014;1,283880171184031;1,3993408286966724;2,095399958840645;11,211322743050827;0,0017948245920322865;sim;nao;sim;sim;0;-0.047 | 3.838 | 0.534;0,7062907204261456;15;15;;;;;;;;;;;;;faixa de concentracao insuficiente (<3 niveis ou max/min < 1,5);0,95642844324862;Desempenho inadequado;1_3s / 2_2s / R_4s / 4_1s / 8x;;;CQ estatístico isolado pode ser insuficiente — investigar e melhorar o desempenho analítico ou reavaliar o método;5,374140943547061;1,2910937327791814;Desempenho inadequado;1_3s / 2_2s / R_4s / 4_1s / 8x;;;CQ estatístico isolado pode ser insuficiente — investigar e melhorar o desempenho analítico ou reavaliar o método;4,7110842304344365;0,7248948579053969;Desempenho inadequado;1_3s / 2_2s / R_4s / 4_1s / 8x;;;CQ estatístico isolado pode ser insuficiente — investigar e melhorar o desempenho analítico ou reavaliar o método;5,832867626222168;;;;;;;;1,2910937327791814;Desempenho inadequado;1_3s / 2_2s / R_4s / 4_1s / 8x;;;CQ estatístico isolado pode ser insuficiente — investigar e melhorar o desempenho analítico ou reavaliar o método;4,7110842304344365;0,889572779892553;Desempenho inadequado;1_3s / 2_2s / R_4s / 4_1s / 8x;;;CQ estatístico isolado pode ser insuficiente — investigar e melhorar o desempenho analítico ou reavaliar o método;5,506598947961019;0,6777836839626601;-1,3361634830709332;0,7522163185467408;1,1583536597954591;1,0;1,7050079756902359;2,509668927946189;0,9969992063995575;1,6155058312397237;1,0;0,7992737221758676;2,024692020799434;0,6018655233628086;1,08941499981461;1,0;1,8415929240648015;2,8075519387847647
bioquimica;Potássio;1;CAP;2025;6,457920401875667;6,0;3,7894736842105257;0,5296075371752421;Desempenho inadequado;15;3;2,5798366806888784;-0,24276331066311033;0,24276331066311033;-0,2427633106631104;3,191612219836378;0,8240707316652252;-2,0102192458413697;1,524692624515149;0,9094969071207479;-4,1560126607848895;3,6704860394586687;3,0929322682570572;1,3089321117340371;0,0;0,0;3,1330749158967652;1,5752948524598875;1,2640147824789651;0,31757564323675574;nao;nao;sim;nao;0;-1.084 | 1.575 | -1.219;0,4851522968581002;15;13;-0,3394679452668736;-0,6321440717161496;-0,04679181881759764;1,074453228975653;1,0153316769353617;1,1335747810159442;0,9916370980521425;sim;sim;-1,512858991421636;-4,035327482218133;1,0096094993748603;;0,5296075371752421;Desempenho inadequado;1_3s / 2_2s / R_4s / 4_1s / 8x;;;CQ estatístico isolado pode ser insuficiente — investigar e melhorar o desempenho analítico ou reavaliar o método;13,235405343783727;0,8915001008164691;Desempenho inadequado;1_3s / 2_2s / R_4s / 4_1s / 8x;;;CQ estatístico isolado pode ser insuficiente — investigar e melhorar o desempenho analítico ou reavaliar o método;10,898331973757958;0,45015539846211194;Desempenho inadequado;1_3s / 2_2s / R_4s / 4_1s / 8x;;;CQ estatístico isolado pode ser insuficiente — investigar e melhorar o desempenho analítico ou reavaliar o método;13,748500931351906;0,6948275496358083;Desempenho inadequado;1_3s / 2_2s / R_4s / 4_1s / 8x;;;CQ estatístico isolado pode ser insuficiente — investigar e melhorar o desempenho analítico ou reavaliar o método;12,168427654516485;0,9290916621173178;Desempenho inadequado;1_3s / 2_2s / R_4s / 4_1s / 8x;;;CQ estatístico isolado pode ser insuficiente — investigar e melhorar o desempenho analítico ou reavaliar o método;10,655568663094849;0,7264053435690332;Desempenho inadequado;1_3s / 2_2s / R_4s / 4_1s / 8x;;;CQ estatístico isolado pode ser insuficiente — investigar e melhorar o desempenho analítico ou reavaliar o método;11,964500774828887;0,6178120053941546;0,28553887698577624;0,4042838685473534;0,6507688244001568;1,0;1,7973867320015837;3,3891669571588263;0,6684329112503924;0,9250845017309328;1,0;0,025877922812823927;1,6833134651509447;0,49079871478608605;0,833948445063244;1,0;0,614427322513587;2,830460966568577;15;3;2,5798366806888784;-0,24276331066311033;0,24276331066311033;-0,2427633106631104;3,191612219836378;0,8240707316652252;-2,0102192458413697;1,524692624515149;0,9094969071207479;-4,1560126607848895;3,6704860394586687;3,0929322682570572;1,3089321117340371;0,0;0,0;3,1330749158967652;1,5752948524598875;1,2640147824789651;0,31757564323675574;nao;nao;sim;nao;0;-1.084 | 1.575 | -1.219;0,4851522968581002;15;13;-0,3394679452668736;-0,6321440717161496;-0,04679181881759764;1,074453228975653;1,0153316769353617;1,1335747810159442;0,9916370980521425;sim;sim;-1,512858991421636;-4,035327482218133;1,0096094993748603;;0,5296075371752421;Desempenho inadequado;1_3s / 2_2s / R_4s / 4_1s / 8x;;;CQ estatístico isolado pode ser insuficiente — investigar e melhorar o desempenho analítico ou reavaliar o método;13,235405343783727;0,8915001008164691;Desempenho inadequado;1_3s / 2_2s / R_4s / 4_1s / 8x;;;CQ estatístico isolado pode ser insuficiente — investigar e melhorar o desempenho analítico ou reavaliar o método;10,898331973757958;0,45015539846211194;Desempenho inadequado;1_3s / 2_2s / R_4s / 4_1s / 8x;;;CQ estatístico isolado pode ser insuficiente — investigar e melhorar o desempenho analítico ou reavaliar o método;13,748500931351906;0,6948275496358083;Desempenho inadequado;1_3s / 2_2s / R_4s / 4_1s / 8x;;;CQ estatístico isolado pode ser insuficiente — investigar e melhorar o desempenho analítico ou reavaliar o método;12,168427654516485;0,9290916621173178;Desempenho inadequado;1_3s / 2_2s / R_4s / 4_1s / 8x;;;CQ estatístico isolado pode ser insuficiente — investigar e melhorar o desempenho analítico ou reavaliar o método;10,655568663094849;0,7264053435690332;Desempenho inadequado;1_3s / 2_2s / R_4s / 4_1s / 8x;;;CQ estatístico isolado pode ser insuficiente — investigar e melhorar o desempenho analítico ou reavaliar o método;11,964500774828887;0,6178120053941546;0,28553887698577624;0,40354645033763004;0,652948763604212;1,0;1,7833088581408678;3,3939291452601124;0,6656173903705754;0,9252338874609141;1,0;0,024913201659428442;1,7014958748826199;0,4773523776427238;0,8316530195739931;1,0;0,6292509976116073;2,9172963415371944
bioquimica;Potássio;2;CAP;2025;2,1299528354098523;6,0;6,452517985611509;1,6057460345843775;Desempenho inadequado;15;3;2,5798366806888784;-0,24276331066311033;0,24276331066311033;-0,2427633106631104;3,191612219836378;0,8240707316652252;-2,0102192458413697;1,524692624515149;0,9094969071207479;-4,1560126607848895;3,6704860394586687;3,0929322682570572;1,3089321117340371;0,0;0,0;3,1330749158967652;1,5752948524598875;1,2640147824789651;0,31757564323675574;nao;nao;sim;nao;0;-1.084 | 1.575 | -1.219;1,470959762023974;15;13;-0,3394679452668736;-0,6321440717161496;-0,04679181881759764;1,074453228975653;1,0153316769353617;1,1335747810159442;0,9916370980521425;sim;sim;2,1843078020033126;0,2596274386178925;4,108988165388733;;1,6057460345843775;Desempenho inadequado;1_3s / 2_2s / R_4s / 4_1s / 8x;;;CQ estatístico isolado pode ser insuficiente — investigar e melhorar o desempenho analítico ou reavaliar o método;6,0942588591151345;2,702987875423572;Desempenho inadequado;1_3s / 2_2s / R_4s / 4_1s / 8x;;;CQ estatístico isolado pode ser insuficiente — investigar e melhorar o desempenho analítico ou reavaliar o método;3,7571854890893666;1,3648507532250382;Desempenho inadequado;1_3s / 2_2s / R_4s / 4_1s / 8x;;;CQ estatístico isolado pode ser insuficiente — investigar e melhorar o desempenho analítico ou reavaliar o método;6,607354446683313;1,7914444557465798;Desempenho inadequado;1_3s / 2_2s / R_4s / 4_1s / 8x;;;CQ estatístico isolado pode ser insuficiente — investigar e melhorar o desempenho analítico ou reavaliar o método;5,698729980429569;2,8169637844799795;Desempenho inadequado;1_3s / 2_2s / R_4s / 4_1s / 8x;;;CQ estatístico isolado pode ser insuficiente — investigar e melhorar o desempenho analítico ou reavaliar o método;3,514422178426256;2,2024280586303653;Desempenho inadequado;1_3s / 2_2s / R_4s / 4_1s / 8x;;;CQ estatístico isolado pode ser insuficiente — investigar e melhorar o desempenho analítico ou reavaliar o método;4,823354290160293;1,8731779820800136;0,8657409256014276;1,225770354834542;1,973101562687765;1,0;1,7973867320015837;3,3891669571588263;2,026658272937027;2,80481425591643;1,0;0,025877922812823927;1,6833134651509447;1,4880794451119987;2,528493865194016;1,0;0,614427322513587;2,830460966568577;15;3;2,5798366806888784;-0,24276331066311033;0,24276331066311033;-0,2427633106631104;3,191612219836378;0,8240707316652252;-2,0102192458413697;1,524692624515149;0,9094969071207479;-4,1560126607848895;3,6704860394586687;3,0929322682570572;1,3089321117340371;0,0;0,0;3,1330749158967652;1,5752948524598875;1,2640147824789651;0,31757564323675574;nao;nao;sim;nao;0;-1.084 | 1.575 | -1.219;1,470959762023974;15;13;-0,3394679452668736;-0,6321440717161496;-0,04679181881759764;1,074453228975653;1,0153316769353617;1,1335747810159442;0,9916370980521425;sim;sim;2,1843078020033126;0,2596274386178925;4,108988165388733;;1,6057460345843775;Desempenho inadequado;1_3s / 2_2s / R_4s / 4_1s / 8x;;;CQ estatístico isolado pode ser insuficiente — investigar e melhorar o desempenho analítico ou reavaliar o método;6,0942588591151345;2,702987875423572;Desempenho inadequado;1_3s / 2_2s / R_4s / 4_1s / 8x;;;CQ estatístico isolado pode ser insuficiente — investigar e melhorar o desempenho analítico ou reavaliar o método;3,7571854890893666;1,3648507532250382;Desempenho inadequado;1_3s / 2_2s / R_4s / 4_1s / 8x;;;CQ estatístico isolado pode ser insuficiente — investigar e melhorar o desempenho analítico ou reavaliar o método;6,607354446683313;1,7914444557465798;Desempenho inadequado;1_3s / 2_2s / R_4s / 4_1s / 8x;;;CQ estatístico isolado pode ser insuficiente — investigar e melhorar o desempenho analítico ou reavaliar o método;5,698729980429569;2,8169637844799795;Desempenho inadequado;1_3s / 2_2s / R_4s / 4_1s / 8x;;;CQ estatístico isolado pode ser insuficiente — investigar e melhorar o desempenho analítico ou reavaliar o método;3,514422178426256;2,2024280586303653;Desempenho inadequado;1_3s / 2_2s / R_4s / 4_1s / 8x;;;CQ estatístico isolado pode ser insuficiente — investigar e melhorar o desempenho analítico ou reavaliar o método;4,823354290160293;1,8731779820800136;0,8657409256014276;1,2235345362651742;1,979711039492451;1,0;1,7833088581408678;3,3939291452601124;2,018121741315576;2,80526718667497;1,0;0,024913201659428442;1,7014958748826199;1,4473107606956097;2,5215342392100135;1,0;0,6292509976116073;2,9172963415371944
bioquimica;Cloro;1;CAP;2025;5,8382807845855105;5,0;113,4407894736842;0,2565326124769029;Desempenho inadequado;15;3;3,5022905779565767;3,094176465889181;3,094176465889181;3,0941764658891815;2,470209562773083;0,6378053665508303;1,7262200062284252;4,462132925549938;1,06846461143499;-1,5030557111422769;7,6914086429206385;3,907565431375015;3,443422897908462;3,094176465889181;3,2947462154942144;2,0651592997383696;1,850634993094741;4,0151745443339415;0,04623345687620431;sim;nao;nao;sim;0;1.765 | 5.208 | 2.310;0,35372730019955456;15;14;;;;;;;;;;;;;faixa de concentracao insuficiente (<3 niveis ou max/min < 1,5);0,2565326124769029;Desempenho inadequado;1_3s / 2_2s / R_4s / 4_1s / 8x;;;CQ estatístico isolado pode ser insuficiente — investigar e melhorar o desempenho analítico ou reavaliar o método;13,13545387252267;0,3264357444305624;Desempenho inadequado;1_3s / 2_2s / R_4s / 4_1s / 8x;;;CQ estatístico isolado pode ser insuficiente — investigar e melhorar o desempenho analítico ou reavaliar o método;12,727339760455273;0,18711579811462295;Desempenho inadequado;1_3s / 2_2s / R_4s / 4_1s / 8x;;;CQ estatístico isolado pode ser insuficiente — investigar e melhorar o desempenho analítico ou reavaliar o método;13,540728725941108;;;;;;;;0,3264357444305624;Desempenho inadequado;1_3s / 2_2s / R_4s / 4_1s / 8x;;;CQ estatístico isolado pode ser insuficiente — investigar e melhorar o desempenho analítico ou reavaliar o método;12,727339760455273;0,2666156629878581;Desempenho inadequado;1_3s / 2_2s / R_4s / 4_1s / 8x;;;CQ estatístico isolado pode ser insuficiente — investigar e melhorar o desempenho analítico ou reavaliar o método;13,076586192474554;0,09212764755510956;-0,46099335441807043;0,14850950802599022;0,3672890271762854;1,0;2,8556635302475875;4,1329597929636135;0,17394259879347898;0,5008605617957731;1,0;2,075835406311034;3,9844742678431646;0,12151706877892107;0,3868392258820229;1,0;2,7415239808090517;4,290549232348869;15;3;3,5022905779565767;3,094176465889181;3,094176465889181;3,0941764658891815;2,470209562773083;0,6378053665508303;1,7262200062284252;4,462132925549938;1,06846461143499;-1,5030557111422769;7,6914086429206385;3,907565431375015;3,443422897908462;3,094176465889181;3,2947462154942144;2,0651592997383696;1,850634993094741;4,0151745443339415;0,04623345687620431;sim;nao;nao;sim;0;1.765 | 5.208 | 2.310;0,35372730019955456;15;14;;;;;;;;;;;;;faixa de concentracao insuficiente (<3 niveis ou max/min < 1,5);0,2565326124769029;Desempenho inadequado;1_3s / 2_2s / R_4s / 4_1s / 8x;;;CQ estatístico isolado pode ser insuficiente — investigar e melhorar o desempenho analítico ou reavaliar o método;13,13545387252267;0,3264357444305624;Desempenho inadequado;1_3s / 2_2s / R_4s / 4_1s / 8x;;;CQ estatístico isolado pode ser insuficiente — investigar e melhorar o desempenho analítico ou reavaliar o método;12,727339760455273;0,18711579811462295;Desempenho inadequado;1_3s / 2_2s / R_4s / 4_1s / 8x;;;CQ estatístico isolado pode ser insuficiente — investigar e melhorar o desempenho analítico ou reavaliar o método;13,540728725941108;;;;;;;;0,3264357444305624;Desempenho inadequado;1_3s / 2_2s / R_4s / 4_1s / 8x;;;CQ estatístico isolado pode ser insuficiente — investigar e melhorar o desempenho analítico ou reavaliar o método;12,727339760455273;0,2666156629878581;Desempenho inadequado;1_3s / 2_2s / R_4s / 4_1s / 8x;;;CQ estatístico isolado pode ser insuficiente — investigar e melhorar o desempenho analítico ou reavaliar o método;13,076586192474554;0,09212764755510956;-0,46099335441807043;0,1549623021941125;0,3653259678256419;1,0;2,86712442193345;4,09528656876498;0,17762434007470093;0,4910753937988296;1,0;2,1329639646015304;3,962979228467191;0,12999891254649354;0,39006749330287965;1,0;2,7226764491583597;4,241029846862794
bioquimica;Cloro;2;CAP;2025;4,551686825972453;5,0;89,51079136690647;0,3290449187974268;Desempenho inadequado;15;3;3,5022905779565767;3,094176465889181;3,094176465889181;3,0941764658891815;2,470209562773083;0,6378053665508303;1,7262200062284252;4,462132925549938;1,06846461143499;-1,5030557111422769;7,6914086429206385;3,907565431375015;3,443422897908462;3,094176465889181;3,2947462154942144;2,0651592997383696;1,850634993094741;4,0151745443339415;0,04623345687620431;sim;nao;nao;sim;0;1.765 | 5.208 | 2.310;0,4537129593262724;15;14;;;;;;;;;;;;;faixa de concentracao insuficiente (<3 niveis ou max/min < 1,5);0,3290449187974268;Desempenho inadequado;1_3s / 2_2s / R_4s / 4_1s / 8x;;;CQ estatístico isolado pode ser insuficiente — investigar e melhorar o desempenho analítico ou reavaliar o método;11,012573840811124;0,4187070874990715;Desempenho inadequado;1_3s / 2_2s / R_4s / 4_1s / 8x;;;CQ estatístico isolado pode ser insuficiente — investigar e melhorar o desempenho analítico ou reavaliar o método;10,604459728743729;0,24000653173048425;Desempenho inadequado;1_3s / 2_2s / R_4s / 4_1s / 8x;;;CQ estatístico isolado pode ser insuficiente — investigar e melhorar o desempenho analítico ou reavaliar o método;11,417848694229562;;;;;;;;0,4187070874990715;Desempenho inadequado;1_3s / 2_2s / R_4s / 4_1s / 8x;;;CQ estatístico isolado pode ser insuficiente — investigar e melhorar o desempenho analítico ou reavaliar o método;10,604459728743729;0,3419780757343692;Desempenho inadequado;1_3s / 2_2s / R_4s / 4_1s / 8x;;;CQ estatístico isolado pode ser insuficiente — investigar e melhorar o desempenho analítico ou reavaliar o método;10,953706160763009;0,11816873502388839;-0,5912991701369146;0,19048766758050098;0,4711080862410348;1,0;2,8556635302475875;4,1329597929636135;0,22310975490715387;0,6424353663796338;1,0;2,075835406311034;3,9844742678431646;0,15586546148186697;0,4961844049339734;1,0;2,7415239808090517;4,290549232348869;15;3;3,5022905779565767;3,094176465889181;3,094176465889181;3,0941764658891815;2,470209562773083;0,6378053665508303;1,7262200062284252;4,462132925549938;1,06846461143499;-1,5030557111422769;7,6914086429206385;3,907565431375015;3,443422897908462;3,094176465889181;3,2947462154942144;2,0651592997383696;1,850634993094741;4,0151745443339415;0,04623345687620431;sim;nao;nao;sim;0;1.765 | 5.208 | 2.310;0,4537129593262724;15;14;;;;;;;;;;;;;faixa de concentracao insuficiente (<3 niveis ou max/min < 1,5);0,3290449187974268;Desempenho inadequado;1_3s / 2_2s / R_4s / 4_1s / 8x;;;CQ estatístico isolado pode ser insuficiente — investigar e melhorar o desempenho analítico ou reavaliar o método;11,012573840811124;0,4187070874990715;Desempenho inadequado;1_3s / 2_2s / R_4s / 4_1s / 8x;;;CQ estatístico isolado pode ser insuficiente — investigar e melhorar o desempenho analítico ou reavaliar o método;10,604459728743729;0,24000653173048425;Desempenho inadequado;1_3s / 2_2s / R_4s / 4_1s / 8x;;;CQ estatístico isolado pode ser insuficiente — investigar e melhorar o desempenho analítico ou reavaliar o método;11,417848694229562;;;;;;;;0,4187070874990715;Desempenho inadequado;1_3s / 2_2s / R_4s / 4_1s / 8x;;;CQ estatístico isolado pode ser insuficiente — investigar e melhorar o desempenho analítico ou reavaliar o método;10,604459728743729;0,3419780757343692;Desempenho inadequado;1_3s / 2_2s / R_4s / 4_1s / 8x;;;CQ estatístico isolado pode ser insuficiente — investigar e melhorar o desempenho analítico ou reavaliar o método;10,953706160763009;0,11816873502388839;-0,5912991701369146;0,19876442862294927;0,46859014242722374;1,0;2,86712442193345;4,09528656876498;0,22783218863289267;0,6298842923548319;1,0;2,1329639646015304;3,962979228467191;0,1667448095959576;0,5003251844672105;1,0;2,7226764491583597;4,241029846862794
