produto;analito;nivel;provedor;ano_ceq;cv_pct;tea_pct;media_controle;sigma_planilha;classe_planilha;S1_n_amostras;S1_n_rodadas;S1_A;S1_Bsig2;S1_B;S1_Bsig1;S1_DP;S1_EP;S1_IC_lo;S1_IC_hi;S1_EProd;S1_ICr_lo;S1_ICr_hi;S1_C;S1_G;S1_F;S1_mediana;S1_DPw;S1_DPentre_medias;S1_anova_F;S1_anova_p;S1_sig_amostras;S1_sig_rodadas;S1_inversao_sinal;S1_heterog_rodadas;S1_n_outliers;S1_medias_rodada;S1_razao_DPw_CV;S1_reg_n;S1_reg_nconc;S1_reg_a;S1_reg_a_lo;S1_reg_a_hi;S1_reg_b;S1_reg_b_lo;S1_reg_b_hi;S1_reg_r2;S1_reg_prop;S1_reg_const;S1_D;S1_D_lo;S1_D_hi;S1_D_motivo;S1_sigma_A;S1_classe_A;S1_regras_A;S1_N_A;S1_runsize_A;S1_freq_A;S1_ET_A;S1_sigma_B;S1_classe_B;S1_regras_B;S1_N_B;S1_runsize_B;S1_freq_B;S1_ET_B;S1_sigma_C;S1_classe_C;S1_regras_C;S1_N_C;S1_runsize_C;S1_freq_C;S1_ET_C;S1_sigma_D;S1_classe_D;S1_regras_D;S1_N_D;S1_runsize_D;S1_freq_D;S1_ET_D;S1_sigma_F;S1_classe_F;S1_regras_F;S1_N_F;S1_runsize_F;S1_freq_F;S1_ET_F;S1_sigma_G;S1_classe_G;S1_regras_G;S1_N_G;S1_runsize_G;S1_freq_G;S1_ET_G;S1_sigma_B_pior_IC_am;S1_sigma_B_pior_IC_rod;S1_E_sigA_lo;S1_E_sigA_hi;S1_E_estabA;S1_E_biasA_lo;S1_E_biasA_hi;S1_E_sigB_lo;S1_E_sigB_hi;S1_E_estabB;S1_E_biasB_lo;S1_E_biasB_hi;S1_E_sigG_lo;S1_E_sigG_hi;S1_E_estabG;S1_E_biasG_lo;S1_E_biasG_hi;S2_n_amostras;S2_n_rodadas;S2_A;S2_Bsig2;S2_B;S2_Bsig1;S2_DP;S2_EP;S2_IC_lo;S2_IC_hi;S2_EProd;S2_ICr_lo;S2_ICr_hi;S2_C;S2_G;S2_F;S2_mediana;S2_DPw;S2_DPentre_medias;S2_anova_F;S2_anova_p;S2_sig_amostras;S2_sig_rodadas;S2_inversao_sinal;S2_heterog_rodadas;S2_n_outliers;S2_medias_rodada;S2_razao_DPw_CV;S2_reg_n;S2_reg_nconc;S2_reg_a;S2_reg_a_lo;S2_reg_a_hi;S2_reg_b;S2_reg_b_lo;S2_reg_b_hi;S2_reg_r2;S2_reg_prop;S2_reg_const;S2_D;S2_D_lo;S2_D_hi;S2_D_motivo;S2_sigma_A;S2_classe_A;S2_regras_A;S2_N_A;S2_runsize_A;S2_freq_A;S2_ET_A;S2_sigma_B;S2_classe_B;S2_regras_B;S2_N_B;S2_runsize_B;S2_freq_B;S2_ET_B;S2_sigma_C;S2_classe_C;S2_regras_C;S2_N_C;S2_runsize_C;S2_freq_C;S2_ET_C;S2_sigma_D;S2_classe_D;S2_regras_D;S2_N_D;S2_runsize_D;S2_freq_D;S2_ET_D;S2_sigma_F;S2_classe_F;S2_regras_F;S2_N_F;S2_runsize_F;S2_freq_F;S2_ET_F;S2_sigma_G;S2_classe_G;S2_regras_G;S2_N_G;S2_runsize_G;S2_freq_G;S2_ET_G;S2_sigma_B_pior_IC_am;S2_sigma_B_pior_IC_rod;S2_E_sigA_lo;S2_E_sigA_hi;S2_E_estabA;S2_E_biasA_lo;S2_E_biasA_hi;S2_E_sigB_lo;S2_E_sigB_hi;S2_E_estabB;S2_E_biasB_lo;S2_E_biasB_hi;S2_E_sigG_lo;S2_E_sigG_hi;S2_E_estabG;S2_E_biasG_lo;S2_E_biasG_hi
hematologia;WBC;1;CAP;2025;1,8041416450482368;7,0;3,044599999999999;2,846331613108453;Desempenho inadequado;15;3;1,8648146011737141;-1,8648146011737141;1,8648146011737141;-1,8648146011737137;1,710291813287382;0,441595447334461;-2,8119426380617734;-0,9176865642856541;0,17851054533538235;-2,632883486350062;-1,0967457159973661;2,491510594848434;1,8818250520020583;1,8648146011737141;-1,1164274322168963;1,8256367101300053;0,30918933420770967;0,14341358507140656;0,8678586167267905;sim;sim;nao;nao;0;-2.095 | -1.986 | -1.513;1,0119142890696888;15;13;-0,07467167085095294;-0,1592232906669514;0,009879948965045529;0,9954401776157049;0,9861872515263913;1,0046931037050186;0,9997593915007122;nao;nao;-2,9085760389600526;-5,000334989669447;-0,8168170882506574;;2,846331613108453;Desempenho inadequado;1_3s / 2of3_2s / R_4s / 3_1s / 6x;;;CQ estatistico isolado pode ser insuficiente - investigar e melhorar o desempenho analitico ou reavaliar o metodo;4,8416483155033045;2,846331613108453;Desempenho inadequado;1_3s / 2of3_2s / R_4s / 3_1s / 6x;;;CQ estatistico isolado pode ser insuficiente - investigar e melhorar o desempenho analitico ou reavaliar o metodo;4,8416483155033045;2,498966429562699;Desempenho inadequado;1_3s / 2of3_2s / R_4s / 3_1s / 6x;;;CQ estatistico isolado pode ser insuficiente - investigar e melhorar o desempenho analitico ou reavaliar o metodo;5,468344309178025;2,267795309902375;Desempenho inadequado;1_3s / 2of3_2s / R_4s / 3_1s / 6x;;;CQ estatistico isolado pode ser insuficiente - investigar e melhorar o desempenho analitico ou reavaliar o metodo;5,885409753289643;2,846331613108453;Desempenho inadequado;1_3s / 2of3_2s / R_4s / 3_1s / 6x;;;CQ estatistico isolado pode ser insuficiente - investigar e melhorar o desempenho analitico ou reavaliar o metodo;4,8416483155033045;2,8369030569443443;Desempenho inadequado;1_3s / 2of3_2s / R_4s / 3_1s / 6x;;;CQ estatistico isolado pode ser insuficiente - investigar e melhorar o desempenho analitico ou reavaliar o metodo;4,858658766331649;2,321357291115716;2,420606234347623;2,4019840369319425;3,2840577634426693;0,718;1,0750946242291082;2,6664805682299995;2,4019840369319425;3,2840577634426693;0,718;1,0750946242291082;2,6664805682299995;2,3417557689315203;3,2521101441570672;0,7945;1,1327326546424086;2,7751408947386884;15;3;1,8648146011737141;-1,8648146011737141;1,8648146011737141;-1,8648146011737137;1,710291813287382;0,441595447334461;-2,8119426380617734;-0,9176865642856541;0,17851054533538235;-2,632883486350062;-1,0967457159973661;2,491510594848434;1,8818250520020583;1,8648146011737141;-1,1164274322168963;1,8256367101300053;0,30918933420770967;0,14341358507140656;0,8678586167267905;sim;sim;nao;nao;0;-2.095 | -1.986 | -1.513;1,0119142890696888;15;13;-0,07467167085095294;-0,1592232906669514;0,009879948965045529;0,9954401776157049;0,9861872515263913;1,0046931037050186;0,9997593915007122;nao;nao;-2,9085760389600526;-5,000334989669447;-0,8168170882506574;;2,846331613108453;Desempenho inadequado;1_3s / 2of3_2s / R_4s / 3_1s / 6x;;;CQ estatistico isolado pode ser insuficiente - investigar e melhorar o desempenho analitico ou reavaliar o metodo;4,8416483155033045;2,846331613108453;Desempenho inadequado;1_3s / 2of3_2s / R_4s / 3_1s / 6x;;;CQ estatistico isolado pode ser insuficiente - investigar e melhorar o desempenho analitico ou reavaliar o metodo;4,8416483155033045;2,498966429562699;Desempenho inadequado;1_3s / 2of3_2s / R_4s / 3_1s / 6x;;;CQ estatistico isolado pode ser insuficiente - investigar e melhorar o desempenho analitico ou reavaliar o metodo;5,468344309178025;2,267795309902375;Desempenho inadequado;1_3s / 2of3_2s / R_4s / 3_1s / 6x;;;CQ estatistico isolado pode ser insuficiente - investigar e melhorar o desempenho analitico ou reavaliar o metodo;5,885409753289643;2,846331613108453;Desempenho inadequado;1_3s / 2of3_2s / R_4s / 3_1s / 6x;;;CQ estatistico isolado pode ser insuficiente - investigar e melhorar o desempenho analitico ou reavaliar o metodo;4,8416483155033045;2,8369030569443443;Desempenho inadequado;1_3s / 2of3_2s / R_4s / 3_1s / 6x;;;CQ estatistico isolado pode ser insuficiente - investigar e melhorar o desempenho analitico ou reavaliar o metodo;4,858658766331649;2,321357291115716;2,420606234347623;2,3714940960711997;3,280970267824147;0,7315;1,080664903653389;2,7214887402919237;2,3714940960711997;3,280970267824147;0,7315;1,080664903653389;2,7214887402919237;2,3115823237673934;3,235541923489087;0,807;1,1626240715338614;2,8295780637338686
hematologia;WBC;2;CAP;2025;1,5039993783294703;7,0;6,776470588235293;3,414353405205569;Marginal;15;3;1,8648146011737141;-1,8648146011737141;1,8648146011737141;-1,8648146011737137;1,710291813287382;0,441595447334461;-2,8119426380617734;-0,9176865642856541;0,17851054533538235;-2,632883486350062;-1,0967457159973661;2,491510594848434;1,8818250520020583;1,8648146011737141;-1,1164274322168963;1,8256367101300053;0,30918933420770967;0,14341358507140656;0,8678586167267905;sim;sim;nao;nao;0;-2.095 | -1.986 | -1.513;1,2138546973056503;15;13;-0,07467167085095294;-0,1592232906669514;0,009879948965045529;0,9954401776157049;0,9861872515263913;1,0046931037050186;0,9997593915007122;nao;nao;-1,557907936750858;-2,28530548216035;-0,8305103913413656;;3,414353405205569;Marginal;1_3s / 2of3_2s / R_4s / 3_1s / 6x;6;1;N=6 / R=1, ou N=3 / R=2 conforme a estrategia operacional do laboratorio;4,34641357541734;3,414353405205569;Marginal;1_3s / 2of3_2s / R_4s / 3_1s / 6x;6;1;N=6 / R=1, ou N=3 / R=2 conforme a estrategia operacional do laboratorio;4,34641357541734;2,9976670669633245;Desempenho inadequado;1_3s / 2of3_2s / R_4s / 3_1s / 6x;;;CQ estatistico isolado pode ser insuficiente - investigar e melhorar o desempenho analitico ou reavaliar o metodo;4,97310956909206;3,6184137717489016;Marginal;1_3s / 2of3_2s / R_4s / 3_1s / 6x;6;1;N=6 / R=1, ou N=3 / R=2 conforme a estrategia operacional do laboratorio;4,039506910994484;3,414353405205569;Marginal;1_3s / 2of3_2s / R_4s / 3_1s / 6x;6;1;N=6 / R=1, ou N=3 / R=2 conforme a estrategia operacional do laboratorio;4,34641357541734;3,403043260352159;Marginal;1_3s / 2of3_2s / R_4s / 3_1s / 6x;6;1;N=6 / R=1, ou N=3 / R=2 conforme a estrategia operacional do laboratorio;4,363424026245684;2,7846137586772186;2,90366909493048;2,8813306004044685;3,9394333941492925;0,916;1,0750946242291082;2,6664805682299995;2,8813306004044685;3,9394333941492925;0,916;1,0750946242291082;2,6664805682299995;2,8090830130222315;3,9011102197891274;0,8835;1,1327326546424086;2,7751408947386884;15;3;1,8648146011737141;-1,8648146011737141;1,8648146011737141;-1,8648146011737137;1,710291813287382;0,441595447334461;-2,8119426380617734;-0,9176865642856541;0,17851054533538235;-2,632883486350062;-1,0967457159973661;2,491510594848434;1,8818250520020583;1,8648146011737141;-1,1164274322168963;1,8256367101300053;0,30918933420770967;0,14341358507140656;0,8678586167267905;sim;sim;nao;nao;0;-2.095 | -1.986 | -1.513;1,2138546973056503;15;13;-0,07467167085095294;-0,1592232906669514;0,009879948965045529;0,9954401776157049;0,9861872515263913;1,0046931037050186;0,9997593915007122;nao;nao;-1,557907936750858;-2,28530548216035;-0,8305103913413656;;3,414353405205569;Marginal;1_3s / 2of3_2s / R_4s / 3_1s / 6x;6;1;N=6 / R=1, ou N=3 / R=2 conforme a estrategia operacional do laboratorio;4,34641357541734;3,414353405205569;Marginal;1_3s / 2of3_2s / R_4s / 3_1s / 6x;6;1;N=6 / R=1, ou N=3 / R=2 conforme a estrategia operacional do laboratorio;4,34641357541734;2,9976670669633245;Desempenho inadequado;1_3s / 2of3_2s / R_4s / 3_1s / 6x;;;CQ estatistico isolado pode ser insuficiente - investigar e melhorar o desempenho analitico ou reavaliar o metodo;4,97310956909206;3,6184137717489016;Marginal;1_3s / 2of3_2s / R_4s / 3_1s / 6x;6;1;N=6 / R=1, ou N=3 / R=2 conforme a estrategia operacional do laboratorio;4,039506910994484;3,414353405205569;Marginal;1_3s / 2of3_2s / R_4s / 3_1s / 6x;6;1;N=6 / R=1, ou N=3 / R=2 conforme a estrategia operacional do laboratorio;4,34641357541734;3,403043260352159;Marginal;1_3s / 2of3_2s / R_4s / 3_1s / 6x;6;1;N=6 / R=1, ou N=3 / R=2 conforme a estrategia operacional do laboratorio;4,363424026245684;2,7846137586772186;2,90366909493048;2,8447560027985683;3,935729749384181;0,917;1,080664903653389;2,7214887402919237;2,8447560027985683;3,935729749384181;0,917;1,080664903653389;2,7214887402919237;2,7728880718676376;3,8812355992792082;0,8795;1,1626240715338614;2,8295780637338686
hematologia;WBC;3;CAP;2025;0,9063066804323928;7,0;16,75156862745098;5,666057097114548;Excelente;15;3;1,8648146011737141;-1,8648146011737141;1,8648146011737141;-1,8648146011737137;1,710291813287382;0,441595447334461;-2,8119426380617734;-0,9176865642856541;0,17851054533538235;-2,632883486350062;-1,0967457159973661;2,491510594848434;1,8818250520020583;1,8648146011737141;-1,1164274322168963;1,8256367101300053;0,30918933420770967;0,14341358507140656;0,8678586167267905;sim;sim;nao;nao;0;-2.095 | -1.986 | -1.513;2,0143696935556146;15;13;-0,07467167085095294;-0,1592232906669514;0,009879948965045529;0,9954401776157049;0,9861872515263913;1,0046931037050186;0,9997593915007122;nao;nao;-0,9017415133465443;-1,4923757371307276;-0,311107289562361;;5,666057097114548;Excelente;1_3s / 2of3_2s / R_4s;3;1;Uma medicao em cada um dos 3 niveis por evento de CQ;3,3602206238871624;5,666057097114548;Excelente;1_3s / 2of3_2s / R_4s;3;1;Uma medicao em cada um dos 3 niveis por evento de CQ;3,3602206238871624;4,974573731488547;Bom;1_3s / 2of3_2s / R_4s / 3_1s;3;1;Uma medicao em cada um dos 3 niveis por evento de CQ;3,986916617561882;6,728691974050128;Classe mundial;1_3s;3;1;Uma medicao em cada um dos 3 niveis por evento de CQ;2,3971475360599923;5,666057097114548;Excelente;1_3s / 2of3_2s / R_4s;3;1;Uma medicao em cada um dos 3 niveis por evento de CQ;3,3602206238871624;5,647288118361981;Excelente;1_3s / 2of3_2s / R_4s;3;1;Uma medicao em cada um dos 3 niveis por evento de CQ;3,3772310747155063;4,62101565878355;4,818585814204101;4,781515490653238;6,537417745772499;0,659;1,0750946242291082;2,6664805682299995;4,781515490653238;6,537417745772499;0,659;1,0750946242291082;2,6664805682299995;4,661621939325946;6,473821138070346;0,6915;1,1327326546424086;2,7751408947386884;15;3;1,8648146011737141;-1,8648146011737141;1,8648146011737141;-1,8648146011737137;1,710291813287382;0,441595447334461;-2,8119426380617734;-0,9176865642856541;0,17851054533538235;-2,632883486350062;-1,0967457159973661;2,491510594848434;1,8818250520020583;1,8648146011737141;-1,1164274322168963;1,8256367101300053;0,30918933420770967;0,14341358507140656;0,8678586167267905;sim;sim;nao;nao;0;-2.095 | -1.986 | -1.513;2,0143696935556146;15;13;-0,07467167085095294;-0,1592232906669514;0,009879948965045529;0,9954401776157049;0,9861872515263913;1,0046931037050186;0,9997593915007122;nao;nao;-0,9017415133465443;-1,4923757371307276;-0,311107289562361;;5,666057097114548;Excelente;1_3s / 2of3_2s / R_4s;3;1;Uma medicao em cada um dos 3 niveis por evento de CQ;3,3602206238871624;5,666057097114548;Excelente;1_3s / 2of3_2s / R_4s;3;1;Uma medicao em cada um dos 3 niveis por evento de CQ;3,3602206238871624;4,974573731488547;Bom;1_3s / 2of3_2s / R_4s / 3_1s;3;1;Uma medicao em cada um dos 3 niveis por evento de CQ;3,986916617561882;6,728691974050128;Classe mundial;1_3s;3;1;Uma medicao em cada um dos 3 niveis por evento de CQ;2,3971475360599923;5,666057097114548;Excelente;1_3s / 2of3_2s / R_4s;3;1;Uma medicao em cada um dos 3 niveis por evento de CQ;3,3602206238871624;5,647288118361981;Excelente;1_3s / 2of3_2s / R_4s;3;1;Uma medicao em cada um dos 3 niveis por evento de CQ;3,3772310747155063;4,62101565878355;4,818585814204101;4,720820614129012;6,531271614948856;0,6755;1,080664903653389;2,7214887402919237;4,720820614129012;6,531271614948856;0,6755;1,080664903653389;2,7214887402919237;4,601557095746498;6,44083956843523;0,6995;1,1626240715338614;2,8295780637338686
hematologia;RBC;1;CAP;2025;1,2595422808251646;4,0;2,4022;1,958155682640078;Desempenho inadequado;15;3;1,533620125276759;1,533620125276759;1,533620125276759;1,5336201252767587;0,8300546929308945;0,2143192001441777;1,0739511578423349;1,9932890927111826;0,435975343529819;-0,3422303766652761;3,409470627218794;1,7306209181562735;1,6529185367058443;1,533620125276759;1,7305893358278728;0,5732681237587199;0,7551314458409416;8,675600171258711;0,0046701655461213075;sim;nao;nao;sim;0;0.806 | 1.482 | 2.313;0,45514003974773637;15;15;-0,03406038037247949;-0,09119070217335382;0,023069941428394823;1,0252137500733987;1,0115656012079115;1,0388618989388858;0,9995066081813414;sim;nao;1,1034922177103823;-0,0836871452454222;2,290671580666187;;1,958155682640078;Desempenho inadequado;1_3s / 2of3_2s / R_4s / 3_1s / 6x;;;CQ estatistico isolado pode ser insuficiente - investigar e melhorar o desempenho analitico ou reavaliar o metodo;3,61186488863828;1,958155682640078;Desempenho inadequado;1_3s / 2of3_2s / R_4s / 3_1s / 6x;;;CQ estatistico isolado pode ser insuficiente - investigar e melhorar o desempenho analitico ou reavaliar o metodo;3,61186488863828;1,801749029303714;Desempenho inadequado;1_3s / 2of3_2s / R_4s / 3_1s / 6x;;;CQ estatistico isolado pode ser insuficiente - investigar e melhorar o desempenho analitico ou reavaliar o metodo;3,808865681517795;2,29965109261122;Desempenho inadequado;1_3s / 2of3_2s / R_4s / 3_1s / 6x;;;CQ estatistico isolado pode ser insuficiente - investigar e melhorar o desempenho analitico ou reavaliar o metodo;3,1817369810719036;1,958155682640078;Desempenho inadequado;1_3s / 2of3_2s / R_4s / 3_1s / 6x;;;CQ estatistico isolado pode ser insuficiente - investigar e melhorar o desempenho analitico ou reavaliar o metodo;3,61186488863828;1,8634399964378416;Desempenho inadequado;1_3s / 2of3_2s / R_4s / 3_1s / 6x;;;CQ estatistico isolado pode ser insuficiente - investigar e melhorar o desempenho analitico ou reavaliar o metodo;3,7311633000673656;1,5932064670144774;0,4688444221136683;1,7480508391833167;2,151777998823065;1,0;1,2897446315329886;1,7982560590167023;1,7480508391833167;2,151777998823065;1,0;1,2897446315329886;1,7982560590167023;1,6298123572469791;2,0595472633041405;1,0;1,4059131425106766;1,9471824262361017;15;3;1,533620125276759;1,533620125276759;1,533620125276759;1,5336201252767587;0,8300546929308945;0,2143192001441777;1,0739511578423349;1,9932890927111826;0,435975343529819;-0,3422303766652761;3,409470627218794;1,7306209181562735;1,6529185367058443;1,533620125276759;1,7305893358278728;0,5732681237587199;0,7551314458409416;8,675600171258711;0,0046701655461213075;sim;nao;nao;sim;0;0.806 | 1.482 | 2.313;0,45514003974773637;15;15;-0,03406038037247949;-0,09119070217335382;0,023069941428394823;1,0252137500733987;1,0115656012079115;1,0388618989388858;0,9995066081813414;sim;nao;1,1034922177103823;-0,0836871452454222;2,290671580666187;;1,958155682640078;Desempenho inadequado;1_3s / 2of3_2s / R_4s / 3_1s / 6x;;;CQ estatistico isolado pode ser insuficiente - investigar e melhorar o desempenho analitico ou reavaliar o metodo;3,61186488863828;1,958155682640078;Desempenho inadequado;1_3s / 2of3_2s / R_4s / 3_1s / 6x;;;CQ estatistico isolado pode ser insuficiente - investigar e melhorar o desempenho analitico ou reavaliar o metodo;3,61186488863828;1,801749029303714;Desempenho inadequado;1_3s / 2of3_2s / R_4s / 3_1s / 6x;;;CQ estatistico isolado pode ser insuficiente - investigar e melhorar o desempenho analitico ou reavaliar o metodo;3,808865681517795;2,29965109261122;Desempenho inadequado;1_3s / 2of3_2s / R_4s / 3_1s / 6x;;;CQ estatistico isolado pode ser insuficiente - investigar e melhorar o desempenho analitico ou reavaliar o metodo;3,1817369810719036;1,958155682640078;Desempenho inadequado;1_3s / 2of3_2s / R_4s / 3_1s / 6x;;;CQ estatistico isolado pode ser insuficiente - investigar e melhorar o desempenho analitico ou reavaliar o metodo;3,61186488863828;1,8634399964378416;Desempenho inadequado;1_3s / 2of3_2s / R_4s / 3_1s / 6x;;;CQ estatistico isolado pode ser insuficiente - investigar e melhorar o desempenho analitico ou reavaliar o metodo;3,7311633000673656;1,5932064670144774;0,4688444221136683;1,7499760613392885;2,1552622877461887;1,0;1,285356022315703;1,7958311603112747;1,7499760613392885;2,1552622877461887;1,0;1,285356022315703;1,7958311603112747;1,621849999024921;2,0603938525752032;1,0;1,404846827529281;1,95721135307186
hematologia;RBC;2;CAP;2025;0,9550870524007767;4,0;4,346470588235294;2,5823613339994176;Desempenho inadequado;15;3;1,533620125276759;1,533620125276759;1,533620125276759;1,5336201252767587;0,8300546929308945;0,2143192001441777;1,0739511578423349;1,9932890927111826;0,435975343529819;-0,3422303766652761;3,409470627218794;1,7306209181562735;1,6529185367058443;1,533620125276759;1,7305893358278728;0,5732681237587199;0,7551314458409416;8,675600171258711;0,0046701655461213075;sim;nao;nao;sim;0;0.806 | 1.482 | 2.313;0,6002260446497638;15;15;-0,03406038037247949;-0,09119070217335382;0,023069941428394823;1,0252137500733987;1,0115656012079115;1,0388618989388858;0,9995066081813414;sim;nao;1,7377419496430866;1,275298204576305;2,200185694709868;;2,5823613339994176;Desempenho inadequado;1_3s / 2of3_2s / R_4s / 3_1s / 6x;;;CQ estatistico isolado pode ser insuficiente - investigar e melhorar o desempenho analitico ou reavaliar o metodo;3,1095137617380404;2,5823613339994176;Desempenho inadequado;1_3s / 2of3_2s / R_4s / 3_1s / 6x;;;CQ estatistico isolado pode ser insuficiente - investigar e melhorar o desempenho analitico ou reavaliar o metodo;3,1095137617380404;2,3760965831745375;Desempenho inadequado;1_3s / 2of3_2s / R_4s / 3_1s / 6x;;;CQ estatistico isolado pode ser insuficiente - investigar e melhorar o desempenho analitico ou reavaliar o metodo;3,306514554617555;2,368640685338929;Desempenho inadequado;1_3s / 2of3_2s / R_4s / 3_1s / 6x;;;CQ estatistico isolado pode ser insuficiente - investigar e melhorar o desempenho analitico ou reavaliar o metodo;3,3136355861043683;2,5823613339994176;Desempenho inadequado;1_3s / 2of3_2s / R_4s / 3_1s / 6x;;;CQ estatistico isolado pode ser insuficiente - investigar e melhorar o desempenho analitico ou reavaliar o metodo;3,1095137617380404;2,4574529174009427;Desempenho inadequado;1_3s / 2of3_2s / R_4s / 3_1s / 6x;;;CQ estatistico isolado pode ser insuficiente - investigar e melhorar o desempenho analitico ou reavaliar o metodo;3,2288121731671255;2,101076443497587;0,6182990035272786;2,305280901305104;2,8377050674640762;0,9995;1,2897446315329886;1,7982560590167023;2,305280901305104;2,8377050674640762;0,9995;1,2897446315329886;1,7982560590167023;2,1493512749479597;2,716073734816776;1,0;1,4059131425106766;1,9471824262361017;15;3;1,533620125276759;1,533620125276759;1,533620125276759;1,5336201252767587;0,8300546929308945;0,2143192001441777;1,0739511578423349;1,9932890927111826;0,435975343529819;-0,3422303766652761;3,409470627218794;1,7306209181562735;1,6529185367058443;1,533620125276759;1,7305893358278728;0,5732681237587199;0,7551314458409416;8,675600171258711;0,0046701655461213075;sim;nao;nao;sim;0;0.806 | 1.482 | 2.313;0,6002260446497638;15;15;-0,03406038037247949;-0,09119070217335382;0,023069941428394823;1,0252137500733987;1,0115656012079115;1,0388618989388858;0,9995066081813414;sim;nao;1,7377419496430866;1,275298204576305;2,200185694709868;;2,5823613339994176;Desempenho inadequado;1_3s / 2of3_2s / R_4s / 3_1s / 6x;;;CQ estatistico isolado pode ser insuficiente - investigar e melhorar o desempenho analitico ou reavaliar o metodo;3,1095137617380404;2,5823613339994176;Desempenho inadequado;1_3s / 2of3_2s / R_4s / 3_1s / 6x;;;CQ estatistico isolado pode ser insuficiente - investigar e melhorar o desempenho analitico ou reavaliar o metodo;3,1095137617380404;2,3760965831745375;Desempenho inadequado;1_3s / 2of3_2s / R_4s / 3_1s / 6x;;;CQ estatistico isolado pode ser insuficiente - investigar e melhorar o desempenho analitico ou reavaliar o metodo;3,306514554617555;2,368640685338929;Desempenho inadequado;1_3s / 2of3_2s / R_4s / 3_1s / 6x;;;CQ estatistico isolado pode ser insuficiente - investigar e melhorar o desempenho analitico ou reavaliar o metodo;3,3136355861043683;2,5823613339994176;Desempenho inadequado;1_3s / 2of3_2s / R_4s / 3_1s / 6x;;;CQ estatistico isolado pode ser insuficiente - investigar e melhorar o desempenho analitico ou reavaliar o metodo;3,1095137617380404;2,4574529174009427;Desempenho inadequado;1_3s / 2of3_2s / R_4s / 3_1s / 6x;;;CQ estatistico isolado pode ser insuficiente - investigar e melhorar o desempenho analitico ou reavaliar o metodo;3,2288121731671255;2,101076443497587;0,6182990035272786;2,307819830818736;2,8423000509331255;0,9995;1,285356022315703;1,7958311603112747;2,307819830818736;2,8423000509331255;0,9995;1,285356022315703;1,7958311603112747;2,1388507380486805;2,7171901932366818;1,0;1,404846827529281;1,95721135307186
hematologia;RBC;3;CAP;2025;0,9204085695584352;4,0;5,148431372549021;2,6796576610607654;Desempenho inadequado;15;3;1,533620125276759;1,533620125276759;1,533620125276759;1,5336201252767587;0,8300546929308945;0,2143192001441777;1,0739511578423349;1,9932890927111826;0,435975343529819;-0,3422303766652761;3,409470627218794;1,7306209181562735;1,6529185367058443;1,533620125276759;1,7305893358278728;0,5732681237587199;0,7551314458409416;8,675600171258711;0,0046701655461213075;sim;nao;nao;sim;0;0.806 | 1.482 | 2.313;0,6228409238233674;15;15;-0,03406038037247949;-0,09119070217335382;0,023069941428394823;1,0252137500733987;1,0115656012079115;1,0388618989388858;0,9995066081813414;sim;nao;1,8598068925527784;1,3663506210928924;2,3532631640126644;;2,6796576610607654;Desempenho inadequado;1_3s / 2of3_2s / R_4s / 3_1s / 6x;;;CQ estatistico isolado pode ser insuficiente - investigar e melhorar o desempenho analitico ou reavaliar o metodo;3,052294265048177;2,6796576610607654;Desempenho inadequado;1_3s / 2of3_2s / R_4s / 3_1s / 6x;;;CQ estatistico isolado pode ser insuficiente - investigar e melhorar o desempenho analitico ou reavaliar o metodo;3,052294265048177;2,46562141738039;Desempenho inadequado;1_3s / 2of3_2s / R_4s / 3_1s / 6x;;;CQ estatistico isolado pode ser insuficiente - investigar e melhorar o desempenho analitico ou reavaliar o metodo;3,2492950579276916;2,325264212255191;Desempenho inadequado;1_3s / 2of3_2s / R_4s / 3_1s / 6x;;;CQ estatistico isolado pode ser insuficiente - investigar e melhorar o desempenho analitico ou reavaliar o metodo;3,3784810323241965;2,6796576610607654;Desempenho inadequado;1_3s / 2of3_2s / R_4s / 3_1s / 6x;;;CQ estatistico isolado pode ser insuficiente - investigar e melhorar o desempenho analitico ou reavaliar o metodo;3,052294265048177;2,5500430362357065;Desempenho inadequado;1_3s / 2of3_2s / R_4s / 3_1s / 6x;;;CQ estatistico isolado pode ser insuficiente - investigar e melhorar o desempenho analitico ou reavaliar o metodo;3,171592676477262;2,1802392694491473;0,6415948224651056;2,392137593894396;2,9446220494961852;0,9895;1,2897446315329886;1,7982560590167023;2,392137593894396;2,9446220494961852;0,9895;1,2897446315329886;1,7982560590167023;2,2303329647927272;2,8184079802014805;1,0;1,4059131425106766;1,9471824262361017;15;3;1,533620125276759;1,533620125276759;1,533620125276759;1,5336201252767587;0,8300546929308945;0,2143192001441777;1,0739511578423349;1,9932890927111826;0,435975343529819;-0,3422303766652761;3,409470627218794;1,7306209181562735;1,6529185367058443;1,533620125276759;1,7305893358278728;0,5732681237587199;0,7551314458409416;8,675600171258711;0,0046701655461213075;sim;nao;nao;sim;0;0.806 | 1.482 | 2.313;0,6228409238233674;15;15;-0,03406038037247949;-0,09119070217335382;0,023069941428394823;1,0252137500733987;1,0115656012079115;1,0388618989388858;0,9995066081813414;sim;nao;1,8598068925527784;1,3663506210928924;2,3532631640126644;;2,6796576610607654;Desempenho inadequado;1_3s / 2of3_2s / R_4s / 3_1s / 6x;;;CQ estatistico isolado pode ser insuficiente - investigar e melhorar o desempenho analitico ou reavaliar o metodo;3,052294265048177;2,6796576610607654;Desempenho inadequado;1_3s / 2of3_2s / R_4s / 3_1s / 6x;;;CQ estatistico isolado pode ser insuficiente - investigar e melhorar o desempenho analitico ou reavaliar o metodo;3,052294265048177;2,46562141738039;Desempenho inadequado;1_3s / 2of3_2s / R_4s / 3_1s / 6x;;;CQ estatistico isolado pode ser insuficiente - investigar e melhorar o desempenho analitico ou reavaliar o metodo;3,2492950579276916;2,325264212255191;Desempenho inadequado;1_3s / 2of3_2s / R_4s / 3_1s / 6x;;;CQ estatistico isolado pode ser insuficiente - investigar e melhorar o desempenho analitico ou reavaliar o metodo;3,3784810323241965;2,6796576610607654;Desempenho inadequado;1_3s / 2of3_2s / R_4s / 3_1s / 6x;;;CQ estatistico isolado pode ser insuficiente - investigar e melhorar o desempenho analitico ou reavaliar o metodo;3,052294265048177;2,5500430362357065;Desempenho inadequado;1_3s / 2of3_2s / R_4s / 3_1s / 6x;;;CQ estatistico isolado pode ser insuficiente - investigar e melhorar o desempenho analitico ou reavaliar o metodo;3,171592676477262;2,1802392694491473;0,6415948224651056;2,3947721833426354;2,9493901594013225;0,9885;1,285356022315703;1,7958311603112747;2,3947721833426354;2,9493901594013225;0,9885;1,285356022315703;1,7958311603112747;2,2194367963220563;2,8195665037275135;1,0;1,404846827529281;1,95721135307186
hematologia;HGB;1;CAP;2025;1,091388640832613;4,0;5,629999999999996;2,3427832518927794;Desempenho inadequado;15;3;1,4431129709513304;1,3496428095512332;1,3496428095512332;1,3496428095512336;1,0979613948174352;0,28349241312710616;0,7416120557505218;1,9576735633519453;0,5174014101250186;-0,8765557800993988;3,575841399201865;1,7165916781757287;1,5352342335201041;1,3496428095512332;1,2578616352201324;0,8585910244479776;0,8961655302443143;5,447205840296626;0,020735310774870872;sim;nao;nao;sim;0;2.359 | 1.041 | 0.648;0,7866959507595428;15;15;-0,021587571999042154;-0,1657638096229138;0,12258866562482948;1,015891908350583;1,0040383714740309;1,0277454452271353;0,9996209261170139;sim;nao;1,2057526112742558;-0,33191659688086017;2,743421819429372;;2,3427832518927794;Desempenho inadequado;1_3s / 2of3_2s / R_4s / 3_1s / 6x;;;CQ estatistico isolado pode ser insuficiente - investigar e melhorar o desempenho analitico ou reavaliar o metodo;3,2439042283251416;2,4284265854433182;Desempenho inadequado;1_3s / 2of3_2s / R_4s / 3_1s / 6x;;;CQ estatistico isolado pode ser insuficiente - investigar e melhorar o desempenho analitico ou reavaliar o metodo;3,150434066925045;2,092204588167854;Desempenho inadequado;1_3s / 2of3_2s / R_4s / 3_1s / 6x;;;CQ estatistico isolado pode ser insuficiente - investigar e melhorar o desempenho analitico ou reavaliar o metodo;3,51738293554954;2,560267978044954;Desempenho inadequado;1_3s / 2of3_2s / R_4s / 3_1s / 6x;;;CQ estatistico isolado pode ser insuficiente - investigar e melhorar o desempenho analitico ou reavaliar o metodo;3,006543868648067;2,4284265854433182;Desempenho inadequado;1_3s / 2of3_2s / R_4s / 3_1s / 6x;;;CQ estatistico isolado pode ser insuficiente - investigar e melhorar o desempenho analitico ou reavaliar o metodo;3,150434066925045;2,258375865630728;Desempenho inadequado;1_3s / 2of3_2s / R_4s / 3_1s / 6x;;;CQ estatistico isolado pode ser insuficiente - investigar e melhorar o desempenho analitico ou reavaliar o metodo;3,3360254908939155;1,871309962590391;0,38864120894143384;2,045975511016328;2,63858068442618;1,0;1,120283013096926;1,7670455678550787;2,0879689528487475;2,782696739517786;1,0;0,9629963876083393;1,7212144024497105;1,8584634988422317;2,5852917588743227;1,0;1,1784419411263973;1,971694047961554;15;3;1,4431129709513304;1,3496428095512332;1,3496428095512332;1,3496428095512336;1,0979613948174352;0,28349241312710616;0,7416120557505218;1,9576735633519453;0,5174014101250186;-0,8765557800993988;3,575841399201865;1,7165916781757287;1,5352342335201041;1,3496428095512332;1,2578616352201324;0,8585910244479776;0,8961655302443143;5,447205840296626;0,020735310774870872;sim;nao;nao;sim;0;2.359 | 1.041 | 0.648;0,7866959507595428;15;15;-0,021587571999042154;-0,1657638096229138;0,12258866562482948;1,015891908350583;1,0040383714740309;1,0277454452271353;0,9996209261170139;sim;nao;1,2057526112742558;-0,33191659688086017;2,743421819429372;;2,3427832518927794;Desempenho inadequado;1_3s / 2of3_2s / R_4s / 3_1s / 6x;;;CQ estatistico isolado pode ser insuficiente - investigar e melhorar o desempenho analitico ou reavaliar o metodo;3,2439042283251416;2,4284265854433182;Desempenho inadequado;1_3s / 2of3_2s / R_4s / 3_1s / 6x;;;CQ estatistico isolado pode ser insuficiente - investigar e melhorar o desempenho analitico ou reavaliar o metodo;3,150434066925045;2,092204588167854;Desempenho inadequado;1_3s / 2of3_2s / R_4s / 3_1s / 6x;;;CQ estatistico isolado pode ser insuficiente - investigar e melhorar o desempenho analitico ou reavaliar o metodo;3,51738293554954;2,560267978044954;Desempenho inadequado;1_3s / 2of3_2s / R_4s / 3_1s / 6x;;;CQ estatistico isolado pode ser insuficiente - investigar e melhorar o desempenho analitico ou reavaliar o metodo;3,006543868648067;2,4284265854433182;Desempenho inadequado;1_3s / 2of3_2s / R_4s / 3_1s / 6x;;;CQ estatistico isolado pode ser insuficiente - investigar e melhorar o desempenho analitico ou reavaliar o metodo;3,150434066925045;2,258375865630728;Desempenho inadequado;1_3s / 2of3_2s / R_4s / 3_1s / 6x;;;CQ estatistico isolado pode ser insuficiente - investigar e melhorar o desempenho analitico ou reavaliar o metodo;3,3360254908939155;1,871309962590391;0,38864120894143384;2,022948647051568;2,6429870217133162;1,0;1,1154739866340677;1,792176825620216;2,0674956397001574;2,7735068890998247;1,0;0,9730260859654535;1,7435587438602913;1,8497914604959258;2,5945214073608693;1,0;1,1683688076093024;1,9811586121055773
hematologia;HGB;2;CAP;2025;0,6959305974249244;4,0;11,064705882352944;3,6740546234202642;Marginal;15;3;1,4431129709513304;1,3496428095512332;1,3496428095512332;1,3496428095512336;1,0979613948174352;0,28349241312710616;0,7416120557505218;1,9576735633519453;0,5174014101250186;-0,8765557800993988;3,575841399201865;1,7165916781757287;1,5352342335201041;1,3496428095512332;1,2578616352201324;0,8585910244479776;0,8961655302443143;5,447205840296626;0,020735310774870872;sim;nao;nao;sim;0;2.359 | 1.041 | 0.648;1,2337308168730154;15;15;-0,021587571999042154;-0,1657638096229138;0,12258866562482948;1,015891908350583;1,0040383714740309;1,0277454452271353;0,9996209261170139;sim;nao;1,3940878451679675;0,8898802318298868;1,898295458506048;;3,6740546234202642;Marginal;1_3s / 2of3_2s / R_4s / 3_1s / 6x;6;1;N=6 / R=1, ou N=3 / R=2 conforme a estrategia operacional do laboratorio;2,5913984567024553;3,8083642251908345;Marginal;1_3s / 2of3_2s / R_4s / 3_1s / 6x;6;1;N=6 / R=1, ou N=3 / R=2 conforme a estrategia operacional do laboratorio;2,4979282953023585;3,2810862610055036;Marginal;1_3s / 2of3_2s / R_4s / 3_1s / 6x;6;1;N=6 / R=1, ou N=3 / R=2 conforme a estrategia operacional do laboratorio;2,8648771639268538;3,744500047094356;Marginal;1_3s / 2of3_2s / R_4s / 3_1s / 6x;6;1;N=6 / R=1, ou N=3 / R=2 conforme a estrategia operacional do laboratorio;2,5423733309190926;3,8083642251908345;Marginal;1_3s / 2of3_2s / R_4s / 3_1s / 6x;6;1;N=6 / R=1, ou N=3 / R=2 conforme a estrategia operacional do laboratorio;2,4979282953023585;3,5416832879600326;Marginal;1_3s / 2of3_2s / R_4s / 3_1s / 6x;6;1;N=6 / R=1, ou N=3 / R=2 conforme a estrategia operacional do laboratorio;2,6835197192712292;2,934669698681235;0,6094840525299543;3,2085878109214874;4,1379370264198405;0,9125;1,120283013096926;1,7670455678550787;3,2744437534176964;4,363946094092071;0,7565;0,9629963876083393;1,7212144024497105;2,914523315318458;4,0543670149206035;0,913;1,1784419411263973;1,971694047961554;15;3;1,4431129709513304;1,3496428095512332;1,3496428095512332;1,3496428095512336;1,0979613948174352;0,28349241312710616;0,7416120557505218;1,9576735633519453;0,5174014101250186;-0,8765557800993988;3,575841399201865;1,7165916781757287;1,5352342335201041;1,3496428095512332;1,2578616352201324;0,8585910244479776;0,8961655302443143;5,447205840296626;0,020735310774870872;sim;nao;nao;sim;0;2.359 | 1.041 | 0.648;1,2337308168730154;15;15;-0,021587571999042154;-0,1657638096229138;0,12258866562482948;1,015891908350583;1,0040383714740309;1,0277454452271353;0,9996209261170139;sim;nao;1,3940878451679675;0,8898802318298868;1,898295458506048;;3,6740546234202642;Marginal;1_3s / 2of3_2s / R_4s / 3_1s / 6x;6;1;N=6 / R=1, ou N=3 / R=2 conforme a estrategia operacional do laboratorio;2,5913984567024553;3,8083642251908345;Marginal;1_3s / 2of3_2s / R_4s / 3_1s / 6x;6;1;N=6 / R=1, ou N=3 / R=2 conforme a estrategia operacional do laboratorio;2,4979282953023585;3,2810862610055036;Marginal;1_3s / 2of3_2s / R_4s / 3_1s / 6x;6;1;N=6 / R=1, ou N=3 / R=2 conforme a estrategia operacional do laboratorio;2,8648771639268538;3,744500047094356;Marginal;1_3s / 2of3_2s / R_4s / 3_1s / 6x;6;1;N=6 / R=1, ou N=3 / R=2 conforme a estrategia operacional do laboratorio;2,5423733309190926;3,8083642251908345;Marginal;1_3s / 2of3_2s / R_4s / 3_1s / 6x;6;1;N=6 / R=1, ou N=3 / R=2 conforme a estrategia operacional do laboratorio;2,4979282953023585;3,5416832879600326;Marginal;1_3s / 2of3_2s / R_4s / 3_1s / 6x;6;1;N=6 / R=1, ou N=3 / R=2 conforme a estrategia operacional do laboratorio;2,6835197192712292;2,934669698681235;0,6094840525299543;3,1724760810189263;4,1448472362606665;0,901;1,1154739866340677;1,792176825620216;3,242336613002749;4,349534170842503;0,749;0,9730260859654535;1,7435587438602913;2,9009234474881835;4,068841351232826;0,907;1,1683688076093024;1,9811586121055773
hematologia;HGB;3;CAP;2025;0,6648898448424729;4,0;15,533333333333337;3,8455799090365903;Marginal;15;3;1,4431129709513304;1,3496428095512332;1,3496428095512332;1,3496428095512336;1,0979613948174352;0,28349241312710616;0,7416120557505218;1,9576735633519453;0,5174014101250186;-0,8765557800993988;3,575841399201865;1,7165916781757287;1,5352342335201041;1,3496428095512332;1,2578616352201324;0,8585910244479776;0,8961655302443143;5,447205840296626;0,020735310774870872;sim;nao;nao;sim;0;2.359 | 1.041 | 0.648;1,2913282269356916;15;15;-0,021587571999042154;-0,1657638096229138;0,12258866562482948;1,015891908350583;1,0040383714740309;1,0277454452271353;0,9996209261170139;sim;nao;1,4502150496567445;0,9630108760750142;1,9374192232384748;;3,8455799090365903;Marginal;1_3s / 2of3_2s / R_4s / 3_1s / 6x;6;1;N=6 / R=1, ou N=3 / R=2 conforme a estrategia operacional do laboratorio;2,540181214941411;3,9861598293424;Marginal;1_3s / 2of3_2s / R_4s / 3_1s / 6x;6;1;N=6 / R=1, ou N=3 / R=2 conforme a estrategia operacional do laboratorio;2,4467110535413132;3,4342655998382123;Marginal;1_3s / 2of3_2s / R_4s / 3_1s / 6x;6;1;N=6 / R=1, ou N=3 / R=2 conforme a estrategia operacional do laboratorio;2,813659922165809;3,834898322063192;Marginal;1_3s / 2of3_2s / R_4s / 3_1s / 6x;6;1;N=6 / R=1, ou N=3 / R=2 conforme a estrategia operacional do laboratorio;2,547283293646825;3,9861598293424;Marginal;1_3s / 2of3_2s / R_4s / 3_1s / 6x;6;1;N=6 / R=1, ou N=3 / R=2 conforme a estrategia operacional do laboratorio;2,4467110535413132;3,707028744082944;Marginal;1_3s / 2of3_2s / R_4s / 3_1s / 6x;6;1;N=6 / R=1, ou N=3 / R=2 conforme a estrategia operacional do laboratorio;2,6323024775101844;3,071676387435165;0,637938154851241;3,3583825192486687;4,331118920285725;0,7315;1,120283013096926;1,7670455678550787;3,427312983085467;4,567679347112293;0,5345;0,9629963876083393;1,7212144024497105;3,0505894589486413;4,243647396272223;0,8445;1,1784419411263973;1,971694047961554;15;3;1,4431129709513304;1,3496428095512332;1,3496428095512332;1,3496428095512336;1,0979613948174352;0,28349241312710616;0,7416120557505218;1,9576735633519453;0,5174014101250186;-0,8765557800993988;3,575841399201865;1,7165916781757287;1,5352342335201041;1,3496428095512332;1,2578616352201324;0,8585910244479776;0,8961655302443143;5,447205840296626;0,020735310774870872;sim;nao;nao;sim;0;2.359 | 1.041 | 0.648;1,2913282269356916;15;15;-0,021587571999042154;-0,1657638096229138;0,12258866562482948;1,015891908350583;1,0040383714740309;1,0277454452271353;0,9996209261170139;sim;nao;1,4502150496567445;0,9630108760750142;1,9374192232384748;;3,8455799090365903;Marginal;1_3s / 2of3_2s / R_4s / 3_1s / 6x;6;1;N=6 / R=1, ou N=3 / R=2 conforme a estrategia operacional do laboratorio;2,540181214941411;3,9861598293424;Marginal;1_3s / 2of3_2s / R_4s / 3_1s / 6x;6;1;N=6 / R=1, ou N=3 / R=2 conforme a estrategia operacional do laboratorio;2,4467110535413132;3,4342655998382123;Marginal;1_3s / 2of3_2s / R_4s / 3_1s / 6x;6;1;N=6 / R=1, ou N=3 / R=2 conforme a estrategia operacional do laboratorio;2,813659922165809;3,834898322063192;Marginal;1_3s / 2of3_2s / R_4s / 3_1s / 6x;6;1;N=6 / R=1, ou N=3 / R=2 conforme a estrategia operacional do laboratorio;2,547283293646825;3,9861598293424;Marginal;1_3s / 2of3_2s / R_4s / 3_1s / 6x;6;1;N=6 / R=1, ou N=3 / R=2 conforme a estrategia operacional do laboratorio;2,4467110535413132;3,707028744082944;Marginal;1_3s / 2of3_2s / R_4s / 3_1s / 6x;6;1;N=6 / R=1, ou N=3 / R=2 conforme a estrategia operacional do laboratorio;2,6323024775101844;3,071676387435165;0,637938154851241;3,320584893130479;4,338351737120214;0,7185;1,1154739866340677;1,792176825620216;3,3937069029446665;4,552594595202011;0,5195;0,9730260859654535;1,7435587438602913;3,036354673717013;4,258797475033737;0,8235;1,1683688076093024;1,9811586121055773
hematologia;HCT;1;CAP;2025;2,0853149344639603;4,0;16,932;1,3722821118181139;Desempenho inadequado;15;3;1,1383596179279447;0,3235385109073674;0,3235385109073674;0,3235385109073674;1,2988193886272827;0,335353724125651;-0,3957236923409886;1,0428007141557234;0,8082839642459049;-3,154226694267992;3,8013037160827263;1,2958189889137146;1,1879912044094885;0,0;0,6548629638612693;0,5786014931227008;1,399988893017093;29,272518192405816;2,4226390068468914e-05;nao;nao;sim;sim;0;-1.222 | 1.506 | 0.687;0,2774648009085654;15;15;-0,23716244725809332;-0,8856213037821891;0,4112964092660024;1,0120446260468403;0,9936666085892533;1,0304226435044272;0,9990823292529036;nao;nao;-0,1962133181726583;-2,4411669000757312;2,048740263730415;;1,3722821118181139;Desempenho inadequado;1_3s / 2of3_2s / R_4s / 3_1s / 6x;;;CQ estatistico isolado pode ser insuficiente - investigar e melhorar o desempenho analitico ou reavaliar o metodo;4,579129259793479;1,7630245812427772;Desempenho inadequado;1_3s / 2of3_2s / R_4s / 3_1s / 6x;;;CQ estatistico isolado pode ser insuficiente - investigar e melhorar o desempenho analitico ou reavaliar o metodo;3,7643081527729016;1,2967734352228228;Desempenho inadequado;1_3s / 2of3_2s / R_4s / 3_1s / 6x;;;CQ estatistico isolado pode ser insuficiente - investigar e melhorar o desempenho analitico ou reavaliar o metodo;4,736588630779249;1,8240825972912924;Desempenho inadequado;1_3s / 2of3_2s / R_4s / 3_1s / 6x;;;CQ estatistico isolado pode ser insuficiente - investigar e melhorar o desempenho analitico ou reavaliar o metodo;3,6369829600381927;1,9181754918128078;Desempenho inadequado;1_3s / 2of3_2s / R_4s / 3_1s / 6x;;;CQ estatistico isolado pode ser insuficiente - investigar e melhorar o desempenho analitico ou reavaliar o metodo;3,4407696418655345;1,3484815886159425;Desempenho inadequado;1_3s / 2of3_2s / R_4s / 3_1s / 6x;;;CQ estatistico isolado pode ser insuficiente - investigar e melhorar o desempenho analitico ou reavaliar o metodo;4,628760846275023;1,4181067986282072;0,09528358553109843;1,2424961429545691;1,4862080536123017;1,0;0,9007881500816531;1,4090042370829696;1,6350792003067955;1,8835697138800067;1,0;0,07216394554201318;0,5903449245688502;1,2244421093793156;1,4462438657265753;1,0;0,9841260679234817;1,4466525829247592;15;3;1,1383596179279447;0,3235385109073674;0,3235385109073674;0,3235385109073674;1,2988193886272827;0,335353724125651;-0,3957236923409886;1,0428007141557234;0,8082839642459049;-3,154226694267992;3,8013037160827263;1,2958189889137146;1,1879912044094885;0,0;0,6548629638612693;0,5786014931227008;1,399988893017093;29,272518192405816;2,4226390068468914e-05;nao;nao;sim;sim;0;-1.222 | 1.506 | 0.687;0,2774648009085654;15;15;-0,23716244725809332;-0,8856213037821891;0,4112964092660024;1,0120446260468403;0,9936666085892533;1,0304226435044272;0,9990823292529036;nao;nao;-0,1962133181726583;-2,4411669000757312;2,048740263730415;;1,3722821118181139;Desempenho inadequado;1_3s / 2of3_2s / R_4s / 3_1s / 6x;;;CQ estatistico isolado pode ser insuficiente - investigar e melhorar o desempenho analitico ou reavaliar o metodo;4,579129259793479;1,7630245812427772;Desempenho inadequado;1_3s / 2of3_2s / R_4s / 3_1s / 6x;;;CQ estatistico isolado pode ser insuficiente - investigar e melhorar o desempenho analitico ou reavaliar o metodo;3,7643081527729016;1,2967734352228228;Desempenho inadequado;1_3s / 2of3_2s / R_4s / 3_1s / 6x;;;CQ estatistico isolado pode ser insuficiente - investigar e melhorar o desempenho analitico ou reavaliar o metodo;4,736588630779249;1,8240825972912924;Desempenho inadequado;1_3s / 2of3_2s / R_4s / 3_1s / 6x;;;CQ estatistico isolado pode ser insuficiente - investigar e melhorar o desempenho analitico ou reavaliar o metodo;3,6369829600381927;1,9181754918128078;Desempenho inadequado;1_3s / 2of3_2s / R_4s / 3_1s / 6x;;;CQ estatistico isolado pode ser insuficiente - investigar e melhorar o desempenho analitico ou reavaliar o metodo;3,4407696418655345;1,3484815886159425;Desempenho inadequado;1_3s / 2of3_2s / R_4s / 3_1s / 6x;;;CQ estatistico isolado pode ser insuficiente - investigar e melhorar o desempenho analitico ou reavaliar o metodo;4,628760846275023;1,4181067986282072;0,09528358553109843;1,2418198983399213;1,4942815593201746;1,0;0,8839523480555457;1,4104144200772453;1,6340097686457833;1,8842621131497876;1,0;0,07072007500412711;0,5925750263829475;1,2230557865806215;1,4534245253065483;1,0;0,9691521312620626;1,4495435025608638
hematologia;HCT;2;CAP;2025;1,5798039215300748;4,0;33,258823529411764;1,8113895927669896;Desempenho inadequado;15;3;1,1383596179279447;0,3235385109073674;0,3235385109073674;0,3235385109073674;1,2988193886272827;0,335353724125651;-0,3957236923409886;1,0428007141557234;0,8082839642459049;-3,154226694267992;3,8013037160827263;1,2958189889137146;1,1879912044094885;0,0;0,6548629638612693;0,5786014931227008;1,399988893017093;29,272518192405816;2,4226390068468914e-05;nao;nao;sim;sim;0;-1.222 | 1.506 | 0.687;0,3662489282608645;15;15;-0,23716244725809332;-0,8856213037821891;0,4112964092660024;1,0120446260468403;0,9936666085892533;1,0304226435044272;0,9990823292529036;nao;nao;0,4913813165008619;-0,2557425835145516;1,2385052165162755;;1,8113895927669896;Desempenho inadequado;1_3s / 2of3_2s / R_4s / 3_1s / 6x;;;CQ estatistico isolado pode ser insuficiente - investigar e melhorar o desempenho analitico ou reavaliar o metodo;3,7450360884525677;2,3271631618257405;Desempenho inadequado;1_3s / 2of3_2s / R_4s / 3_1s / 6x;;;CQ estatistico isolado pode ser insuficiente - investigar e melhorar o desempenho analitico ou reavaliar o metodo;2,93021498143199;1,7117193939278406;Desempenho inadequado;1_3s / 2of3_2s / R_4s / 3_1s / 6x;;;CQ estatistico isolado pode ser insuficiente - investigar e melhorar o desempenho analitico ou reavaliar o metodo;3,9024954594383376;2,2209203532682484;Desempenho inadequado;1_3s / 2of3_2s / R_4s / 3_1s / 6x;;;CQ estatistico isolado pode ser insuficiente - investigar e melhorar o desempenho analitico ou reavaliar o metodo;3,098057787025485;2,531959786582826;Desempenho inadequado;1_3s / 2of3_2s / R_4s / 3_1s / 6x;;;CQ estatistico isolado pode ser insuficiente - investigar e melhorar o desempenho analitico ou reavaliar o metodo;2,606676470524623;1,7799732974880953;Desempenho inadequado;1_3s / 2of3_2s / R_4s / 3_1s / 6x;;;CQ estatistico isolado pode ser insuficiente - investigar e melhorar o desempenho analitico ou reavaliar o metodo;3,7946676749341117;1,87187741816729;0,12577275015549522;1,640074269728103;1,961769943523556;1,0;0,9007881500816531;1,4090042370829696;2,158277384277426;2,4862807345444433;1,0;0,07216394554201318;0,5903449245688502;1,6162432453024094;1,9090178793552923;1,0;0,9841260679234817;1,4466525829247592;15;3;1,1383596179279447;0,3235385109073674;0,3235385109073674;0,3235385109073674;1,2988193886272827;0,335353724125651;-0,3957236923409886;1,0428007141557234;0,8082839642459049;-3,154226694267992;3,8013037160827263;1,2958189889137146;1,1879912044094885;0,0;0,6548629638612693;0,5786014931227008;1,399988893017093;29,272518192405816;2,4226390068468914e-05;nao;nao;sim;sim;0;-1.222 | 1.506 | 0.687;0,3662489282608645;15;15;-0,23716244725809332;-0,8856213037821891;0,4112964092660024;1,0120446260468403;0,9936666085892533;1,0304226435044272;0,9990823292529036;nao;nao;0,4913813165008619;-0,2557425835145516;1,2385052165162755;;1,8113895927669896;Desempenho inadequado;1_3s / 2of3_2s / R_4s / 3_1s / 6x;;;CQ estatistico isolado pode ser insuficiente - investigar e melhorar o desempenho analitico ou reavaliar o metodo;3,7450360884525677;2,3271631618257405;Desempenho inadequado;1_3s / 2of3_2s / R_4s / 3_1s / 6x;;;CQ estatistico isolado pode ser insuficiente - investigar e melhorar o desempenho analitico ou reavaliar o metodo;2,93021498143199;1,7117193939278406;Desempenho inadequado;1_3s / 2of3_2s / R_4s / 3_1s / 6x;;;CQ estatistico isolado pode ser insuficiente - investigar e melhorar o desempenho analitico ou reavaliar o metodo;3,9024954594383376;2,2209203532682484;Desempenho inadequado;1_3s / 2of3_2s / R_4s / 3_1s / 6x;;;CQ estatistico isolado pode ser insuficiente - investigar e melhorar o desempenho analitico ou reavaliar o metodo;3,098057787025485;2,531959786582826;Desempenho inadequado;1_3s / 2of3_2s / R_4s / 3_1s / 6x;;;CQ estatistico isolado pode ser insuficiente - investigar e melhorar o desempenho analitico ou reavaliar o metodo;2,606676470524623;1,7799732974880953;Desempenho inadequado;1_3s / 2of3_2s / R_4s / 3_1s / 6x;;;CQ estatistico isolado pode ser insuficiente - investigar e melhorar o desempenho analitico ou reavaliar o metodo;3,7946676749341117;1,87187741816729;0,12577275015549522;1,6391816380697957;1,9724268369497993;1,0;0,8839523480555457;1,4104144200772453;2,1568657522491064;2,4871946900791833;1,0;0,07072007500412711;0,5925750263829475;1,6144133222361945;1,9184962307236806;1,0;0,9691521312620626;1,4495435025608638
hematologia;HCT;3;CAP;2025;1,5482115856529766;4,0;45,07647058823529;1,848352259206951;Desempenho inadequado;15;3;1,1383596179279447;0,3235385109073674;0,3235385109073674;0,3235385109073674;1,2988193886272827;0,335353724125651;-0,3957236923409886;1,0428007141557234;0,8082839642459049;-3,154226694267992;3,8013037160827263;1,2958189889137146;1,1879912044094885;0,0;0,6548629638612693;0,5786014931227008;1,399988893017093;29,272518192405816;2,4226390068468914e-05;nao;nao;sim;sim;0;-1.222 | 1.506 | 0.687;0,3737224927681114;15;15;-0,23716244725809332;-0,8856213037821891;0,4112964092660024;1,0120446260468403;0,9936666085892533;1,0304226435044272;0,9990823292529036;nao;nao;0,6783290273138651;-0,07133134263763974;1,42798939726537;;1,848352259206951;Desempenho inadequado;1_3s / 2of3_2s / R_4s / 3_1s / 6x;;;CQ estatistico isolado pode ser insuficiente - investigar e melhorar o desempenho analitico ou reavaliar o metodo;3,6929087342553557;2,3746505472261026;Desempenho inadequado;1_3s / 2of3_2s / R_4s / 3_1s / 6x;;;CQ estatistico isolado pode ser insuficiente - investigar e melhorar o desempenho analitico ou reavaliar o metodo;2,8780876272347786;1,7466482205310232;Desempenho inadequado;1_3s / 2of3_2s / R_4s / 3_1s / 6x;;;CQ estatistico isolado pode ser insuficiente - investigar e melhorar o desempenho analitico ou reavaliar o metodo;3,8503681052411256;2,1454890297085463;Desempenho inadequado;1_3s / 2of3_2s / R_4s / 3_1s / 6x;;;CQ estatistico isolado pode ser insuficiente - investigar e melhorar o desempenho analitico ou reavaliar o metodo;3,232878143641276;2,583626189771053;Desempenho inadequado;1_3s / 2of3_2s / R_4s / 3_1s / 6x;;;CQ estatistico isolado pode ser insuficiente - investigar e melhorar o desempenho analitico ou reavaliar o metodo;2,554549116327411;1,81629489253855;Desempenho inadequado;1_3s / 2of3_2s / R_4s / 3_1s / 6x;;;CQ estatistico isolado pode ser insuficiente - investigar e melhorar o desempenho analitico ou reavaliar o metodo;3,7425403207368992;1,9100743808198817;0,1283392307347133;1,6735411276645675;2,0018012257744586;1,0;0,9007881500816531;1,4090042370829696;2,2023185377424284;2,5370150248561636;1,0;0,07216394554201318;0,5903449245688502;1,649223814584966;1,9479727189901743;1,0;0,9841260679234817;1,4466525829247592;15;3;1,1383596179279447;0,3235385109073674;0,3235385109073674;0,3235385109073674;1,2988193886272827;0,335353724125651;-0,3957236923409886;1,0428007141557234;0,8082839642459049;-3,154226694267992;3,8013037160827263;1,2958189889137146;1,1879912044094885;0,0;0,6548629638612693;0,5786014931227008;1,399988893017093;29,272518192405816;2,4226390068468914e-05;nao;nao;sim;sim;0;-1.222 | 1.506 | 0.687;0,3737224927681114;15;15;-0,23716244725809332;-0,8856213037821891;0,4112964092660024;1,0120446260468403;0,9936666085892533;1,0304226435044272;0,9990823292529036;nao;nao;0,6783290273138651;-0,07133134263763974;1,42798939726537;;1,848352259206951;Desempenho inadequado;1_3s / 2of3_2s / R_4s / 3_1s / 6x;;;CQ estatistico isolado pode ser insuficiente - investigar e melhorar o desempenho analitico ou reavaliar o metodo;3,6929087342553557;2,3746505472261026;Desempenho inadequado;1_3s / 2of3_2s / R_4s / 3_1s / 6x;;;CQ estatistico isolado pode ser insuficiente - investigar e melhorar o desempenho analitico ou reavaliar o metodo;2,8780876272347786;1,7466482205310232;Desempenho inadequado;1_3s / 2of3_2s / R_4s / 3_1s / 6x;;;CQ estatistico isolado pode ser insuficiente - investigar e melhorar o desempenho analitico ou reavaliar o metodo;3,8503681052411256;2,1454890297085463;Desempenho inadequado;1_3s / 2of3_2s / R_4s / 3_1s / 6x;;;CQ estatistico isolado pode ser insuficiente - investigar e melhorar o desempenho analitico ou reavaliar o metodo;3,232878143641276;2,583626189771053;Desempenho inadequado;1_3s / 2of3_2s / R_4s / 3_1s / 6x;;;CQ estatistico isolado pode ser insuficiente - investigar e melhorar o desempenho analitico ou reavaliar o metodo;2,554549116327411;1,81629489253855;Desempenho inadequado;1_3s / 2of3_2s / R_4s / 3_1s / 6x;;;CQ estatistico isolado pode ser insuficiente - investigar e melhorar o desempenho analitico ou reavaliar o metodo;3,7425403207368992;1,9100743808198817;0,1283392307347133;1,6726302812354723;2,0126755805345717;1,0;0,8839523480555457;1,4104144200772453;2,200878100379239;2,537947630290244;1,0;0,07072007500412711;0,5925750263829475;1,6473565506638752;1,9576444827207784;1,0;0,9691521312620626;1,4495435025608638
hematologia;MCV;1;CAP;2025;1,193358141758428;2,4095619923060774;70,48399999999998;0,9145986626864806;Desempenho inadequado;15;3;1,3181182317477955;-1,2048563495588844;1,2048563495588844;-1,2048563495588844;0,9683798012672836;0,25003458954078916;-1,7411272087249612;-0,6685854903928077;0,6232875865513104;-3,8866463852528343;1,4769336861350655;1,525424847905656;1,4928675943198295;1,2048563495588844;-1,5456989247311776;0,3504770185720424;1,0795657676338537;47,44048525334571;2,0030193480491504e-06;sim;nao;sim;sim;0;-2.016 | 0.020 | -1.619;0,2936897200496828;15;15;;;;;;;;;;;;;faixa de concentracao insuficiente (<3 niveis ou max/min < 1,5);0,9145986626864806;Desempenho inadequado;1_3s / 2of3_2s / R_4s / 3_1s / 6x;;;CQ estatistico isolado pode ser insuficiente - investigar e melhorar o desempenho analitico ou reavaliar o metodo;3,287159165649202;1,0095088813589894;Desempenho inadequado;1_3s / 2of3_2s / R_4s / 3_1s / 6x;;;CQ estatistico isolado pode ser insuficiente - investigar e melhorar o desempenho analitico ou reavaliar o metodo;3,1738972834602905;0,7408816460560903;Desempenho inadequado;1_3s / 2of3_2s / R_4s / 3_1s / 6x;;;CQ estatistico isolado pode ser insuficiente - investigar e melhorar o desempenho analitico ou reavaliar o metodo;3,494465781807062;;;;;;;;1,0095088813589894;Desempenho inadequado;1_3s / 2of3_2s / R_4s / 3_1s / 6x;;;CQ estatistico isolado pode ser insuficiente - investigar e melhorar o desempenho analitico ou reavaliar o metodo;3,1738972834602905;0,768163693621336;Desempenho inadequado;1_3s / 2of3_2s / R_4s / 3_1s / 6x;;;CQ estatistico isolado pode ser insuficiente - investigar e melhorar o desempenho analitico ou reavaliar o metodo;3,461908528221236;0,5601292354667051;-1,2377544856485874;0,8007190045582894;1,0184624608383166;1,0;1,194171522589348;1,4540174489557387;0,8674939352345031;1,1353411782083114;1,0;1,0546933536175827;1,3743310417679244;0,6391746802456838;0,8740013089865964;1,0;1,3665654143193988;1,6467976836290508;15;3;1,3181182317477955;-1,2048563495588844;1,2048563495588844;-1,2048563495588844;0,9683798012672836;0,25003458954078916;-1,7411272087249612;-0,6685854903928077;0,6232875865513104;-3,8866463852528343;1,4769336861350655;1,525424847905656;1,4928675943198295;1,2048563495588844;-1,5456989247311776;0,3504770185720424;1,0795657676338537;47,44048525334571;2,0030193480491504e-06;sim;nao;sim;sim;0;-2.016 | 0.020 | -1.619;0,2936897200496828;15;15;;;;;;;;;;;;;faixa de concentracao insuficiente (<3 niveis ou max/min < 1,5);0,9145986626864806;Desempenho inadequado;1_3s / 2of3_2s / R_4s / 3_1s / 6x;;;CQ estatistico isolado pode ser insuficiente - investigar e melhorar o desempenho analitico ou reavaliar o metodo;3,287159165649202;1,0095088813589894;Desempenho inadequado;1_3s / 2of3_2s / R_4s / 3_1s / 6x;;;CQ estatistico isolado pode ser insuficiente - investigar e melhorar o desempenho analitico ou reavaliar o metodo;3,1738972834602905;0,7408816460560903;Desempenho inadequado;1_3s / 2of3_2s / R_4s / 3_1s / 6x;;;CQ estatistico isolado pode ser insuficiente - investigar e melhorar o desempenho analitico ou reavaliar o metodo;3,494465781807062;;;;;;;;1,0095088813589894;Desempenho inadequado;1_3s / 2of3_2s / R_4s / 3_1s / 6x;;;CQ estatistico isolado pode ser insuficiente - investigar e melhorar o desempenho analitico ou reavaliar o metodo;3,1738972834602905;0,768163693621336;Desempenho inadequado;1_3s / 2of3_2s / R_4s / 3_1s / 6x;;;CQ estatistico isolado pode ser insuficiente - investigar e melhorar o desempenho analitico ou reavaliar o metodo;3,461908528221236;0,5601292354667051;-1,2377544856485874;0,80155221758953;1,0206921692147213;1,0;1,1915106819446184;1,4530231274010887;0,8661619479245714;1,1350776983499817;1,0;1,0550077794517094;1,3759205796689504;0,6357617700134345;0,874698584574453;1,0;1,3657333148195807;1,6508705078417962
hematologia;MCV;2;CAP;2025;0,9297982451078464;2,4095619923060774;76,5156862745098;1,1738500973742818;Desempenho inadequado;15;3;1,3181182317477955;-1,2048563495588844;1,2048563495588844;-1,2048563495588844;0,9683798012672836;0,25003458954078916;-1,7411272087249612;-0,6685854903928077;0,6232875865513104;-3,8866463852528343;1,4769336861350655;1,525424847905656;1,4928675943198295;1,2048563495588844;-1,5456989247311776;0,3504770185720424;1,0795657676338537;47,44048525334571;2,0030193480491504e-06;sim;nao;sim;sim;0;-2.016 | 0.020 | -1.619;0,3769387825972837;15;15;;;;;;;;;;;;;faixa de concentracao insuficiente (<3 niveis ou max/min < 1,5);1,1738500973742818;Desempenho inadequado;1_3s / 2of3_2s / R_4s / 3_1s / 6x;;;CQ estatistico isolado pode ser insuficiente - investigar e melhorar o desempenho analitico ou reavaliar o metodo;2,8522853361757416;1,2956634937587566;Desempenho inadequado;1_3s / 2of3_2s / R_4s / 3_1s / 6x;;;CQ estatistico isolado pode ser insuficiente - investigar e melhorar o desempenho analitico ou reavaliar o metodo;2,739023453986831;0,9508913885913725;Desempenho inadequado;1_3s / 2of3_2s / R_4s / 3_1s / 6x;;;CQ estatistico isolado pode ser insuficiente - investigar e melhorar o desempenho analitico ou reavaliar o metodo;3,0595919523336024;;;;;;;;1,2956634937587566;Desempenho inadequado;1_3s / 2of3_2s / R_4s / 3_1s / 6x;;;CQ estatistico isolado pode ser insuficiente - investigar e melhorar o desempenho analitico ou reavaliar o metodo;2,739023453986831;0,9859067844120543;Desempenho inadequado;1_3s / 2of3_2s / R_4s / 3_1s / 6x;;;CQ estatistico isolado pode ser insuficiente - investigar e melhorar o desempenho analitico ou reavaliar o metodo;3,0270346987477756;0,7189030384796921;-1,5886074217911987;1,027690198790928;1,307155048002653;1,0;1,194171522589348;1,4540174489557387;1,113393100046212;1,4571641168577865;1,0;1,0546933536175827;1,3743310417679244;0,8203546443438967;1,121745048965652;1,0;1,3665654143193988;1,6467976836290508;15;3;1,3181182317477955;-1,2048563495588844;1,2048563495588844;-1,2048563495588844;0,9683798012672836;0,25003458954078916;-1,7411272087249612;-0,6685854903928077;0,6232875865513104;-3,8866463852528343;1,4769336861350655;1,525424847905656;1,4928675943198295;1,2048563495588844;-1,5456989247311776;0,3504770185720424;1,0795657676338537;47,44048525334571;2,0030193480491504e-06;sim;nao;sim;sim;0;-2.016 | 0.020 | -1.619;0,3769387825972837;15;15;;;;;;;;;;;;;faixa de concentracao insuficiente (<3 niveis ou max/min < 1,5);1,1738500973742818;Desempenho inadequado;1_3s / 2of3_2s / R_4s / 3_1s / 6x;;;CQ estatistico isolado pode ser insuficiente - investigar e melhorar o desempenho analitico ou reavaliar o metodo;2,8522853361757416;1,2956634937587566;Desempenho inadequado;1_3s / 2of3_2s / R_4s / 3_1s / 6x;;;CQ estatistico isolado pode ser insuficiente - investigar e melhorar o desempenho analitico ou reavaliar o metodo;2,739023453986831;0,9508913885913725;Desempenho inadequado;1_3s / 2of3_2s / R_4s / 3_1s / 6x;;;CQ estatistico isolado pode ser insuficiente - investigar e melhorar o desempenho analitico ou reavaliar o metodo;3,0595919523336024;;;;;;;;1,2956634937587566;Desempenho inadequado;1_3s / 2of3_2s / R_4s / 3_1s / 6x;;;CQ estatistico isolado pode ser insuficiente - investigar e melhorar o desempenho analitico ou reavaliar o metodo;2,739023453986831;0,9859067844120543;Desempenho inadequado;1_3s / 2of3_2s / R_4s / 3_1s / 6x;;;CQ estatistico isolado pode ser insuficiente - investigar e melhorar o desempenho analitico ou reavaliar o metodo;3,0270346987477756;0,7189030384796921;-1,5886074217911987;1,0287595937482554;1,3100167878034426;1,0;1,1915106819446184;1,4530231274010887;1,1116835486361192;1,4568259512011172;1,0;1,0550077794517094;1,3759205796689504;0,815974313197678;1,1226399737562678;1,0;1,3657333148195807;1,6508705078417962
hematologia;MCV;3;CAP;2025;0,8842915959493668;2,4095619923060774;87,54705882352941;1,234257755651877;Desempenho inadequado;15;3;1,3181182317477955;-1,2048563495588844;1,2048563495588844;-1,2048563495588844;0,9683798012672836;0,25003458954078916;-1,7411272087249612;-0,6685854903928077;0,6232875865513104;-3,8866463852528343;1,4769336861350655;1,525424847905656;1,4928675943198295;1,2048563495588844;-1,5456989247311776;0,3504770185720424;1,0795657676338537;47,44048525334571;2,0030193480491504e-06;sim;nao;sim;sim;0;-2.016 | 0.020 | -1.619;0,3963364801581923;15;15;;;;;;;;;;;;;faixa de concentracao insuficiente (<3 niveis ou max/min < 1,5);1,234257755651877;Desempenho inadequado;1_3s / 2of3_2s / R_4s / 3_1s / 6x;;;CQ estatistico isolado pode ser insuficiente - investigar e melhorar o desempenho analitico ou reavaliar o metodo;2,7771993650642504;1,3623398076669866;Desempenho inadequado;1_3s / 2of3_2s / R_4s / 3_1s / 6x;;;CQ estatistico isolado pode ser insuficiente - investigar e melhorar o desempenho analitico ou reavaliar o metodo;2,6639374828753395;0,999825338666959;Desempenho inadequado;1_3s / 2of3_2s / R_4s / 3_1s / 6x;;;CQ estatistico isolado pode ser insuficiente - investigar e melhorar o desempenho analitico ou reavaliar o metodo;2,984505981222111;;;;;;;;1,3623398076669866;Desempenho inadequado;1_3s / 2of3_2s / R_4s / 3_1s / 6x;;;CQ estatistico isolado pode ser insuficiente - investigar e melhorar o desempenho analitico ou reavaliar o metodo;2,6639374828753395;1,036642666497462;Desempenho inadequado;1_3s / 2of3_2s / R_4s / 3_1s / 6x;;;CQ estatistico isolado pode ser insuficiente - investigar e melhorar o desempenho analitico ou reavaliar o metodo;2,9519487276362844;0,7558986047622573;-1,6703589627140736;1,0805763028025561;1,3744227303346677;1,0;1,194171522589348;1,4540174489557387;1,17068957262535;1,532151436126588;1,0;1,0546933536175827;1,3743310417679244;0,8625710254072135;1,179471322315268;1,0;1,3665654143193988;1,6467976836290508;15;3;1,3181182317477955;-1,2048563495588844;1,2048563495588844;-1,2048563495588844;0,9683798012672836;0,25003458954078916;-1,7411272087249612;-0,6685854903928077;0,6232875865513104;-3,8866463852528343;1,4769336861350655;1,525424847905656;1,4928675943198295;1,2048563495588844;-1,5456989247311776;0,3504770185720424;1,0795657676338537;47,44048525334571;2,0030193480491504e-06;sim;nao;sim;sim;0;-2.016 | 0.020 | -1.619;0,3963364801581923;15;15;;;;;;;;;;;;;faixa de concentracao insuficiente (<3 niveis ou max/min < 1,5);1,234257755651877;Desempenho inadequado;1_3s / 2of3_2s / R_4s / 3_1s / 6x;;;CQ estatistico isolado pode ser insuficiente - investigar e melhorar o desempenho analitico ou reavaliar o metodo;2,7771993650642504;1,3623398076669866;Desempenho inadequado;1_3s / 2of3_2s / R_4s / 3_1s / 6x;;;CQ estatistico isolado pode ser insuficiente - investigar e melhorar o desempenho analitico ou reavaliar o metodo;2,6639374828753395;0,999825338666959;Desempenho inadequado;1_3s / 2of3_2s / R_4s / 3_1s / 6x;;;CQ estatistico isolado pode ser insuficiente - investigar e melhorar o desempenho analitico ou reavaliar o metodo;2,984505981222111;;;;;;;;1,3623398076669866;Desempenho inadequado;1_3s / 2of3_2s / R_4s / 3_1s / 6x;;;CQ estatistico isolado pode ser insuficiente - investigar e melhorar o desempenho analitico ou reavaliar o metodo;2,6639374828753395;1,036642666497462;Desempenho inadequado;1_3s / 2of3_2s / R_4s / 3_1s / 6x;;;CQ estatistico isolado pode ser insuficiente - investigar e melhorar o desempenho analitico ou reavaliar o metodo;2,9519487276362844;0,7558986047622573;-1,6703589627140736;1,0817007300381023;1,377431738513551;1,0;1,1915106819446184;1,4530231274010887;1,1688920457594303;1,5317958680814237;1,0;1,0550077794517094;1,3759205796689504;0,8579652774487327;1,1804123009513081;1,0;1,3657333148195807;1,6508705078417962
hematologia;MCH;1;CAP;2025;1,1772728980930909;2,630169579647178;23,432;1,104200169951608;Desempenho inadequado;15;3;1,3302246454933648;-0,19629249469443186;0,19629249469443186;-0,19629249469443183;1,533145733304437;0,39585652615980277;-1,0453203023273627;0,652735312938499;0,9430289980068671;-4,2538187872015785;3,861233797812715;1,4941098332183134;1,3480126578178095;0,0;-0,8885850991114201;0,7204391612782278;1,6333741375586632;25,70080520777566;4,597118948423917e-05;nao;nao;sim;sim;0;1.575 | -0.521 | -1.643;0,6119559555351798;15;15;;;;;;;;;;;;;faixa de concentracao insuficiente (<3 niveis ou max/min < 1,5);1,104200169951608;Desempenho inadequado;1_3s / 2of3_2s / R_4s / 3_1s / 6x;;;CQ estatistico isolado pode ser insuficiente - investigar e melhorar o desempenho analitico ou reavaliar o metodo;3,2727249273469647;2,0673856409121987;Desempenho inadequado;1_3s / 2of3_2s / R_4s / 3_1s / 6x;;;CQ estatistico isolado pode ser insuficiente - investigar e melhorar o desempenho analitico ou reavaliar o metodo;2,1387927765480317;0,9649926947855657;Desempenho inadequado;1_3s / 2of3_2s / R_4s / 3_1s / 6x;;;CQ estatistico isolado pode ser insuficiente - investigar e melhorar o desempenho analitico ou reavaliar o metodo;3,4366101150719133;;;;;;;;2,234120554297515;Desempenho inadequado;1_3s / 2of3_2s / R_4s / 3_1s / 6x;;;CQ estatistico isolado pode ser insuficiente - investigar e melhorar o desempenho analitico ou reavaliar o metodo;1,9425002818536;1,0890906636058344;Desempenho inadequado;1_3s / 2of3_2s / R_4s / 3_1s / 6x;;;CQ estatistico isolado pode ser insuficiente - investigar e melhorar o desempenho analitico ou reavaliar o metodo;3,2905129396714097;1,346203824013025;-1,3791612889282816;0,8539891604515554;1,3181077711244755;1,0;1,0783970239364418;1,6247912857822895;1,7957676224563435;2,2246764009146105;1,0;0,011118345823127476;0,516061026456259;0,7831172027166597;1,3066046926638775;1,0;1,0919392864527424;1,7082269208583811;15;3;1,3302246454933648;-0,19629249469443186;0,19629249469443186;-0,19629249469443183;1,533145733304437;0,39585652615980277;-1,0453203023273627;0,652735312938499;0,9430289980068671;-4,2538187872015785;3,861233797812715;1,4941098332183134;1,3480126578178095;0,0;-0,8885850991114201;0,7204391612782278;1,6333741375586632;25,70080520777566;4,597118948423917e-05;nao;nao;sim;sim;0;1.575 | -0.521 | -1.643;0,6119559555351798;15;15;;;;;;;;;;;;;faixa de concentracao insuficiente (<3 niveis ou max/min < 1,5);1,104200169951608;Desempenho inadequado;1_3s / 2of3_2s / R_4s / 3_1s / 6x;;;CQ estatistico isolado pode ser insuficiente - investigar e melhorar o desempenho analitico ou reavaliar o metodo;3,2727249273469647;2,0673856409121987;Desempenho inadequado;1_3s / 2of3_2s / R_4s / 3_1s / 6x;;;CQ estatistico isolado pode ser insuficiente - investigar e melhorar o desempenho analitico ou reavaliar o metodo;2,1387927765480317;0,9649926947855657;Desempenho inadequado;1_3s / 2of3_2s / R_4s / 3_1s / 6x;;;CQ estatistico isolado pode ser insuficiente - investigar e melhorar o desempenho analitico ou reavaliar o metodo;3,4366101150719133;;;;;;;;2,234120554297515;Desempenho inadequado;1_3s / 2of3_2s / R_4s / 3_1s / 6x;;;CQ estatistico isolado pode ser insuficiente - investigar e melhorar o desempenho analitico ou reavaliar o metodo;1,9425002818536;1,0890906636058344;Desempenho inadequado;1_3s / 2of3_2s / R_4s / 3_1s / 6x;;;CQ estatistico isolado pode ser insuficiente - investigar e melhorar o desempenho analitico ou reavaliar o metodo;3,2905129396714097;1,346203824013025;-1,3791612889282816;0,8615487552701058;1,3299521543218382;1,0;1,0644529526035578;1,615891579681845;1,8019646033625134;2,225023151202828;1,0;0,01071012610640309;0,5087654887854249;0,7890804408988851;1,314337007221546;1,0;1,0828362420844686;1,701206562161573
hematologia;MCH;2;CAP;2025;0,8256376244525969;2,630169579647178;25,449019607843127;1,574473952801854;Desempenho inadequado;15;3;1,3302246454933648;-0,19629249469443186;0,19629249469443186;-0,19629249469443183;1,533145733304437;0,39585652615980277;-1,0453203023273627;0,652735312938499;0,9430289980068671;-4,2538187872015785;3,861233797812715;1,4941098332183134;1,3480126578178095;0,0;-0,8885850991114201;0,7204391612782278;1,6333741375586632;25,70080520777566;4,597118948423917e-05;nao;nao;sim;sim;0;1.575 | -0.521 | -1.643;0,8725851874251536;15;15;;;;;;;;;;;;;faixa de concentracao insuficiente (<3 niveis ou max/min < 1,5);1,574473952801854;Desempenho inadequado;1_3s / 2of3_2s / R_4s / 3_1s / 6x;;;CQ estatistico isolado pode ser insuficiente - investigar e melhorar o desempenho analitico ou reavaliar o metodo;2,6925267258401497;2,947875693729949;Desempenho inadequado;1_3s / 2of3_2s / R_4s / 3_1s / 6x;;;CQ estatistico isolado pode ser insuficiente - investigar e melhorar o desempenho analitico ou reavaliar o metodo;1,5585945750412167;1,3759786530829181;Desempenho inadequado;1_3s / 2of3_2s / R_4s / 3_1s / 6x;;;CQ estatistico isolado pode ser insuficiente - investigar e melhorar o desempenho analitico ou reavaliar o metodo;2,8564119135650983;;;;;;;;3,18562224122356;Marginal;1_3s / 2of3_2s / R_4s / 3_1s / 6x;6;1;N=6 / R=1, ou N=3 / R=2 conforme a estrategia operacional do laboratorio;1,362302080346785;1,5529293770732002;Desempenho inadequado;1_3s / 2of3_2s / R_4s / 3_1s / 6x;;;CQ estatistico isolado pode ser insuficiente - investigar e melhorar o desempenho analitico ou reavaliar o metodo;2,7103147381645947;1,919545852056561;-1,9665397499670518;1,217699223108274;1,8794838192355527;1,0;1,0783970239364418;1,6247912857822895;2,56057680824876;3,172155866274261;0,634;0,011118345823127476;0,516061026456259;1,1166432239568183;1,8630816324707729;1,0;1,0919392864527424;1,7082269208583811;15;3;1,3302246454933648;-0,19629249469443186;0,19629249469443186;-0,19629249469443183;1,533145733304437;0,39585652615980277;-1,0453203023273627;0,652735312938499;0,9430289980068671;-4,2538187872015785;3,861233797812715;1,4941098332183134;1,3480126578178095;0,0;-0,8885850991114201;0,7204391612782278;1,6333741375586632;25,70080520777566;4,597118948423917e-05;nao;nao;sim;sim;0;1.575 | -0.521 | -1.643;0,8725851874251536;15;15;;;;;;;;;;;;;faixa de concentracao insuficiente (<3 niveis ou max/min < 1,5);1,574473952801854;Desempenho inadequado;1_3s / 2of3_2s / R_4s / 3_1s / 6x;;;CQ estatistico isolado pode ser insuficiente - investigar e melhorar o desempenho analitico ou reavaliar o metodo;2,6925267258401497;2,947875693729949;Desempenho inadequado;1_3s / 2of3_2s / R_4s / 3_1s / 6x;;;CQ estatistico isolado pode ser insuficiente - investigar e melhorar o desempenho analitico ou reavaliar o metodo;1,5585945750412167;1,3759786530829181;Desempenho inadequado;1_3s / 2of3_2s / R_4s / 3_1s / 6x;;;CQ estatistico isolado pode ser insuficiente - investigar e melhorar o desempenho analitico ou reavaliar o metodo;2,8564119135650983;;;;;;;;3,18562224122356;Marginal;1_3s / 2of3_2s / R_4s / 3_1s / 6x;6;1;N=6 / R=1, ou N=3 / R=2 conforme a estrategia operacional do laboratorio;1,362302080346785;1,5529293770732002;Desempenho inadequado;1_3s / 2of3_2s / R_4s / 3_1s / 6x;;;CQ estatistico isolado pode ser insuficiente - investigar e melhorar o desempenho analitico ou reavaliar o metodo;2,7103147381645947;1,919545852056561;-1,9665397499670518;1,228478414652924;1,8963726708575086;1,0;1,0644529526035578;1,615891579681845;2,569413054871691;3,1726502959182525;0,6295;0,01071012610640309;0,5087654887854249;1,1251461779028213;1,8741071042984518;1,0;1,0828362420844686;1,701206562161573
hematologia;MCH;3;CAP;2025;0,747911800429775;2,630169579647178;30,17058823529412;1,738099242994724;Desempenho inadequado;15;3;1,3302246454933648;-0,19629249469443186;0,19629249469443186;-0,19629249469443183;1,533145733304437;0,39585652615980277;-1,0453203023273627;0,652735312938499;0,9430289980068671;-4,2538187872015785;3,861233797812715;1,4941098332183134;1,3480126578178095;0,0;-0,8885850991114201;0,7204391612782278;1,6333741375586632;25,70080520777566;4,597118948423917e-05;nao;nao;sim;sim;0;1.575 | -0.521 | -1.643;0,9632675415259386;15;15;;;;;;;;;;;;;faixa de concentracao insuficiente (<3 niveis ou max/min < 1,5);1,738099242994724;Desempenho inadequado;1_3s / 2of3_2s / R_4s / 3_1s / 6x;;;CQ estatistico isolado pode ser insuficiente - investigar e melhorar o desempenho analitico ou reavaliar o metodo;2,564279116202494;3,2542300891016285;Marginal;1_3s / 2of3_2s / R_4s / 3_1s / 6x;6;1;N=6 / R=1, ou N=3 / R=2 conforme a estrategia operacional do laboratorio;1,4303469654035605;1,5189755607225968;Desempenho inadequado;1_3s / 2of3_2s / R_4s / 3_1s / 6x;;;CQ estatistico isolado pode ser insuficiente - investigar e melhorar o desempenho analitico ou reavaliar o metodo;2,728164303927442;;;;;;;;3,5166841573241587;Marginal;1_3s / 2of3_2s / R_4s / 3_1s / 6x;6;1;N=6 / R=1, ou N=3 / R=2 conforme a estrategia operacional do laboratorio;1,2340544707091288;1,7143156734425078;Desempenho inadequado;1_3s / 2of3_2s / R_4s / 3_1s / 6x;;;CQ estatistico isolado pode ser insuficiente - investigar e melhorar o desempenho analitico ou reavaliar o metodo;2,5820671285269383;2,119032319598525;-2,170910001181152;1,3442471335352166;2,0748068887521702;1,0;1,0783970239364418;1,6247912857822895;2,826681638097008;3,5018183057401373;0,8795;0,011118345823127476;0,516061026456259;1,2326890126068577;2,0567001246811683;1,0;1,0919392864527424;1,7082269208583811;15;3;1,3302246454933648;-0,19629249469443186;0,19629249469443186;-0,19629249469443183;1,533145733304437;0,39585652615980277;-1,0453203023273627;0,652735312938499;0,9430289980068671;-4,2538187872015785;3,861233797812715;1,4941098332183134;1,3480126578178095;0,0;-0,8885850991114201;0,7204391612782278;1,6333741375586632;25,70080520777566;4,597118948423917e-05;nao;nao;sim;sim;0;1.575 | -0.521 | -1.643;0,9632675415259386;15;15;;;;;;;;;;;;;faixa de concentracao insuficiente (<3 niveis ou max/min < 1,5);1,738099242994724;Desempenho inadequado;1_3s / 2of3_2s / R_4s / 3_1s / 6x;;;CQ estatistico isolado pode ser insuficiente - investigar e melhorar o desempenho analitico ou reavaliar o metodo;2,564279116202494;3,2542300891016285;Marginal;1_3s / 2of3_2s / R_4s / 3_1s / 6x;6;1;N=6 / R=1, ou N=3 / R=2 conforme a estrategia operacional do laboratorio;1,4303469654035605;1,5189755607225968;Desempenho inadequado;1_3s / 2of3_2s / R_4s / 3_1s / 6x;;;CQ estatistico isolado pode ser insuficiente - investigar e melhorar o desempenho analitico ou reavaliar o metodo;2,728164303927442;;;;;;;;3,5166841573241587;Marginal;1_3s / 2of3_2s / R_4s / 3_1s / 6x;6;1;N=6 / R=1, ou N=3 / R=2 conforme a estrategia operacional do laboratorio;1,2340544707091288;1,7143156734425078;Desempenho inadequado;1_3s / 2of3_2s / R_4s / 3_1s / 6x;;;CQ estatistico isolado pode ser insuficiente - investigar e melhorar o desempenho analitico ou reavaliar o metodo;2,5820671285269383;2,119032319598525;-2,170910001181152;1,356146539448227;2,093450893733602;1,0;1,0644529526035578;1,615891579681845;2,836436180900908;3,5023641183834058;0,8735;0,01071012610640309;0,5087654887854249;1,2420756256978314;2,0688714052560204;1,0;1,0828362420844686;1,701206562161573
hematologia;MCHC;1;CAP;2025;1,8404593810041185;1,7378743866409962;33,24400000000001;0,07136529561008241;Desempenho inadequado;15;3;1,606529458857288;0,9852080814939103;0,9852080814939103;0,9852080814939106;2,0939331533427237;0,5406512153978633;-0,17437344809800792;2,1447896110858293;1,3132929449501132;-4,665435393056404;6,635851556044225;2,250086060086931;2,102406164933977;0,0;0,14598540145984573;0,8963645989810274;2,2746901058753526;32,199200557289245;1,501695427617499e-05;nao;nao;sim;sim;0;3.597 | -0.565 | -0.076;0,487033078932711;15;15;;;;;;;;;;;;;faixa de concentracao insuficiente (<3 niveis ou max/min < 1,5);0,07136529561008241;Desempenho inadequado;1_3s / 2of3_2s / R_4s / 3_1s / 6x;;;CQ estatistico isolado pode ser insuficiente - investigar e melhorar o desempenho analitico ou reavaliar o metodo;4,643287437514084;0,40895567319526827;Desempenho inadequado;1_3s / 2of3_2s / R_4s / 3_1s / 6x;;;CQ estatistico isolado pode ser insuficiente - investigar e melhorar o desempenho analitico ou reavaliar o metodo;4,021966060150706;-0,27830642650015025;Desempenho inadequado;1_3s / 2of3_2s / R_4s / 3_1s / 6x;;;CQ estatistico isolado pode ser insuficiente - investigar e melhorar o desempenho analitico ou reavaliar o metodo;5,286844038743727;;;;;;;;0,944261201620677;Desempenho inadequado;1_3s / 2of3_2s / R_4s / 3_1s / 6x;;;CQ estatistico isolado pode ser insuficiente - investigar e melhorar o desempenho analitico ou reavaliar o metodo;3,0367579786567953;-0,19806564711800337;Desempenho inadequado;1_3s / 2of3_2s / R_4s / 3_1s / 6x;;;CQ estatistico isolado pode ser insuficiente - investigar e melhorar o desempenho analitico ou reavaliar o metodo;5,139164143590772;-0,22109437928634323;-2,6612796891670536;-0,1323914173851196;0,25748495111260483;1,0;1,2639837928984157;1,9815354127318714;0,18423822574531948;0,6182531875200755;1,0;0,6000045078339746;1,3987914157284684;-0,5079735178839615;0,05837900511638733;1,0;1,6304301990208538;2,6727790129321964;15;3;1,606529458857288;0,9852080814939103;0,9852080814939103;0,9852080814939106;2,0939331533427237;0,5406512153978633;-0,17437344809800792;2,1447896110858293;1,3132929449501132;-4,665435393056404;6,635851556044225;2,250086060086931;2,102406164933977;0,0;0,14598540145984573;0,8963645989810274;2,2746901058753526;32,199200557289245;1,501695427617499e-05;nao;nao;sim;sim;0;3.597 | -0.565 | -0.076;0,487033078932711;15;15;;;;;;;;;;;;;faixa de concentracao insuficiente (<3 niveis ou max/min < 1,5);0,07136529561008241;Desempenho inadequado;1_3s / 2of3_2s / R_4s / 3_1s / 6x;;;CQ estatistico isolado pode ser insuficiente - investigar e melhorar o desempenho analitico ou reavaliar o metodo;4,643287437514084;0,40895567319526827;Desempenho inadequado;1_3s / 2of3_2s / R_4s / 3_1s / 6x;;;CQ estatistico isolado pode ser insuficiente - investigar e melhorar o desempenho analitico ou reavaliar o metodo;4,021966060150706;-0,27830642650015025;Desempenho inadequado;1_3s / 2of3_2s / R_4s / 3_1s / 6x;;;CQ estatistico isolado pode ser insuficiente - investigar e melhorar o desempenho analitico ou reavaliar o metodo;5,286844038743727;;;;;;;;0,944261201620677;Desempenho inadequado;1_3s / 2of3_2s / R_4s / 3_1s / 6x;;;CQ estatistico isolado pode ser insuficiente - investigar e melhorar o desempenho analitico ou reavaliar o metodo;3,0367579786567953;-0,19806564711800337;Desempenho inadequado;1_3s / 2of3_2s / R_4s / 3_1s / 6x;;;CQ estatistico isolado pode ser insuficiente - investigar e melhorar o desempenho analitico ou reavaliar o metodo;5,139164143590772;-0,22109437928634323;-2,6612796891670536;-0,12141941738896711;0,26110650672199937;1,0;1,2573184669032769;1,961341892410575;0,18948871313218774;0,6321400036133273;1,0;0,5744463868828704;1,3891281069624628;-0,49669392768428156;0,06351103063341464;1,0;1,6209849145144881;2,6520193853353136
hematologia;MCHC;2;CAP;2025;1,5351127078235152;1,7378743866409962;33,25098039215686;0,08556044589711541;Desempenho inadequado;15;3;1,606529458857288;0,9852080814939103;0,9852080814939103;0,9852080814939106;2,0939331533427237;0,5406512153978633;-0,17437344809800792;2,1447896110858293;1,3132929449501132;-4,665435393056404;6,635851556044225;2,250086060086931;2,102406164933977;0,0;0,14598540145984573;0,8963645989810274;2,2746901058753526;32,199200557289245;1,501695427617499e-05;nao;nao;sim;sim;0;3.597 | -0.565 | -0.076;0,5839080051991064;15;15;;;;;;;;;;;;;faixa de concentracao insuficiente (<3 niveis ou max/min < 1,5);0,08556044589711541;Desempenho inadequado;1_3s / 2of3_2s / R_4s / 3_1s / 6x;;;CQ estatistico isolado pode ser insuficiente - investigar e melhorar o desempenho analitico ou reavaliar o metodo;4,139465426766088;0,49030035469787575;Desempenho inadequado;1_3s / 2of3_2s / R_4s / 3_1s / 6x;;;CQ estatistico isolado pode ser insuficiente - investigar e melhorar o desempenho analitico ou reavaliar o metodo;3,5181440494027103;-0,3336638872413148;Desempenho inadequado;1_3s / 2of3_2s / R_4s / 3_1s / 6x;;;CQ estatistico isolado pode ser insuficiente - investigar e melhorar o desempenho analitico ou reavaliar o metodo;4,783022027995731;;;;;;;;1,1320826007003466;Desempenho inadequado;1_3s / 2of3_2s / R_4s / 3_1s / 6x;;;CQ estatistico isolado pode ser insuficiente - investigar e melhorar o desempenho analitico ou reavaliar o metodo;2,5329359679088;-0,2374625501014934;Desempenho inadequado;1_3s / 2of3_2s / R_4s / 3_1s / 6x;;;CQ estatistico isolado pode ser insuficiente - investigar e melhorar o desempenho analitico ou reavaliar o metodo;4,635342132842776;-0,2650718884489974;-3,190630332509974;-0,15872517037288944;0,3087008473888951;1,0;1,2639837928984157;1,9815354127318714;0,22088473972264877;0,7412288837217008;1,0;0,6000045078339746;1,3987914157284684;-0,6090136714565467;0,06999107431823491;1,0;1,6304301990208538;2,6727790129321964;15;3;1,606529458857288;0,9852080814939103;0,9852080814939103;0,9852080814939106;2,0939331533427237;0,5406512153978633;-0,17437344809800792;2,1447896110858293;1,3132929449501132;-4,665435393056404;6,635851556044225;2,250086060086931;2,102406164933977;0,0;0,14598540145984573;0,8963645989810274;2,2746901058753526;32,199200557289245;1,501695427617499e-05;nao;nao;sim;sim;0;3.597 | -0.565 | -0.076;0,5839080051991064;15;15;;;;;;;;;;;;;faixa de concentracao insuficiente (<3 niveis ou max/min < 1,5);0,08556044589711541;Desempenho inadequado;1_3s / 2of3_2s / R_4s / 3_1s / 6x;;;CQ estatistico isolado pode ser insuficiente - investigar e melhorar o desempenho analitico ou reavaliar o metodo;4,139465426766088;0,49030035469787575;Desempenho inadequado;1_3s / 2of3_2s / R_4s / 3_1s / 6x;;;CQ estatistico isolado pode ser insuficiente - investigar e melhorar o desempenho analitico ou reavaliar o metodo;3,5181440494027103;-0,3336638872413148;Desempenho inadequado;1_3s / 2of3_2s / R_4s / 3_1s / 6x;;;CQ estatistico isolado pode ser insuficiente - investigar e melhorar o desempenho analitico ou reavaliar o metodo;4,783022027995731;;;;;;;;1,1320826007003466;Desempenho inadequado;1_3s / 2of3_2s / R_4s / 3_1s / 6x;;;CQ estatistico isolado pode ser insuficiente - investigar e melhorar o desempenho analitico ou reavaliar o metodo;2,5329359679088;-0,2374625501014934;Desempenho inadequado;1_3s / 2of3_2s / R_4s / 3_1s / 6x;;;CQ estatistico isolado pode ser insuficiente - investigar e melhorar o desempenho analitico ou reavaliar o metodo;4,635342132842776;-0,2650718884489974;-3,190630332509974;-0,14557074840870263;0,3130427605013129;1,0;1,2573184669032769;1,961341892410575;0,2271795926782381;0,7578779029245581;1,0;0,5744463868828704;1,3891281069624628;-0,5954904770415153;0,07614390235374571;1,0;1,6209849145144881;2,6520193853353136
hematologia;MCHC;3;CAP;2025;1,2700771596936093;1,7378743866409962;34,46274509803921;0,10341491993714269;Desempenho inadequado;15;3;1,606529458857288;0,9852080814939103;0,9852080814939103;0,9852080814939106;2,0939331533427237;0,5406512153978633;-0,17437344809800792;2,1447896110858293;1,3132929449501132;-4,665435393056404;6,635851556044225;2,250086060086931;2,102406164933977;0,0;0,14598540145984573;0,8963645989810274;2,2746901058753526;32,199200557289245;1,501695427617499e-05;nao;nao;sim;sim;0;3.597 | -0.565 | -0.076;0,7057560181597663;15;15;;;;;;;;;;;;;faixa de concentracao insuficiente (<3 niveis ou max/min < 1,5);0,10341491993714269;Desempenho inadequado;1_3s / 2of3_2s / R_4s / 3_1s / 6x;;;CQ estatistico isolado pode ser insuficiente - investigar e melhorar o desempenho analitico ou reavaliar o metodo;3,702156772351743;0,5926146292786318;Desempenho inadequado;1_3s / 2of3_2s / R_4s / 3_1s / 6x;;;CQ estatistico isolado pode ser insuficiente - investigar e melhorar o desempenho analitico ou reavaliar o metodo;3,0808353949883656;-0,40329177604414174;Desempenho inadequado;1_3s / 2of3_2s / R_4s / 3_1s / 6x;;;CQ estatistico isolado pode ser insuficiente - investigar e melhorar o desempenho analitico ou reavaliar o metodo;4,345713373581386;;;;;;;;1,3683218955454937;Desempenho inadequado;1_3s / 2of3_2s / R_4s / 3_1s / 6x;;;CQ estatistico isolado pode ser insuficiente - investigar e melhorar o desempenho analitico ou reavaliar o metodo;2,095627313494455;-0,287015458478853;Desempenho inadequado;1_3s / 2of3_2s / R_4s / 3_1s / 6x;;;CQ estatistico isolado pode ser insuficiente - investigar e melhorar o desempenho analitico ou reavaliar o metodo;4,198033478428432;-0,32038622326142485;-3,8564406359254626;-0,19184741984467726;0,3731195306723733;1,0;1,2639837928984157;1,9815354127318714;0,26697824484484656;0,8959061031233084;1,0;0,6000045078339746;1,3987914157284684;-0,7361006527483216;0,08459658281396233;1,0;1,6304301990208538;2,6727790129321964;15;3;1,606529458857288;0,9852080814939103;0,9852080814939103;0,9852080814939106;2,0939331533427237;0,5406512153978633;-0,17437344809800792;2,1447896110858293;1,3132929449501132;-4,665435393056404;6,635851556044225;2,250086060086931;2,102406164933977;0,0;0,14598540145984573;0,8963645989810274;2,2746901058753526;32,199200557289245;1,501695427617499e-05;nao;nao;sim;sim;0;3.597 | -0.565 | -0.076;0,7057560181597663;15;15;;;;;;;;;;;;;faixa de concentracao insuficiente (<3 niveis ou max/min < 1,5);0,10341491993714269;Desempenho inadequado;1_3s / 2of3_2s / R_4s / 3_1s / 6x;;;CQ estatistico isolado pode ser insuficiente - investigar e melhorar o desempenho analitico ou reavaliar o metodo;3,702156772351743;0,5926146292786318;Desempenho inadequado;1_3s / 2of3_2s / R_4s / 3_1s / 6x;;;CQ estatistico isolado pode ser insuficiente - investigar e melhorar o desempenho analitico ou reavaliar o metodo;3,0808353949883656;-0,40329177604414174;Desempenho inadequado;1_3s / 2of3_2s / R_4s / 3_1s / 6x;;;CQ estatistico isolado pode ser insuficiente - investigar e melhorar o desempenho analitico ou reavaliar o metodo;4,345713373581386;;;;;;;;1,3683218955454937;Desempenho inadequado;1_3s / 2of3_2s / R_4s / 3_1s / 6x;;;CQ estatistico isolado pode ser insuficiente - investigar e melhorar o desempenho analitico ou reavaliar o metodo;2,095627313494455;-0,287015458478853;Desempenho inadequado;1_3s / 2of3_2s / R_4s / 3_1s / 6x;;;CQ estatistico isolado pode ser insuficiente - investigar e melhorar o desempenho analitico ou reavaliar o metodo;4,198033478428432;-0,32038622326142485;-3,8564406359254626;-0,17594797612413401;0,37836750001365815;1,0;1,2573184669032769;1,961341892410575;0,27458668712904344;0,9160293852058472;1,0;0,5744463868828704;1,3891281069624628;-0,7197554823478942;0,09203336288222526;1,0;1,6209849145144881;2,6520193853353136
hematologia;PLT;1;CAP;2025;4,76273863057996;15,0;83,06;2,1074893494629476;Desempenho inadequado;15;3;4,962579061776988;4,520310983468904;4,520310983468904;4,520310983468905;4,541666411641579;1,1726532250878288;2,0052199567566498;7,03540201018116;2,340599294538643;-5,5504749604274535;14,59109692736526;6,299589637079071;5,602679850077032;4,520310983468904;3,1128404669260727;3,220017098777355;4,054036898300801;7,925543298047819;0,0063978582628557825;sim;nao;sim;sim;0;-0.109 | 7.435 | 6.235;0,6760851998265655;15;15;-3,486857918793646;-18,016276158946486;11,042560321359193;1,0634946670758096;1,0121238688997174;1,1148654652519019;0,9935429188625401;sim;nao;2,1514677685084393;-11,354074708657352;15,65701024567423;;2,1074893494629476;Desempenho inadequado;1_3s / 2of3_2s / R_4s / 3_1s / 6x;;;CQ estatistico isolado pode ser insuficiente - investigar e melhorar o desempenho analitico ou reavaliar o metodo;12,821097802233922;2,200349384961942;Desempenho inadequado;1_3s / 2of3_2s / R_4s / 3_1s / 6x;;;CQ estatistico isolado pode ser insuficiente - investigar e melhorar o desempenho analitico ou reavaliar o metodo;12,378829723925838;1,8267662867448757;Desempenho inadequado;1_3s / 2of3_2s / R_4s / 3_1s / 6x;;;CQ estatistico isolado pode ser insuficiente - investigar e melhorar o desempenho analitico ou reavaliar o metodo;14,158108377536006;2,697719364442006;Desempenho inadequado;1_3s / 2of3_2s / R_4s / 3_1s / 6x;;;CQ estatistico isolado pode ser insuficiente - investigar e melhorar o desempenho analitico ou reavaliar o metodo;10,009986508965373;2,200349384961942;Desempenho inadequado;1_3s / 2of3_2s / R_4s / 3_1s / 6x;;;CQ estatistico isolado pode ser insuficiente - investigar e melhorar o desempenho analitico ou reavaliar o metodo;12,378829723925838;1,9730917186145598;Desempenho inadequado;1_3s / 2of3_2s / R_4s / 3_1s / 6x;;;CQ estatistico isolado pode ser insuficiente - investigar e melhorar o desempenho analitico ou reavaliar o metodo;13,461198590533966;1,6722727421321855;0,08585461104443334;1,8038885112578138;2,380758793690552;1,0;3,66106812319706;6,408550502173036;1,89038704033531;2,494610599741776;1,0;3,118821728355599;5,996580616247302;1,5988786617934072;2,2539000313086937;1,0;4,2652632514207;7,3849588318665464;15;3;4,962579061776988;4,520310983468904;4,520310983468904;4,520310983468905;4,541666411641579;1,1726532250878288;2,0052199567566498;7,03540201018116;2,340599294538643;-5,5504749604274535;14,59109692736526;6,299589637079071;5,602679850077032;4,520310983468904;3,1128404669260727;3,220017098777355;4,054036898300801;7,925543298047819;0,0063978582628557825;sim;nao;sim;sim;0;-0.109 | 7.435 | 6.235;0,6760851998265655;15;15;-3,486857918793646;-18,016276158946486;11,042560321359193;1,0634946670758096;1,0121238688997174;1,1148654652519019;0,9935429188625401;sim;nao;2,1514677685084393;-11,354074708657352;15,65701024567423;;2,1074893494629476;Desempenho inadequado;1_3s / 2of3_2s / R_4s / 3_1s / 6x;;;CQ estatistico isolado pode ser insuficiente - investigar e melhorar o desempenho analitico ou reavaliar o metodo;12,821097802233922;2,200349384961942;Desempenho inadequado;1_3s / 2of3_2s / R_4s / 3_1s / 6x;;;CQ estatistico isolado pode ser insuficiente - investigar e melhorar o desempenho analitico ou reavaliar o metodo;12,378829723925838;1,8267662867448757;Desempenho inadequado;1_3s / 2of3_2s / R_4s / 3_1s / 6x;;;CQ estatistico isolado pode ser insuficiente - investigar e melhorar o desempenho analitico ou reavaliar o metodo;14,158108377536006;2,697719364442006;Desempenho inadequado;1_3s / 2of3_2s / R_4s / 3_1s / 6x;;;CQ estatistico isolado pode ser insuficiente - investigar e melhorar o desempenho analitico ou reavaliar o metodo;10,009986508965373;2,200349384961942;Desempenho inadequado;1_3s / 2of3_2s / R_4s / 3_1s / 6x;;;CQ estatistico isolado pode ser insuficiente - investigar e melhorar o desempenho analitico ou reavaliar o metodo;12,378829723925838;1,9730917186145598;Desempenho inadequado;1_3s / 2of3_2s / R_4s / 3_1s / 6x;;;CQ estatistico isolado pode ser insuficiente - investigar e melhorar o desempenho analitico ou reavaliar o metodo;13,461198590533966;1,6722727421321855;0,08585461104443334;1,796519205771432;2,3939292380740995;1,0;3,598340738949635;6,443648578093568;1,8904396487051127;2,4988253790038595;1,0;3,0987478363447063;5,996330056332152;1,600439982006235;2,280816737829205;1,0;4,137066013467479;7,377522671774204
hematologia;PLT;2;CAP;2025;3,151572762253831;15,0;228,49019607843138;3,184892653738003;Marginal;15;3;4,962579061776988;4,520310983468904;4,520310983468904;4,520310983468905;4,541666411641579;1,1726532250878288;2,0052199567566498;7,03540201018116;2,340599294538643;-5,5504749604274535;14,59109692736526;6,299589637079071;5,602679850077032;4,520310983468904;3,1128404669260727;3,220017098777355;4,054036898300801;7,925543298047819;0,0063978582628557825;sim;nao;sim;sim;0;-0.109 | 7.435 | 6.235;1,0217175174704125;15;15;-3,486857918793646;-18,016276158946486;11,042560321359193;1,0634946670758096;1,0121238688997174;1,1148654652519019;0,9935429188625401;sim;nao;4,823424024508145;1,315807483984507;8,331040565031783;;3,184892653738003;Marginal;1_3s / 2of3_2s / R_4s / 3_1s / 6x;6;1;N=6 / R=1, ou N=3 / R=2 conforme a estrategia operacional do laboratorio;10,162674119495808;3,32522515172285;Marginal;1_3s / 2of3_2s / R_4s / 3_1s / 6x;6;1;N=6 / R=1, ou N=3 / R=2 conforme a estrategia operacional do laboratorio;9,720406041187726;2,760656668671954;Desempenho inadequado;1_3s / 2of3_2s / R_4s / 3_1s / 6x;;;CQ estatistico isolado pode ser insuficiente - investigar e melhorar o desempenho analitico ou reavaliar o metodo;11,499684694797892;3,229046810334193;Marginal;1_3s / 2of3_2s / R_4s / 3_1s / 6x;6;1;N=6 / R=1, ou N=3 / R=2 conforme a estrategia operacional do laboratorio;10,023519082226965;3,32522515172285;Marginal;1_3s / 2of3_2s / R_4s / 3_1s / 6x;6;1;N=6 / R=1, ou N=3 / R=2 conforme a estrategia operacional do laboratorio;9,720406041187726;2,9817874625882106;Desempenho inadequado;1_3s / 2of3_2s / R_4s / 3_1s / 6x;;;CQ estatistico isolado pode ser insuficiente - investigar e melhorar o desempenho analitico ou reavaliar o metodo;10,802774907795854;2,5271820105854066;0,12974571856063213;2,7260831800319383;3,5978645369094893;0,786;3,66106812319706;6,408550502173036;2,8568020042519815;3,769920343881776;0,912;3,118821728355599;5,996580616247302;2,4162669697296137;3,4061522796327273;0,5605;4,2652632514207;7,3849588318665464;15;3;4,962579061776988;4,520310983468904;4,520310983468904;4,520310983468905;4,541666411641579;1,1726532250878288;2,0052199567566498;7,03540201018116;2,340599294538643;-5,5504749604274535;14,59109692736526;6,299589637079071;5,602679850077032;4,520310983468904;3,1128404669260727;3,220017098777355;4,054036898300801;7,925543298047819;0,0063978582628557825;sim;nao;sim;sim;0;-0.109 | 7.435 | 6.235;1,0217175174704125;15;15;-3,486857918793646;-18,016276158946486;11,042560321359193;1,0634946670758096;1,0121238688997174;1,1148654652519019;0,9935429188625401;sim;nao;4,823424024508145;1,315807483984507;8,331040565031783;;3,184892653738003;Marginal;1_3s / 2of3_2s / R_4s / 3_1s / 6x;6;1;N=6 / R=1, ou N=3 / R=2 conforme a estrategia operacional do laboratorio;10,162674119495808;3,32522515172285;Marginal;1_3s / 2of3_2s / R_4s / 3_1s / 6x;6;1;N=6 / R=1, ou N=3 / R=2 conforme a estrategia operacional do laboratorio;9,720406041187726;2,760656668671954;Desempenho inadequado;1_3s / 2of3_2s / R_4s / 3_1s / 6x;;;CQ estatistico isolado pode ser insuficiente - investigar e melhorar o desempenho analitico ou reavaliar o metodo;11,499684694797892;3,229046810334193;Marginal;1_3s / 2of3_2s / R_4s / 3_1s / 6x;6;1;N=6 / R=1, ou N=3 / R=2 conforme a estrategia operacional do laboratorio;10,023519082226965;3,32522515172285;Marginal;1_3s / 2of3_2s / R_4s / 3_1s / 6x;6;1;N=6 / R=1, ou N=3 / R=2 conforme a estrategia operacional do laboratorio;9,720406041187726;2,9817874625882106;Desempenho inadequado;1_3s / 2of3_2s / R_4s / 3_1s / 6x;;;CQ estatistico isolado pode ser insuficiente - investigar e melhorar o desempenho analitico ou reavaliar o metodo;10,802774907795854;2,5271820105854066;0,12974571856063213;2,7149464941394523;3,617768054606655;0,7805;3,598340738949635;6,443648578093568;2,8568815073870995;3,776289827795114;0,9085;3,0987478363447063;5,996330056332152;2,418626477395564;3,446829505774746;0,5605;4,137066013467479;7,377522671774204
hematologia;PLT;3;CAP;2025;1,9801035241881464;15,0;543,3333333333334;5,069139474582982;Excelente;15;3;4,962579061776988;4,520310983468904;4,520310983468904;4,520310983468905;4,541666411641579;1,1726532250878288;2,0052199567566498;7,03540201018116;2,340599294538643;-5,5504749604274535;14,59109692736526;6,299589637079071;5,602679850077032;4,520310983468904;3,1128404669260727;3,220017098777355;4,054036898300801;7,925543298047819;0,0063978582628557825;sim;nao;sim;sim;0;-0.109 | 7.435 | 6.235;1,626186236953232;15;15;-3,486857918793646;-18,016276158946486;11,042560321359193;1,0634946670758096;1,0121238688997174;1,1148654652519019;0,9935429188625401;sim;nao;5,707713716391951;2,450052344581019;8,965375088202883;;5,069139474582982;Excelente;1_3s / 2of3_2s / R_4s;3;1;Uma medicao em cada um dos 3 niveis por evento de CQ;8,229749876687428;5,292495512742359;Excelente;1_3s / 2of3_2s / R_4s;3;1;Uma medicao em cada um dos 3 niveis por evento de CQ;7,787481798379345;4,393916912242326;Bom;1_3s / 2of3_2s / R_4s / 3_1s;3;1;Uma medicao em cada um dos 3 niveis por evento de CQ;9,566760451989513;4,692828516336255;Bom;1_3s / 2of3_2s / R_4s / 3_1s;3;1;Uma medicao em cada um dos 3 niveis por evento de CQ;8,974884531302393;5,292495512742359;Excelente;1_3s / 2of3_2s / R_4s;3;1;Uma medicao em cada um dos 3 niveis por evento de CQ;7,787481798379345;4,745873150130331;Bom;1_3s / 2of3_2s / R_4s / 3_1s;3;1;Uma medicao em cada um dos 3 niveis por evento de CQ;8,869850664987474;4,022313930825597;0,2065059062012387;4,338889049424578;5,726433864841468;0,5795;3,66106812319706;6,408550502173036;4,546943770247645;6,000281362317029;0,7475;3,118821728355599;5,996580616247302;3,8457793115921364;5,4213007640500015;0,712;4,2652632514207;7,3849588318665464;15;3;4,962579061776988;4,520310983468904;4,520310983468904;4,520310983468905;4,541666411641579;1,1726532250878288;2,0052199567566498;7,03540201018116;2,340599294538643;-5,5504749604274535;14,59109692736526;6,299589637079071;5,602679850077032;4,520310983468904;3,1128404669260727;3,220017098777355;4,054036898300801;7,925543298047819;0,0063978582628557825;sim;nao;sim;sim;0;-0.109 | 7.435 | 6.235;1,626186236953232;15;15;-3,486857918793646;-18,016276158946486;11,042560321359193;1,0634946670758096;1,0121238688997174;1,1148654652519019;0,9935429188625401;sim;nao;5,707713716391951;2,450052344581019;8,965375088202883;;5,069139474582982;Excelente;1_3s / 2of3_2s / R_4s;3;1;Uma medicao em cada um dos 3 niveis por evento de CQ;8,229749876687428;5,292495512742359;Excelente;1_3s / 2of3_2s / R_4s;3;1;Uma medicao em cada um dos 3 niveis por evento de CQ;7,787481798379345;4,393916912242326;Bom;1_3s / 2of3_2s / R_4s / 3_1s;3;1;Uma medicao em cada um dos 3 niveis por evento de CQ;9,566760451989513;4,692828516336255;Bom;1_3s / 2of3_2s / R_4s / 3_1s;3;1;Uma medicao em cada um dos 3 niveis por evento de CQ;8,974884531302393;5,292495512742359;Excelente;1_3s / 2of3_2s / R_4s;3;1;Uma medicao em cada um dos 3 niveis por evento de CQ;7,787481798379345;4,745873150130331;Bom;1_3s / 2of3_2s / R_4s / 3_1s;3;1;Uma medicao em cada um dos 3 niveis por evento de CQ;8,869850664987474;4,022313930825597;0,2065059062012387;4,321163675224799;5,758112705609728;0,5695;3,598340738949635;6,443648578093568;4,547070309043263;6,010419161561198;0,746;3,0987478363447063;5,996330056332152;3,849534751649437;5,486043458756221;0,7035;4,137066013467479;7,377522671774204
hematologia;NEUT%;1;CAP;2025;2,473972924712733;27,582809524942444;38,533999999999985;10,152752988661891;Classe mundial;15;3;2,465173519696643;-2,021791833786631;2,021791833786631;-2,021791833786631;2,250349304464736;0,5810376919560911;-3,267993740672541;-0,7755899269007214;0,534444761164592;-4,321322044311763;0,2777383767385002;2,968856583231593;2,1584495881624997;2,021791833786631;-1,7746595130004115;2,279036196278677;0,9256854801760874;0,8248870051911648;0,46167324772065677;sim;nao;nao;nao;0;-3.032 | -1.213 | -1.820;0,9212049871335228;15;14;;;;;;;;;;;;;faixa de concentracao insuficiente (<3 niveis ou max/min < 1,5);10,152752988661891;Classe mundial;1_3s;3;1;Uma medicao em cada um dos 3 niveis por evento de CQ;6,547228845472652;10,331971476253665;Classe mundial;1_3s;3;1;Uma medicao em cada um dos 3 niveis por evento de CQ;6,1038471595626405;9,949160193242179;Classe mundial;1_3s;3;1;Uma medicao em cada um dos 3 niveis por evento de CQ;7,050911909007603;;;;;;;;10,331971476253665;Classe mundial;1_3s;3;1;Uma medicao em cada um dos 3 niveis por evento de CQ;6,1038471595626405;10,27673329922643;Classe mundial;1_3s;3;1;Uma medicao em cada um dos 3 niveis por evento de CQ;6,2405049139385085;9,828246518539904;9,402482641693302;9,822041562761186;10,454614309157845;1,0;1,71837678577162;3,283344633268132;9,895965130965362;10,754230275129549;1,0;0,9771349981459756;3,100459727032847;9,789641597222802;10,657567830609098;1,0;1,2162752687261176;3,363501270771718;15;3;2,465173519696643;-2,021791833786631;2,021791833786631;-2,021791833786631;2,250349304464736;0,5810376919560911;-3,267993740672541;-0,7755899269007214;0,534444761164592;-4,321322044311763;0,2777383767385002;2,968856583231593;2,1584495881624997;2,021791833786631;-1,7746595130004115;2,279036196278677;0,9256854801760874;0,8248870051911648;0,46167324772065677;sim;nao;nao;nao;0;-3.032 | -1.213 | -1.820;0,9212049871335228;15;14;;;;;;;;;;;;;faixa de concentracao insuficiente (<3 niveis ou max/min < 1,5);10,152752988661891;Classe mundial;1_3s;3;1;Uma medicao em cada um dos 3 niveis por evento de CQ;6,547228845472652;10,331971476253665;Classe mundial;1_3s;3;1;Uma medicao em cada um dos 3 niveis por evento de CQ;6,1038471595626405;9,949160193242179;Classe mundial;1_3s;3;1;Uma medicao em cada um dos 3 niveis por evento de CQ;7,050911909007603;;;;;;;;10,331971476253665;Classe mundial;1_3s;3;1;Uma medicao em cada um dos 3 niveis por evento de CQ;6,1038471595626405;10,27673329922643;Classe mundial;1_3s;3;1;Uma medicao em cada um dos 3 niveis por evento de CQ;6,2405049139385085;9,828246518539904;9,402482641693302;9,831993236473574;10,449060548938661;1,0;1,7321166381842288;3,2587244619481086;9,90380612283655;10,75690916687392;1,0;0,9705074925021662;3,0810613254406336;9,792662389703045;10,646650915740153;1,0;1,243283420533283;3,3560279119644196
hematologia;NEUT%;2;CAP;2025;1,896084703547874;27,582809524942444;45,08235294117646;13,24710650228164;Classe mundial;15;3;2,465173519696643;-2,021791833786631;2,021791833786631;-2,021791833786631;2,250349304464736;0,5810376919560911;-3,267993740672541;-0,7755899269007214;0,534444761164592;-4,321322044311763;0,2777383767385002;2,968856583231593;2,1584495881624997;2,021791833786631;-1,7746595130004115;2,279036196278677;0,9256854801760874;0,8248870051911648;0,46167324772065677;sim;nao;nao;nao;0;-3.032 | -1.213 | -1.820;1,2019696124409633;15;14;;;;;;;;;;;;;faixa de concentracao insuficiente (<3 niveis ou max/min < 1,5);13,24710650228164;Classe mundial;1_3s;3;1;Uma medicao em cada um dos 3 niveis por evento de CQ;5,593713280550635;13,480947155645056;Classe mundial;1_3s;3;1;Uma medicao em cada um dos 3 niveis por evento de CQ;5,150331594640623;12,98146274565385;Classe mundial;1_3s;3;1;Uma medicao em cada um dos 3 niveis por evento de CQ;6,097396344085585;;;;;;;;13,480947155645056;Classe mundial;1_3s;3;1;Uma medicao em cada um dos 3 niveis por evento de CQ;5,150331594640623;13,408873500855183;Classe mundial;1_3s;3;1;Uma medicao em cada um dos 3 niveis por evento de CQ;5,286989349016492;12,823697031452783;12,268168946832787;12,815600930805557;13,640969040451825;1,0;1,71837678577162;3,283344633268132;12,912054905616426;14,031901885508093;1,0;0,9771349981459756;3,100459727032847;12,773326111883383;13,905778685351121;1,0;1,2162752687261176;3,363501270771718;15;3;2,465173519696643;-2,021791833786631;2,021791833786631;-2,021791833786631;2,250349304464736;0,5810376919560911;-3,267993740672541;-0,7755899269007214;0,534444761164592;-4,321322044311763;0,2777383767385002;2,968856583231593;2,1584495881624997;2,021791833786631;-1,7746595130004115;2,279036196278677;0,9256854801760874;0,8248870051911648;0,46167324772065677;sim;nao;nao;nao;0;-3.032 | -1.213 | -1.820;1,2019696124409633;15;14;;;;;;;;;;;;;faixa de concentracao insuficiente (<3 niveis ou max/min < 1,5);13,24710650228164;Classe mundial;1_3s;3;1;Uma medicao em cada um dos 3 niveis por evento de CQ;5,593713280550635;13,480947155645056;Classe mundial;1_3s;3;1;Uma medicao em cada um dos 3 niveis por evento de CQ;5,150331594640623;12,98146274565385;Classe mundial;1_3s;3;1;Uma medicao em cada um dos 3 niveis por evento de CQ;6,097396344085585;;;;;;;;13,480947155645056;Classe mundial;1_3s;3;1;Uma medicao em cada um dos 3 niveis por evento de CQ;5,150331594640623;13,408873500855183;Classe mundial;1_3s;3;1;Uma medicao em cada um dos 3 niveis por evento de CQ;5,286989349016492;12,823697031452783;12,268168946832787;12,828585673140092;13,633722606583705;1,0;1,7321166381842288;3,2587244619481086;12,92228567302672;14,035397249207517;1,0;0,9705074925021662;3,0810613254406336;12,777267580739345;13,89153451590203;1,0;1,243283420533283;3,3560279119644196
hematologia;NEUT%;3;CAP;2025;1,7802056065869716;27,582809524942444;47,6313725490196;14,10940169624653;Classe mundial;15;3;2,465173519696643;-2,021791833786631;2,021791833786631;-2,021791833786631;2,250349304464736;0,5810376919560911;-3,267993740672541;-0,7755899269007214;0,534444761164592;-4,321322044311763;0,2777383767385002;2,968856583231593;2,1584495881624997;2,021791833786631;-1,7746595130004115;2,279036196278677;0,9256854801760874;0,8248870051911648;0,46167324772065677;sim;nao;nao;nao;0;-3.032 | -1.213 | -1.820;1,2802095375084614;15;14;;;;;;;;;;;;;faixa de concentracao insuficiente (<3 niveis ou max/min < 1,5);14,10940169624653;Classe mundial;1_3s;3;1;Uma medicao em cada um dos 3 niveis por evento de CQ;5,402512770565146;14,358463762037946;Classe mundial;1_3s;3;1;Uma medicao em cada um dos 3 niveis por evento de CQ;4,959131084655134;13,826466364691983;Classe mundial;1_3s;3;1;Uma medicao em cada um dos 3 niveis por evento de CQ;5,906195834100096;;;;;;;;14,358463762037946;Classe mundial;1_3s;3;1;Uma medicao em cada um dos 3 niveis por evento de CQ;4,959131084655134;14,28169860981608;Classe mundial;1_3s;3;1;Uma medicao em cada um dos 3 niveis por evento de CQ;5,095788839031003;13,658431191488335;13,066742063141708;13,649808090573028;14,528901966980309;1,0;1,71837678577162;3,283344633268132;13,752540553361928;14,945281841800925;1,0;0,9771349981459756;3,100459727032847;13,604781472744731;14,810948891890368;1,0;1,2162752687261176;3,363501270771718;15;3;2,465173519696643;-2,021791833786631;2,021791833786631;-2,021791833786631;2,250349304464736;0,5810376919560911;-3,267993740672541;-0,7755899269007214;0,534444761164592;-4,321322044311763;0,2777383767385002;2,968856583231593;2,1584495881624997;2,021791833786631;-1,7746595130004115;2,279036196278677;0,9256854801760874;0,8248870051911648;0,46167324772065677;sim;nao;nao;nao;0;-3.032 | -1.213 | -1.820;1,2802095375084614;15;14;;;;;;;;;;;;;faixa de concentracao insuficiente (<3 niveis ou max/min < 1,5);14,10940169624653;Classe mundial;1_3s;3;1;Uma medicao em cada um dos 3 niveis por evento de CQ;5,402512770565146;14,358463762037946;Classe mundial;1_3s;3;1;Uma medicao em cada um dos 3 niveis por evento de CQ;4,959131084655134;13,826466364691983;Classe mundial;1_3s;3;1;Uma medicao em cada um dos 3 niveis por evento de CQ;5,906195834100096;;;;;;;;14,358463762037946;Classe mundial;1_3s;3;1;Uma medicao em cada um dos 3 niveis por evento de CQ;4,959131084655134;14,28169860981608;Classe mundial;1_3s;3;1;Uma medicao em cada um dos 3 niveis por evento de CQ;5,095788839031003;13,658431191488335;13,066742063141708;13,6636380500052;14,52118384028653;1,0;1,7321166381842288;3,2587244619481086;13,763437273111848;14,949004729550118;1,0;0,9705074925021662;3,0810613254406336;13,608979504016874;14,79577752533179;1,0;1,243283420533283;3,3560279119644196
hematologia;LYMPH%;1;CAP;2025;4,078305180745183;22,757982753098187;35,19799999999999;4,690338476099312;Bom;15;3;3,6293510465738983;2,20653147839289;2,20653147839289;2,2065314783928907;4,336259058758005;1,1196172746273867;-0,19480874779074053;4,607871704576522;1,7842366752595107;-5,470419322931548;9,883482279717327;4,7348052703522585;3,3519818304729725;0,0;1,8465089440276996;3,738749583138489;3,090388574277244;3,416201098913002;0,0669349821846082;nao;nao;sim;nao;0;5.175 | -0.993 | 2.437;0,9167410032947435;15;15;;;;;;;;;;;;;faixa de concentracao insuficiente (<3 niveis ou max/min < 1,5);4,690338476099312;Bom;1_3s / 2of3_2s / R_4s / 3_1s;3;1;Uma medicao em cada um dos 3 niveis por evento de CQ;10,358554594803449;5,039213684089763;Excelente;1_3s / 2of3_2s / R_4s;3;1;Uma medicao em cada um dos 3 niveis por evento de CQ;8,93573502662244;4,41928121706987;Bom;1_3s / 2of3_2s / R_4s / 3_1s;3;1;Uma medicao em cada um dos 3 niveis por evento de CQ;11,46400881858181;;;;;;;;5,580254969771506;Excelente;1_3s / 2of3_2s / R_4s;3;1;Uma medicao em cada um dos 3 niveis por evento de CQ;6,729203548229551;4,758349378620895;Bom;1_3s / 2of3_2s / R_4s / 3_1s;3;1;Uma medicao em cada um dos 3 niveis por evento de CQ;10,081185378702523;4,4504053140048;3,156826157631599;4,319811958470055;5,026634203498193;0,9615;2,257834439260568;5,140471263024767;4,617457564551378;5,438610355742676;0,5915;0,5776699632184319;3,9265816457172673;4,215292259055865;5,13396161224203;0,897;1,820120512144629;5,5667344946355835;15;3;3,6293510465738983;2,20653147839289;2,20653147839289;2,2065314783928907;4,336259058758005;1,1196172746273867;-0,19480874779074053;4,607871704576522;1,7842366752595107;-5,470419322931548;9,883482279717327;4,7348052703522585;3,3519818304729725;0,0;1,8465089440276996;3,738749583138489;3,090388574277244;3,416201098913002;0,0669349821846082;nao;nao;sim;nao;0;5.175 | -0.993 | 2.437;0,9167410032947435;15;15;;;;;;;;;;;;;faixa de concentracao insuficiente (<3 niveis ou max/min < 1,5);4,690338476099312;Bom;1_3s / 2of3_2s / R_4s / 3_1s;3;1;Uma medicao em cada um dos 3 niveis por evento de CQ;10,358554594803449;5,039213684089763;Excelente;1_3s / 2of3_2s / R_4s;3;1;Uma medicao em cada um dos 3 niveis por evento de CQ;8,93573502662244;4,41928121706987;Bom;1_3s / 2of3_2s / R_4s / 3_1s;3;1;Uma medicao em cada um dos 3 niveis por evento de CQ;11,46400881858181;;;;;;;;5,580254969771506;Excelente;1_3s / 2of3_2s / R_4s;3;1;Uma medicao em cada um dos 3 niveis por evento de CQ;6,729203548229551;4,758349378620895;Bom;1_3s / 2of3_2s / R_4s / 3_1s;3;1;Uma medicao em cada um dos 3 niveis por evento de CQ;10,081185378702523;4,4504053140048;3,156826157631599;4,334538391942447;5,004655817034364;0,973;2,347469006640424;5,080412373100409;4,636712107198962;5,420931947504961;0,5895;0,6497679071216287;3,8480557446847463;4,246316148685377;5,1171333332109405;0,909;1,888751369700139;5,440209604832681
hematologia;LYMPH%;2;CAP;2025;3,9193398009782987;22,757982753098187;28,725490196078443;4,880574963607296;Bom;15;3;3,6293510465738983;2,20653147839289;2,20653147839289;2,2065314783928907;4,336259058758005;1,1196172746273867;-0,19480874779074053;4,607871704576522;1,7842366752595107;-5,470419322931548;9,883482279717327;4,7348052703522585;3,3519818304729725;0,0;1,8465089440276996;3,738749583138489;3,090388574277244;3,416201098913002;0,0669349821846082;nao;nao;sim;nao;0;5.175 | -0.993 | 2.437;0,953923306727645;15;15;;;;;;;;;;;;;faixa de concentracao insuficiente (<3 niveis ou max/min < 1,5);4,880574963607296;Bom;1_3s / 2of3_2s / R_4s / 3_1s;3;1;Uma medicao em cada um dos 3 niveis por evento de CQ;10,09626171818809;5,243600279204036;Excelente;1_3s / 2of3_2s / R_4s;3;1;Uma medicao em cada um dos 3 niveis por evento de CQ;8,673442150007082;4,598523832571802;Bom;1_3s / 2of3_2s / R_4s / 3_1s;3;1;Uma medicao em cada um dos 3 niveis por evento de CQ;11,201715941966452;;;;;;;;5,806585779425813;Excelente;1_3s / 2of3_2s / R_4s;3;1;Uma medicao em cada um dos 3 niveis por evento de CQ;6,466910671614192;4,951344335538685;Bom;1_3s / 2of3_2s / R_4s / 3_1s;3;1;Uma medicao em cada um dos 3 niveis por evento de CQ;9,818892502087165;4,630910298716955;3,2848645759592676;4,495020178060587;5,230510584645051;0,732;2,257834439260568;5,140471263024767;4,804738058864008;5,659196169809867;0,8635;0,5776699632184319;3,9265816457172673;4,386261240776195;5,342191109769891;0,6345;1,820120512144629;5,5667344946355835;15;3;3,6293510465738983;2,20653147839289;2,20653147839289;2,2065314783928907;4,336259058758005;1,1196172746273867;-0,19480874779074053;4,607871704576522;1,7842366752595107;-5,470419322931548;9,883482279717327;4,7348052703522585;3,3519818304729725;0,0;1,8465089440276996;3,738749583138489;3,090388574277244;3,416201098913002;0,0669349821846082;nao;nao;sim;nao;0;5.175 | -0.993 | 2.437;0,953923306727645;15;15;;;;;;;;;;;;;faixa de concentracao insuficiente (<3 niveis ou max/min < 1,5);4,880574963607296;Bom;1_3s / 2of3_2s / R_4s / 3_1s;3;1;Uma medicao em cada um dos 3 niveis por evento de CQ;10,09626171818809;5,243600279204036;Excelente;1_3s / 2of3_2s / R_4s;3;1;Uma medicao em cada um dos 3 niveis por evento de CQ;8,673442150007082;4,598523832571802;Bom;1_3s / 2of3_2s / R_4s / 3_1s;3;1;Uma medicao em cada um dos 3 niveis por evento de CQ;11,201715941966452;;;;;;;;5,806585779425813;Excelente;1_3s / 2of3_2s / R_4s;3;1;Uma medicao em cada um dos 3 niveis por evento de CQ;6,466910671614192;4,951344335538685;Bom;1_3s / 2of3_2s / R_4s / 3_1s;3;1;Uma medicao em cada um dos 3 niveis por evento de CQ;9,818892502087165;4,630910298716955;3,2848645759592676;4,510343904242575;5,2076407718879425;0,7505;2,347469006640424;5,080412373100409;4,8247735508141885;5,640800739057677;0,8725;0,6497679071216287;3,8480557446847463;4,4185434352854145;5,324680288804997;0,6535;1,888751369700139;5,440209604832681
hematologia;LYMPH%;3;CAP;2025;3,222184213308038;22,757982753098187;25,32941176470588;5,9365419355977735;Excelente;15;3;3,6293510465738983;2,20653147839289;2,20653147839289;2,2065314783928907;4,336259058758005;1,1196172746273867;-0,19480874779074053;4,607871704576522;1,7842366752595107;-5,470419322931548;9,883482279717327;4,7348052703522585;3,3519818304729725;0,0;1,8465089440276996;3,738749583138489;3,090388574277244;3,416201098913002;0,0669349821846082;nao;nao;sim;nao;0;5.175 | -0.993 | 2.437;1,1603152816952456;15;15;;;;;;;;;;;;;faixa de concentracao insuficiente (<3 niveis ou max/min < 1,5);5,9365419355977735;Excelente;1_3s / 2of3_2s / R_4s;3;1;Uma medicao em cada um dos 3 niveis por evento de CQ;8,94595499853216;6,378111837872318;Classe mundial;1_3s;3;1;Uma medicao em cada um dos 3 niveis por evento de CQ;7,523135430351152;5,593465888234407;Excelente;1_3s / 2of3_2s / R_4s;3;1;Uma medicao em cada um dos 3 niveis por evento de CQ;10,051409222310522;;;;;;;;7,06290554683521;Classe mundial;1_3s;3;1;Uma medicao em cada um dos 3 niveis por evento de CQ;5,316603951958262;6,022623052547995;Classe mundial;1_3s;3;1;Uma medicao em cada um dos 3 niveis por evento de CQ;8,668585782431235;5,632859528502237;3,9955817610326267;5,467568060606472;6,3621900415157375;0,596;2,257834439260568;5,140471263024767;5,844296868442467;6,883626546946693;0,9105;0,5776699632184319;3,9265816457172673;5,335277911008476;6,498033897155065;0,47;1,820120512144629;5,5667344946355835;15;3;3,6293510465738983;2,20653147839289;2,20653147839289;2,2065314783928907;4,336259058758005;1,1196172746273867;-0,19480874779074053;4,607871704576522;1,7842366752595107;-5,470419322931548;9,883482279717327;4,7348052703522585;3,3519818304729725;0,0;1,8465089440276996;3,738749583138489;3,090388574277244;3,416201098913002;0,0669349821846082;nao;nao;sim;nao;0;5.175 | -0.993 | 2.437;1,1603152816952456;15;15;;;;;;;;;;;;;faixa de concentracao insuficiente (<3 niveis ou max/min < 1,5);5,9365419355977735;Excelente;1_3s / 2of3_2s / R_4s;3;1;Uma medicao em cada um dos 3 niveis por evento de CQ;8,94595499853216;6,378111837872318;Classe mundial;1_3s;3;1;Uma medicao em cada um dos 3 niveis por evento de CQ;7,523135430351152;5,593465888234407;Excelente;1_3s / 2of3_2s / R_4s;3;1;Uma medicao em cada um dos 3 niveis por evento de CQ;10,051409222310522;;;;;;;;7,06290554683521;Classe mundial;1_3s;3;1;Uma medicao em cada um dos 3 niveis por evento de CQ;5,316603951958262;6,022623052547995;Classe mundial;1_3s;3;1;Uma medicao em cada um dos 3 niveis por evento de CQ;8,668585782431235;5,632859528502237;3,9955817610326267;5,486207246310475;6,3343720890195225;0,6065;2,347469006640424;5,080412373100409;5,868667263129462;6,86125105903839;0,9265;0,6497679071216287;3,8480557446847463;5,374544719305886;6,4767344142539764;0,459;1,888751369700139;5,440209604832681
hematologia;MONO%;1;CAP;2025;9,174015161347926;26,16342831769812;11,968;2,1443471048502474;Desempenho inadequado;15;3;6,49115546660942;1,8420590187054264;1,8420590187054264;1,8420590187054264;8,305955230337549;2,144588418762781;-2,757625672919679;6,441743710330532;1,2810088450278285;-3,6696771851867656;7,353795222597618;8,233031897841416;2,583630923811112;0,0;2,7888446215139413;8,739827335279653;2,218772404533325;0,3222476882019008;0,7305979756537612;nao;nao;sim;nao;0;-0.460 | 3.967 | 2.019;0,9526719960200635;15;15;;;;;;;;;;;;;faixa de concentracao insuficiente (<3 niveis ou max/min < 1,5);2,1443471048502474;Desempenho inadequado;1_3s / 2of3_2s / R_4s / 3_1s / 6x;;;CQ estatistico isolado pode ser insuficiente - investigar e melhorar o desempenho analitico ou reavaliar o metodo;21,628280482833496;2,651115010302554;Desempenho inadequado;1_3s / 2of3_2s / R_4s / 3_1s / 6x;;;CQ estatistico isolado pode ser insuficiente - investigar e melhorar o desempenho analitico ou reavaliar o metodo;16,979184034929503;1,954476432020875;Desempenho inadequado;1_3s / 2of3_2s / R_4s / 3_1s / 6x;;;CQ estatistico isolado pode ser insuficiente - investigar e melhorar o desempenho analitico ou reavaliar o metodo;23,370156914065493;;;;;;;;2,851905938408539;Desempenho inadequado;1_3s / 2of3_2s / R_4s / 3_1s / 6x;;;CQ estatistico isolado pode ser insuficiente - investigar e melhorar o desempenho analitico ou reavaliar o metodo;15,137125016224077;2,5702810578767847;Desempenho inadequado;1_3s / 2of3_2s / R_4s / 3_1s / 6x;;;CQ estatistico isolado pode ser insuficiente - investigar e melhorar o desempenho analitico ou reavaliar o metodo;17,72075594003519;2,1497331605096135;2,050316329795211;1,868894953446618;2,4027259797397322;1,0;4,120783751001264;9,018157679812223;2,244489543814118;2,8428645679164597;1,0;0,08294566997369748;5,572447213260509;2,0574647837043774;2,7092575733222453;1,0;1,3086582640431512;7,28821519805473;15;3;6,49115546660942;1,8420590187054264;1,8420590187054264;1,8420590187054264;8,305955230337549;2,144588418762781;-2,757625672919679;6,441743710330532;1,2810088450278285;-3,6696771851867656;7,353795222597618;8,233031897841416;2,583630923811112;0,0;2,7888446215139413;8,739827335279653;2,218772404533325;0,3222476882019008;0,7305979756537612;nao;nao;sim;nao;0;-0.460 | 3.967 | 2.019;0,9526719960200635;15;15;;;;;;;;;;;;;faixa de concentracao insuficiente (<3 niveis ou max/min < 1,5);2,1443471048502474;Desempenho inadequado;1_3s / 2of3_2s / R_4s / 3_1s / 6x;;;CQ estatistico isolado pode ser insuficiente - investigar e melhorar o desempenho analitico ou reavaliar o metodo;21,628280482833496;2,651115010302554;Desempenho inadequado;1_3s / 2of3_2s / R_4s / 3_1s / 6x;;;CQ estatistico isolado pode ser insuficiente - investigar e melhorar o desempenho analitico ou reavaliar o metodo;16,979184034929503;1,954476432020875;Desempenho inadequado;1_3s / 2of3_2s / R_4s / 3_1s / 6x;;;CQ estatistico isolado pode ser insuficiente - investigar e melhorar o desempenho analitico ou reavaliar o metodo;23,370156914065493;;;;;;;;2,851905938408539;Desempenho inadequado;1_3s / 2of3_2s / R_4s / 3_1s / 6x;;;CQ estatistico isolado pode ser insuficiente - investigar e melhorar o desempenho analitico ou reavaliar o metodo;15,137125016224077;2,5702810578767847;Desempenho inadequado;1_3s / 2of3_2s / R_4s / 3_1s / 6x;;;CQ estatistico isolado pode ser insuficiente - investigar e melhorar o desempenho analitico ou reavaliar o metodo;17,72075594003519;2,1497331605096135;2,050316329795211;1,8648444994288207;2,3980780496052434;1,0;4,163423932523953;9,055316606381835;2,2326036704970513;2,8420074087014324;1,0;0,09080926160804592;5,681488395277139;2,050428107576234;2,7118064127009034;1,0;1,2852751729395004;7,352769771539812
hematologia;MONO%;2;CAP;2025;10,191420802049818;26,16342831769812;10,598039215686272;1,9302777535328521;Desempenho inadequado;15;3;6,49115546660942;1,8420590187054264;1,8420590187054264;1,8420590187054264;8,305955230337549;2,144588418762781;-2,757625672919679;6,441743710330532;1,2810088450278285;-3,6696771851867656;7,353795222597618;8,233031897841416;2,583630923811112;0,0;2,7888446215139413;8,739827335279653;2,218772404533325;0,3222476882019008;0,7305979756537612;nao;nao;sim;nao;0;-0.460 | 3.967 | 2.019;0,8575671150308892;15;15;;;;;;;;;;;;;faixa de concentracao insuficiente (<3 niveis ou max/min < 1,5);1,9302777535328521;Desempenho inadequado;1_3s / 2of3_2s / R_4s / 3_1s / 6x;;;CQ estatistico isolado pode ser insuficiente - investigar e melhorar o desempenho analitico ou reavaliar o metodo;23,306999789991618;2,3864552128100622;Desempenho inadequado;1_3s / 2of3_2s / R_4s / 3_1s / 6x;;;CQ estatistico isolado pode ser insuficiente - investigar e melhorar o desempenho analitico ou reavaliar o metodo;18,657903342087625;1,7593617973511932;Desempenho inadequado;1_3s / 2of3_2s / R_4s / 3_1s / 6x;;;CQ estatistico isolado pode ser insuficiente - investigar e melhorar o desempenho analitico ou reavaliar o metodo;25,048876221223615;;;;;;;;2,5672012593607976;Desempenho inadequado;1_3s / 2of3_2s / R_4s / 3_1s / 6x;;;CQ estatistico isolado pode ser insuficiente - investigar e melhorar o desempenho analitico ou reavaliar o metodo;16,815844323382198;2,3136908829379674;Desempenho inadequado;1_3s / 2of3_2s / R_4s / 3_1s / 6x;;;CQ estatistico isolado pode ser insuficiente - investigar e melhorar o desempenho analitico ou reavaliar o metodo;19,39947524719331;1,935126121315777;1,8456340347871112;1,6823238850502025;2,1628627641656575;1,0;4,120783751001264;9,018157679812223;2,020423011116969;2,559062485426842;1,0;0,08294566997369748;5,572447213260509;1,8520688612766325;2,438793426001592;1,0;1,3086582640431512;7,28821519805473;15;3;6,49115546660942;1,8420590187054264;1,8420590187054264;1,8420590187054264;8,305955230337549;2,144588418762781;-2,757625672919679;6,441743710330532;1,2810088450278285;-3,6696771851867656;7,353795222597618;8,233031897841416;2,583630923811112;0,0;2,7888446215139413;8,739827335279653;2,218772404533325;0,3222476882019008;0,7305979756537612;nao;nao;sim;nao;0;-0.460 | 3.967 | 2.019;0,8575671150308892;15;15;;;;;;;;;;;;;faixa de concentracao insuficiente (<3 niveis ou max/min < 1,5);1,9302777535328521;Desempenho inadequado;1_3s / 2of3_2s / R_4s / 3_1s / 6x;;;CQ estatistico isolado pode ser insuficiente - investigar e melhorar o desempenho analitico ou reavaliar o metodo;23,306999789991618;2,3864552128100622;Desempenho inadequado;1_3s / 2of3_2s / R_4s / 3_1s / 6x;;;CQ estatistico isolado pode ser insuficiente - investigar e melhorar o desempenho analitico ou reavaliar o metodo;18,657903342087625;1,7593617973511932;Desempenho inadequado;1_3s / 2of3_2s / R_4s / 3_1s / 6x;;;CQ estatistico isolado pode ser insuficiente - investigar e melhorar o desempenho analitico ou reavaliar o metodo;25,048876221223615;;;;;;;;2,5672012593607976;Desempenho inadequado;1_3s / 2of3_2s / R_4s / 3_1s / 6x;;;CQ estatistico isolado pode ser insuficiente - investigar e melhorar o desempenho analitico ou reavaliar o metodo;16,815844323382198;2,3136908829379674;Desempenho inadequado;1_3s / 2of3_2s / R_4s / 3_1s / 6x;;;CQ estatistico isolado pode ser insuficiente - investigar e melhorar o desempenho analitico ou reavaliar o metodo;19,39947524719331;1,935126121315777;1,8456340347871112;1,6786777863078033;2,158678835118776;1,0;4,163423932523953;9,055316606381835;2,0097236999870924;2,5582908960884083;1,0;0,09080926160804592;5,681488395277139;1,8457346538350066;2,441087815719947;1,0;1,2852751729395004;7,352769771539812
hematologia;MONO%;3;CAP;2025;7,324166328532352;26,16342831769812;10,650980392156862;2,6859402106219936;Desempenho inadequado;15;3;6,49115546660942;1,8420590187054264;1,8420590187054264;1,8420590187054264;8,305955230337549;2,144588418762781;-2,757625672919679;6,441743710330532;1,2810088450278285;-3,6696771851867656;7,353795222597618;8,233031897841416;2,583630923811112;0,0;2,7888446215139413;8,739827335279653;2,218772404533325;0,3222476882019008;0,7305979756537612;nao;nao;sim;nao;0;-0.460 | 3.967 | 2.019;1,1932862995249558;15;15;;;;;;;;;;;;;faixa de concentracao insuficiente (<3 niveis ou max/min < 1,5);2,6859402106219936;Desempenho inadequado;1_3s / 2of3_2s / R_4s / 3_1s / 6x;;;CQ estatistico isolado pode ser insuficiente - investigar e melhorar o desempenho analitico ou reavaliar o metodo;18,5760299086878;3,320701388804521;Marginal;1_3s / 2of3_2s / R_4s / 3_1s / 6x;6;1;N=6 / R=1, ou N=3 / R=2 conforme a estrategia operacional do laboratorio;13,926933460783808;2,4481143130251213;Desempenho inadequado;1_3s / 2of3_2s / R_4s / 3_1s / 6x;;;CQ estatistico isolado pode ser insuficiente - investigar e melhorar o desempenho analitico ou reavaliar o metodo;20,317906339919794;;;;;;;;3,5722056469109242;Marginal;1_3s / 2of3_2s / R_4s / 3_1s / 6x;6;1;N=6 / R=1, ou N=3 / R=2 conforme a estrategia operacional do laboratorio;12,08487444207838;3,21945138001966;Marginal;1_3s / 2of3_2s / R_4s / 3_1s / 6x;6;1;N=6 / R=1, ou N=3 / R=2 conforme a estrategia operacional do laboratorio;14,668505365889493;2,6926866106984635;2,5681602862874437;2,3409177056908184;3,009577278553401;0,971;4,120783751001264;9,018157679812223;2,8113754085871117;3,5608807170481804;0,8875;0,08294566997369748;5,572447213260509;2,577114209724083;3,3935288930877507;0,5665;1,3086582640431512;7,28821519805473;15;3;6,49115546660942;1,8420590187054264;1,8420590187054264;1,8420590187054264;8,305955230337549;2,144588418762781;-2,757625672919679;6,441743710330532;1,2810088450278285;-3,6696771851867656;7,353795222597618;8,233031897841416;2,583630923811112;0,0;2,7888446215139413;8,739827335279653;2,218772404533325;0,3222476882019008;0,7305979756537612;nao;nao;sim;nao;0;-0.460 | 3.967 | 2.019;1,1932862995249558;15;15;;;;;;;;;;;;;faixa de concentracao insuficiente (<3 niveis ou max/min < 1,5);2,6859402106219936;Desempenho inadequado;1_3s / 2of3_2s / R_4s / 3_1s / 6x;;;CQ estatistico isolado pode ser insuficiente - investigar e melhorar o desempenho analitico ou reavaliar o metodo;18,5760299086878;3,320701388804521;Marginal;1_3s / 2of3_2s / R_4s / 3_1s / 6x;6;1;N=6 / R=1, ou N=3 / R=2 conforme a estrategia operacional do laboratorio;13,926933460783808;2,4481143130251213;Desempenho inadequado;1_3s / 2of3_2s / R_4s / 3_1s / 6x;;;CQ estatistico isolado pode ser insuficiente - investigar e melhorar o desempenho analitico ou reavaliar o metodo;20,317906339919794;;;;;;;;3,5722056469109242;Marginal;1_3s / 2of3_2s / R_4s / 3_1s / 6x;6;1;N=6 / R=1, ou N=3 / R=2 conforme a estrategia operacional do laboratorio;12,08487444207838;3,21945138001966;Marginal;1_3s / 2of3_2s / R_4s / 3_1s / 6x;6;1;N=6 / R=1, ou N=3 / R=2 conforme a estrategia operacional do laboratorio;14,668505365889493;2,6926866106984635;2,5681602862874437;2,335844237270958;3,003755430767589;0,9725;4,163423932523953;9,055316606381835;2,7964875459792076;3,559807066985959;0,869;0,09080926160804592;5,681488395277139;2,568300295540621;3,3967214873100526;0,563;1,2852751729395004;7,352769771539812
hematologia;EO%;1;CAP;2025;6,267023659712846;43,55563301720578;9,515999999999998;5,723012905590947;Excelente;15;3;7,689375733025351;0,17792730827563377;0,17792730827563377;0,17792730827563386;8,597821080534573;2,219947857238764;-4,58338730380172;4,939241920352988;1,3784252613606591;-5,752957905273422;6,10881252182469;8,308189752951959;1,9574908759288292;0,0;1,584342963653308;9,027336708694273;2,38750258711307;0,3497344575379359;0,7118264476740542;nao;nao;sim;nao;0;-1.224 | 2.935 | -1.177;1,4404503954127252;15;12;;;;;;;;;;;;;faixa de concentracao insuficiente (<3 niveis ou max/min < 1,5);5,723012905590947;Excelente;1_3s / 2of3_2s / R_4s;3;1;Uma medicao em cada um dos 3 niveis por evento de CQ;18,029964771551548;6,921580013776062;Classe mundial;1_3s;3;1;Uma medicao em cada um dos 3 niveis por evento de CQ;10,518516346801828;5,6242716125103716;Excelente;1_3s / 2of3_2s / R_4s;3;1;Uma medicao em cada um dos 3 niveis por evento de CQ;18,648778791478154;;;;;;;;6,949971052000383;Classe mundial;1_3s;3;1;Uma medicao em cada um dos 3 niveis por evento de CQ;10,340589038526195;6,63762328020044;Classe mundial;1_3s;3;1;Uma medicao em cada um dos 3 niveis por evento de CQ;12,298079914455025;6,161839047312962;5,975216072041588;5,4858958813625325;5,949357241105027;0,9945;6,2708704271166305;9,175393733985533;6,211471698886235;6,938652439401995;0,996;0,0709340129492213;4,628192918648991;5,85325695025863;6,769016545179046;0,916;1,1340461755809863;6,873133223556286;15;3;7,689375733025351;0,17792730827563377;0,17792730827563377;0,17792730827563386;8,597821080534573;2,219947857238764;-4,58338730380172;4,939241920352988;1,3784252613606591;-5,752957905273422;6,10881252182469;8,308189752951959;1,9574908759288292;0,0;1,584342963653308;9,027336708694273;2,38750258711307;0,3497344575379359;0,7118264476740542;nao;nao;sim;nao;0;-1.224 | 2.935 | -1.177;1,4404503954127252;15;12;;;;;;;;;;;;;faixa de concentracao insuficiente (<3 niveis ou max/min < 1,5);5,723012905590947;Excelente;1_3s / 2of3_2s / R_4s;3;1;Uma medicao em cada um dos 3 niveis por evento de CQ;18,029964771551548;6,921580013776062;Classe mundial;1_3s;3;1;Uma medicao em cada um dos 3 niveis por evento de CQ;10,518516346801828;5,6242716125103716;Excelente;1_3s / 2of3_2s / R_4s;3;1;Uma medicao em cada um dos 3 niveis por evento de CQ;18,648778791478154;;;;;;;;6,949971052000383;Classe mundial;1_3s;3;1;Uma medicao em cada um dos 3 niveis por evento de CQ;10,340589038526195;6,63762328020044;Classe mundial;1_3s;3;1;Uma medicao em cada um dos 3 niveis por evento de CQ;12,298079914455025;6,161839047312962;5,975216072041588;5,4864877847864335;5,958879988844007;0,992;6,211191141730962;9,171684261223675;6,228588751963206;6,940315469281298;0,9965;0,060511765348819434;4,52091994203106;5,855658445620403;6,774117740557263;0,908;1,102076863452886;6,858082995305365
hematologia;EO%;2;CAP;2025;7,542497184045793;43,55563301720578;10,766666666666667;4,755223158723379;Bom;15;3;7,689375733025351;0,17792730827563377;0,17792730827563377;0,17792730827563386;8,597821080534573;2,219947857238764;-4,58338730380172;4,939241920352988;1,3784252613606591;-5,752957905273422;6,10881252182469;8,308189752951959;1,9574908759288292;0,0;1,584342963653308;9,027336708694273;2,38750258711307;0,3497344575379359;0,7118264476740542;nao;nao;sim;nao;0;-1.224 | 2.935 | -1.177;1,1968631195235016;15;12;;;;;;;;;;;;;faixa de concentracao insuficiente (<3 niveis ou max/min < 1,5);4,755223158723379;Bom;1_3s / 2of3_2s / R_4s / 3_1s;3;1;Uma medicao em cada um dos 3 niveis por evento de CQ;20,134496086700906;5,751106649490635;Excelente;1_3s / 2of3_2s / R_4s;3;1;Uma medicao em cada um dos 3 niveis por evento de CQ;12,62304766195119;4,673179505961327;Bom;1_3s / 2of3_2s / R_4s / 3_1s;3;1;Uma medicao em cada um dos 3 niveis por evento de CQ;20,753310106627517;;;;;;;;5,7746966229349725;Excelente;1_3s / 2of3_2s / R_4s;3;1;Uma medicao em cada um dos 3 niveis por evento de CQ;12,445120353675557;5,515168401954075;Excelente;1_3s / 2of3_2s / R_4s;3;1;Uma medicao em cada um dos 3 niveis por evento de CQ;14,402611229604387;5,119841632627429;4,964777524158733;4,558203794353782;4,943291549243855;0,995;6,2708704271166305;9,175393733985533;5,161081157696385;5,765292043626775;0,996;0,0709340129492213;4,628192918648991;4,863442292194932;5,624342416906262;0,902;1,1340461755809863;6,873133223556286;15;3;7,689375733025351;0,17792730827563377;0,17792730827563377;0,17792730827563386;8,597821080534573;2,219947857238764;-4,58338730380172;4,939241920352988;1,3784252613606591;-5,752957905273422;6,10881252182469;8,308189752951959;1,9574908759288292;0,0;1,584342963653308;9,027336708694273;2,38750258711307;0,3497344575379359;0,7118264476740542;nao;nao;sim;nao;0;-1.224 | 2.935 | -1.177;1,1968631195235016;15;12;;;;;;;;;;;;;faixa de concentracao insuficiente (<3 niveis ou max/min < 1,5);4,755223158723379;Bom;1_3s / 2of3_2s / R_4s / 3_1s;3;1;Uma medicao em cada um dos 3 niveis por evento de CQ;20,134496086700906;5,751106649490635;Excelente;1_3s / 2of3_2s / R_4s;3;1;Uma medicao em cada um dos 3 niveis por evento de CQ;12,62304766195119;4,673179505961327;Bom;1_3s / 2of3_2s / R_4s / 3_1s;3;1;Uma medicao em cada um dos 3 niveis por evento de CQ;20,753310106627517;;;;;;;;5,7746966229349725;Excelente;1_3s / 2of3_2s / R_4s;3;1;Uma medicao em cada um dos 3 niveis por evento de CQ;12,445120353675557;5,515168401954075;Excelente;1_3s / 2of3_2s / R_4s;3;1;Uma medicao em cada um dos 3 niveis por evento de CQ;14,402611229604387;5,119841632627429;4,964777524158733;4,558695603985438;4,951203953309701;0,9955;6,211191141730962;9,171684261223675;5,175303632561188;5,766673846940197;0,996;0,060511765348819434;4,52091994203106;4,865437682830643;5,628580974952492;0,9;1,102076863452886;6,858082995305365
hematologia;EO%;3;CAP;2025;6,931648185048871;43,55563301720578;11,562745098039214;5,174275486390335;Excelente;15;3;7,689375733025351;0,17792730827563377;0,17792730827563377;0,17792730827563386;8,597821080534573;2,219947857238764;-4,58338730380172;4,939241920352988;1,3784252613606591;-5,752957905273422;6,10881252182469;8,308189752951959;1,9574908759288292;0,0;1,584342963653308;9,027336708694273;2,38750258711307;0,3497344575379359;0,7118264476740542;nao;nao;sim;nao;0;-1.224 | 2.935 | -1.177;1,3023362507297571;15;12;;;;;;;;;;;;;faixa de concentracao insuficiente (<3 niveis ou max/min < 1,5);5,174275486390335;Excelente;1_3s / 2of3_2s / R_4s;3;1;Uma medicao em cada um dos 3 niveis por evento de CQ;19,12659523835599;6,257920850987954;Classe mundial;1_3s;3;1;Uma medicao em cada um dos 3 niveis por evento de CQ;11,61514681360627;5,085001766287033;Excelente;1_3s / 2of3_2s / R_4s;3;1;Uma medicao em cada um dos 3 niveis por evento de CQ;19,745409258282596;;;;;;;;6,28358968234316;Classe mundial;1_3s;3;1;Uma medicao em cada um dos 3 niveis por evento de CQ;11,437219505330637;6,001190630390262;Classe mundial;1_3s;3;1;Uma medicao em cada um dos 3 niveis por evento de CQ;13,394710381259467;5,571025831943681;5,4022967547821485;4,959893861517129;5,378917336068791;0,941;6,2708704271166305;9,175393733985533;5,615899575301705;6,273356327871676;0,6555;0,0709340129492213;4,628192918648991;5,292031392010249;6,119985566077268;0,1175;1,1340461755809863;6,873133223556286;15;3;7,689375733025351;0,17792730827563377;0,17792730827563377;0,17792730827563386;8,597821080534573;2,219947857238764;-4,58338730380172;4,939241920352988;1,3784252613606591;-5,752957905273422;6,10881252182469;8,308189752951959;1,9574908759288292;0,0;1,584342963653308;9,027336708694273;2,38750258711307;0,3497344575379359;0,7118264476740542;nao;nao;sim;nao;0;-1.224 | 2.935 | -1.177;1,3023362507297571;15;12;;;;;;;;;;;;;faixa de concentracao insuficiente (<3 niveis ou max/min < 1,5);5,174275486390335;Excelente;1_3s / 2of3_2s / R_4s;3;1;Uma medicao em cada um dos 3 niveis por evento de CQ;19,12659523835599;6,257920850987954;Classe mundial;1_3s;3;1;Uma medicao em cada um dos 3 niveis por evento de CQ;11,61514681360627;5,085001766287033;Excelente;1_3s / 2of3_2s / R_4s;3;1;Uma medicao em cada um dos 3 niveis por evento de CQ;19,745409258282596;;;;;;;;6,28358968234316;Classe mundial;1_3s;3;1;Uma medicao em cada um dos 3 niveis por evento de CQ;11,437219505330637;6,001190630390262;Classe mundial;1_3s;3;1;Uma medicao em cada um dos 3 niveis por evento de CQ;13,394710381259467;5,571025831943681;5,4022967547821485;4,960429011695387;5,3875270178922845;0,9445;6,211191141730962;9,171684261223675;5,631375400639943;6,2748599021042635;0,6525;0,060511765348819434;4,52091994203106;5,294202625726839;6,12459764552427;0,128;1,102076863452886;6,858082995305365
hematologia;BASO%;1;CAP;2025;3,7620677850032562;26,2487335922151;4,784;6,310406942852984;Classe mundial;15;3;2,5085549222470034;0,6239333073349304;0,6239333073349304;0,6239333073349304;2,9183462227763264;0,7535137546186688;-0,9921929627341531;2,240059577404014;0,2402651554916111;-0,40984421980472907;1,6577108344745897;2,8876035859506812;0,7104558127629901;0,0;1,6597510373443998;3,129198581048052;0,4161514565999068;0,08843141885740306;0,9159568011231162;nao;nao;nao;nao;0;0.625 | 1.040 | 0.207;0,831776235803615;15;4;;;;;;;;;;;;;faixa de concentracao insuficiente (<3 niveis ou max/min < 1,5);6,310406942852984;Classe mundial;1_3s;3;1;Uma medicao em cada um dos 3 niveis por evento de CQ;8,715966767502376;6,8113605998882845;Classe mundial;1_3s;3;1;Uma medicao em cada um dos 3 niveis por evento de CQ;6,831345152590303;6,2096515377497905;Classe mundial;1_3s;3;1;Uma medicao em cada um dos 3 niveis por evento de CQ;9,095015431206054;;;;;;;;6,977209102092875;Classe mundial;1_3s;3;1;Uma medicao em cada um dos 3 niveis por evento de CQ;6,207411845255373;6,788361943199278;Classe mundial;1_3s;3;1;Uma medicao em cada um dos 3 niveis por evento de CQ;6,917867658018363;6,381776030330167;6,536570886831915;6,139940090049429;6,490946123040625;1,0;1,829354288532183;3,1498627775901498;6,4536976894657;6,969397850393341;1,0;0,02938645837936826;1,9694854205262402;6,341098594267627;6,865323837861064;1,0;0,42091994818307166;2,393090849191426;15;3;2,5085549222470034;0,6239333073349304;0,6239333073349304;0,6239333073349304;2,9183462227763264;0,7535137546186688;-0,9921929627341531;2,240059577404014;0,2402651554916111;-0,40984421980472907;1,6577108344745897;2,8876035859506812;0,7104558127629901;0,0;1,6597510373443998;3,129198581048052;0,4161514565999068;0,08843141885740306;0,9159568011231162;nao;nao;nao;nao;0;0.625 | 1.040 | 0.207;0,831776235803615;15;4;;;;;;;;;;;;;faixa de concentracao insuficiente (<3 niveis ou max/min < 1,5);6,310406942852984;Classe mundial;1_3s;3;1;Uma medicao em cada um dos 3 niveis por evento de CQ;8,715966767502376;6,8113605998882845;Classe mundial;1_3s;3;1;Uma medicao em cada um dos 3 niveis por evento de CQ;6,831345152590303;6,2096515377497905;Classe mundial;1_3s;3;1;Uma medicao em cada um dos 3 niveis por evento de CQ;9,095015431206054;;;;;;;;6,977209102092875;Classe mundial;1_3s;3;1;Uma medicao em cada um dos 3 niveis por evento de CQ;6,207411845255373;6,788361943199278;Classe mundial;1_3s;3;1;Uma medicao em cada um dos 3 niveis por evento de CQ;6,917867658018363;6,381776030330167;6,536570886831915;6,133169471540359;6,487627455271551;1,0;1,8418393416353462;3,175334303367668;6,454192931553746;6,966066054821426;1,0;0,04192089916668517;1,9676222862210262;6,349427853422699;6,869227351209424;1,0;0,40623466636687666;2,3617556116511857
hematologia;BASO%;2;CAP;2025;2,9024013001273605;26,2487335922151;4,8274509803921575;8,179495602116203;Classe mundial;15;3;2,5085549222470034;0,6239333073349304;0,6239333073349304;0,6239333073349304;2,9183462227763264;0,7535137546186688;-0,9921929627341531;2,240059577404014;0,2402651554916111;-0,40984421980472907;1,6577108344745897;2,8876035859506812;0,7104558127629901;0,0;1,6597510373443998;3,129198581048052;0,4161514565999068;0,08843141885740306;0,9159568011231162;nao;nao;nao;nao;0;0.625 | 1.040 | 0.207;1,0781412552808392;15;4;;;;;;;;;;;;;faixa de concentracao insuficiente (<3 niveis ou max/min < 1,5);8,179495602116203;Classe mundial;1_3s;3;1;Uma medicao em cada um dos 3 niveis por evento de CQ;7,297517067457148;8,828827455305966;Classe mundial;1_3s;3;1;Uma medicao em cada um dos 3 niveis por evento de CQ;5,412895452545075;8,048897306254412;Classe mundial;1_3s;3;1;Uma medicao em cada um dos 3 niveis por evento de CQ;7,676565731160826;;;;;;;;9,043798867876498;Classe mundial;1_3s;3;1;Uma medicao em cada um dos 3 niveis por evento de CQ;4,788962145210145;8,799016792864398;Classe mundial;1_3s;3;1;Uma medicao em cada um dos 3 niveis por evento de CQ;5,499417957973135;8,272003603966674;8,472647375351379;7,958537922930005;8,41350894606179;1,0;1,829354288532183;3,1498627775901498;8,365227844482932;9,033673990114735;1,0;0,02938645837936826;1,9694854205262402;8,219277858639625;8,898774143637091;1,0;0,42091994818307166;2,393090849191426;15;3;2,5085549222470034;0,6239333073349304;0,6239333073349304;0,6239333073349304;2,9183462227763264;0,7535137546186688;-0,9921929627341531;2,240059577404014;0,2402651554916111;-0,40984421980472907;1,6577108344745897;2,8876035859506812;0,7104558127629901;0,0;1,6597510373443998;3,129198581048052;0,4161514565999068;0,08843141885740306;0,9159568011231162;nao;nao;nao;nao;0;0.625 | 1.040 | 0.207;1,0781412552808392;15;4;;;;;;;;;;;;;faixa de concentracao insuficiente (<3 niveis ou max/min < 1,5);8,179495602116203;Classe mundial;1_3s;3;1;Uma medicao em cada um dos 3 niveis por evento de CQ;7,297517067457148;8,828827455305966;Classe mundial;1_3s;3;1;Uma medicao em cada um dos 3 niveis por evento de CQ;5,412895452545075;8,048897306254412;Classe mundial;1_3s;3;1;Uma medicao em cada um dos 3 niveis por evento de CQ;7,676565731160826;;;;;;;;9,043798867876498;Classe mundial;1_3s;3;1;Uma medicao em cada um dos 3 niveis por evento de CQ;4,788962145210145;8,799016792864398;Classe mundial;1_3s;3;1;Uma medicao em cada um dos 3 niveis por evento de CQ;5,499417957973135;8,272003603966674;8,472647375351379;7,9497619050249675;8,409207317233752;1,0;1,8418393416353462;3,175334303367668;8,365869773049162;9,02935534514074;1,0;0,04192089916668517;1,9676222862210262;8,230074173242594;8,903833844311682;1,0;0,40623466636687666;2,3617556116511857
hematologia;BASO%;3;CAP;2025;2,411147982433478;26,2487335922151;4,825490196078432;9,846006484433218;Classe mundial;15;3;2,5085549222470034;0,6239333073349304;0,6239333073349304;0,6239333073349304;2,9183462227763264;0,7535137546186688;-0,9921929627341531;2,240059577404014;0,2402651554916111;-0,40984421980472907;1,6577108344745897;2,8876035859506812;0,7104558127629901;0,0;1,6597510373443998;3,129198581048052;0,4161514565999068;0,08843141885740306;0,9159568011231162;nao;nao;nao;nao;0;0.625 | 1.040 | 0.207;1,2978044499325478;15;4;;;;;;;;;;;;;faixa de concentracao insuficiente (<3 niveis ou max/min < 1,5);9,846006484433218;Classe mundial;1_3s;3;1;Uma medicao em cada um dos 3 niveis por evento de CQ;6,486949093262242;10,627634832689969;Classe mundial;1_3s;3;1;Uma medicao em cada um dos 3 niveis por evento de CQ;4,602327478350168;9,688799765283148;Classe mundial;1_3s;3;1;Uma medicao em cada um dos 3 niveis por evento de CQ;6,865997756965919;;;;;;;;10,886405058275717;Classe mundial;1_3s;3;1;Uma medicao em cada um dos 3 niveis por evento de CQ;3,978394171015238;10,591750471357349;Classe mundial;1_3s;3;1;Uma medicao em cada um dos 3 niveis por evento de CQ;4,688849983778228;9,957362297846217;10,19888573281253;9,580030335306155;10,127698292096277;1,0;1,829354288532183;3,1498627775901498;10,069580278181334;10,87421731260707;1,0;0,02938645837936826;1,9694854205262402;9,893894077354432;10,711832634165;1,0;0,42091994818307166;2,393090849191426;15;3;2,5085549222470034;0,6239333073349304;0,6239333073349304;0,6239333073349304;2,9183462227763264;0,7535137546186688;-0,9921929627341531;2,240059577404014;0,2402651554916111;-0,40984421980472907;1,6577108344745897;2,8876035859506812;0,7104558127629901;0,0;1,6597510373443998;3,129198581048052;0,4161514565999068;0,08843141885740306;0,9159568011231162;nao;nao;nao;nao;0;0.625 | 1.040 | 0.207;1,2978044499325478;15;4;;;;;;;;;;;;;faixa de concentracao insuficiente (<3 niveis ou max/min < 1,5);9,846006484433218;Classe mundial;1_3s;3;1;Uma medicao em cada um dos 3 niveis por evento de CQ;6,486949093262242;10,627634832689969;Classe mundial;1_3s;3;1;Uma medicao em cada um dos 3 niveis por evento de CQ;4,602327478350168;9,688799765283148;Classe mundial;1_3s;3;1;Uma medicao em cada um dos 3 niveis por evento de CQ;6,865997756965919;;;;;;;;10,886405058275717;Classe mundial;1_3s;3;1;Uma medicao em cada um dos 3 niveis por evento de CQ;3,978394171015238;10,591750471357349;Classe mundial;1_3s;3;1;Uma medicao em cada um dos 3 niveis por evento de CQ;4,688849983778228;9,957362297846217;10,19888573281253;9,569466269573528;10,122520238656952;1,0;1,8418393416353462;3,175334303367668;10,070352994878437;10,869018776109668;1,0;0,04192089916668517;1,9676222862210262;9,906890060084871;10,717923210904042;1,0;0,40623466636687666;2,3617556116511857
hematologia;NEUT#;1;CAP;2025;3,0972897882384864;27,582809524942444;1,1734;7,6193739408938095;Classe mundial;15;3;3,9834004250416153;-3,8619019437726307;3,8619019437726307;-3,861901943772631;2,739348629063102;0,7072967746545009;-5,378902650458803;-2,344901237086459;0,7169851272703365;-6,9468399588121095;-0,776963928733152;4,681671582611072;3,9927962593611688;3,8619019437726307;-3,4549175394245917;2,7330447395394746;1,2418546687034604;1,032328865118048;0,38575580393579073;sim;sim;nao;nao;0;-5.294 | -3.208 | -3.083;0,8823987829352681;15;15;-0,02257553194593065;-0,0883354200172656;0,043184356125404305;0,9742149771762514;0,9590052113333775;0,9894247430191253;0,9993215336466889;sim;nao;-4,502443985624445;-8,994487296393897;-0,010400674854992076;;7,6193739408938095;Classe mundial;1_3s;3;1;Uma medicao em cada um dos 3 niveis por evento de CQ;9,093928575635118;7,658601294346612;Classe mundial;1_3s;3;1;Uma medicao em cada um dos 3 niveis por evento de CQ;8,972430094366134;7,393928081671647;Classe mundial;1_3s;3;1;Uma medicao em cada um dos 3 niveis por evento de CQ;9,792199733204574;7,451794025525921;Classe mundial;1_3s;3;1;Uma medicao em cada um dos 3 niveis por evento de CQ;9,612972136217948;7,658601294346612;Classe mundial;1_3s;3;1;Uma medicao em cada um dos 3 niveis por evento de CQ;8,972430094366134;7,616340374465756;Classe mundial;1_3s;3;1;Uma medicao em cada um dos 3 niveis por evento de CQ;9,103324409954672;7,168818028845668;6,662589223808657;7,224656571832337;7,974741112537802;1,0;2,882725313233482;5,205954501476076;7,234417681991519;8,03714465833456;1,0;2,6894434480873133;5,175721514658167;7,177917888453476;7,958248499933769;1,0;2,9338077138333265;5,350717748221134;15;3;3,9834004250416153;-3,8619019437726307;3,8619019437726307;-3,861901943772631;2,739348629063102;0,7072967746545009;-5,378902650458803;-2,344901237086459;0,7169851272703365;-6,9468399588121095;-0,776963928733152;4,681671582611072;3,9927962593611688;3,8619019437726307;-3,4549175394245917;2,7330447395394746;1,2418546687034604;1,032328865118048;0,38575580393579073;sim;sim;nao;nao;0;-5.294 | -3.208 | -3.083;0,8823987829352681;15;15;-0,02257553194593065;-0,0883354200172656;0,043184356125404305;0,9742149771762514;0,9590052113333775;0,9894247430191253;0,9993215336466889;sim;nao;-4,502443985624445;-8,994487296393897;-0,010400674854992076;;7,6193739408938095;Classe mundial;1_3s;3;1;Uma medicao em cada um dos 3 niveis por evento de CQ;9,093928575635118;7,658601294346612;Classe mundial;1_3s;3;1;Uma medicao em cada um dos 3 niveis por evento de CQ;8,972430094366134;7,393928081671647;Classe mundial;1_3s;3;1;Uma medicao em cada um dos 3 niveis por evento de CQ;9,792199733204574;7,451794025525921;Classe mundial;1_3s;3;1;Uma medicao em cada um dos 3 niveis por evento de CQ;9,612972136217948;7,658601294346612;Classe mundial;1_3s;3;1;Uma medicao em cada um dos 3 niveis por evento de CQ;8,972430094366134;7,616340374465756;Classe mundial;1_3s;3;1;Uma medicao em cada um dos 3 niveis por evento de CQ;9,103324409954672;7,168818028845668;6,662589223808657;7,2394591706933635;7,978813803187622;1,0;2,87011101007314;5,160106563184426;7,254996504328436;8,055036907079204;1,0;2,6340259687619043;5,111982938380063;7,198387105223547;7,96243769441081;1,0;2,920832564558644;5,287318652145955
hematologia;NEUT#;2;CAP;2025;2,6286789172357437;27,582809524942444;3,0550980392156863;8,977668951945416;Classe mundial;15;3;3,9834004250416153;-3,8619019437726307;3,8619019437726307;-3,861901943772631;2,739348629063102;0,7072967746545009;-5,378902650458803;-2,344901237086459;0,7169851272703365;-6,9468399588121095;-0,776963928733152;4,681671582611072;3,9927962593611688;3,8619019437726307;-3,4549175394245917;2,7330447395394746;1,2418546687034604;1,032328865118048;0,38575580393579073;sim;sim;nao;nao;0;-5.294 | -3.208 | -3.083;1,039702765377477;15;15;-0,02257553194593065;-0,0883354200172656;0,043184356125404305;0,9742149771762514;0,9590052113333775;0,9894247430191253;0,9993215336466889;sim;nao;-3,317448517688679;-4,638510105227495;-1,996386930149863;;8,977668951945416;Classe mundial;1_3s;3;1;Uma medicao em cada um dos 3 niveis por evento de CQ;8,320720638480593;9,02388931019166;Classe mundial;1_3s;3;1;Uma medicao em cada um dos 3 niveis por evento de CQ;8,199222157211608;8,71203317840494;Classe mundial;1_3s;3;1;Uma medicao em cada um dos 3 niveis por evento de CQ;9,018991796050049;9,231009861322525;Classe mundial;1_3s;3;1;Uma medicao em cada um dos 3 niveis por evento de CQ;7,654768731127656;9,02388931019166;Classe mundial;1_3s;3;1;Uma medicao em cada um dos 3 niveis por evento de CQ;8,199222157211608;8,974094595922722;Classe mundial;1_3s;3;1;Uma medicao em cada um dos 3 niveis por evento de CQ;8,330116472800146;8,446793074991731;7,85031957719303;8,51258587602526;9,396386926434888;1,0;2,882725313233482;5,205954501476076;8,52408708548058;9,469915064040002;1,0;2,6894434480873133;5,175721514658167;8,45751515369555;9,376954199118934;1,0;2,9338077138333265;5,350717748221134;15;3;3,9834004250416153;-3,8619019437726307;3,8619019437726307;-3,861901943772631;2,739348629063102;0,7072967746545009;-5,378902650458803;-2,344901237086459;0,7169851272703365;-6,9468399588121095;-0,776963928733152;4,681671582611072;3,9927962593611688;3,8619019437726307;-3,4549175394245917;2,7330447395394746;1,2418546687034604;1,032328865118048;0,38575580393579073;sim;sim;nao;nao;0;-5.294 | -3.208 | -3.083;1,039702765377477;15;15;-0,02257553194593065;-0,0883354200172656;0,043184356125404305;0,9742149771762514;0,9590052113333775;0,9894247430191253;0,9993215336466889;sim;nao;-3,317448517688679;-4,638510105227495;-1,996386930149863;;8,977668951945416;Classe mundial;1_3s;3;1;Uma medicao em cada um dos 3 niveis por evento de CQ;8,320720638480593;9,02388931019166;Classe mundial;1_3s;3;1;Uma medicao em cada um dos 3 niveis por evento de CQ;8,199222157211608;8,71203317840494;Classe mundial;1_3s;3;1;Uma medicao em cada um dos 3 niveis por evento de CQ;9,018991796050049;9,231009861322525;Classe mundial;1_3s;3;1;Uma medicao em cada um dos 3 niveis por evento de CQ;7,654768731127656;9,02388931019166;Classe mundial;1_3s;3;1;Uma medicao em cada um dos 3 niveis por evento de CQ;8,199222157211608;8,974094595922722;Classe mundial;1_3s;3;1;Uma medicao em cada um dos 3 niveis por evento de CQ;8,330116472800146;8,446793074991731;7,85031957719303;8,53002731323961;9,401185649884008;1,0;2,87011101007314;5,160106563184426;8,548334465356525;9,490996938650875;1,0;2,6340259687619043;5,111982938380063;8,48163338877534;9,381890195367697;1,0;2,920832564558644;5,287318652145955
hematologia;NEUT#;3;CAP;2025;2,2158971084019434;27,582809524942444;7,9821568627450965;10,650047337676344;Classe mundial;15;3;3,9834004250416153;-3,8619019437726307;3,8619019437726307;-3,861901943772631;2,739348629063102;0,7072967746545009;-5,378902650458803;-2,344901237086459;0,7169851272703365;-6,9468399588121095;-0,776963928733152;4,681671582611072;3,9927962593611688;3,8619019437726307;-3,4549175394245917;2,7330447395394746;1,2418546687034604;1,032328865118048;0,38575580393579073;sim;sim;nao;nao;0;-5.294 | -3.208 | -3.083;1,233380705799326;15;15;-0,02257553194593065;-0,0883354200172656;0,043184356125404305;0,9742149771762514;0,9590052113333775;0,9894247430191253;0,9993215336466889;sim;nao;-2,8613272422713174;-3,8619958622779134;-1,8606586222647217;;10,650047337676344;Classe mundial;1_3s;3;1;Uma medicao em cada um dos 3 niveis por evento de CQ;7,639630653904822;10,704877718025823;Classe mundial;1_3s;3;1;Uma medicao em cada um dos 3 niveis por evento de CQ;7,518132172635838;10,334928393334641;Classe mundial;1_3s;3;1;Uma medicao em cada um dos 3 niveis por evento de CQ;8,337901811474278;11,156421563499272;Classe mundial;1_3s;3;1;Uma medicao em cada um dos 3 niveis por evento de CQ;6,517557471134523;10,704877718025823;Classe mundial;1_3s;3;1;Uma medicao em cada um dos 3 niveis por evento de CQ;7,518132172635838;10,645807143362301;Classe mundial;1_3s;3;1;Uma medicao em cada um dos 3 niveis por evento de CQ;7,649026488224376;10,020278825354222;9,312693034295506;10,098327642840811;11,14676494592392;1,0;2,882725313233482;5,205954501476076;10,11197132092644;11,23399005417164;1,0;2,6894434480873133;5,175721514658167;10,032998234631304;11,123712250739583;1,0;2,9338077138333265;5,350717748221134;15;3;3,9834004250416153;-3,8619019437726307;3,8619019437726307;-3,861901943772631;2,739348629063102;0,7072967746545009;-5,378902650458803;-2,344901237086459;0,7169851272703365;-6,9468399588121095;-0,776963928733152;4,681671582611072;3,9927962593611688;3,8619019437726307;-3,4549175394245917;2,7330447395394746;1,2418546687034604;1,032328865118048;0,38575580393579073;sim;sim;nao;nao;0;-5.294 | -3.208 | -3.083;1,233380705799326;15;15;-0,02257553194593065;-0,0883354200172656;0,043184356125404305;0,9742149771762514;0,9590052113333775;0,9894247430191253;0,9993215336466889;sim;nao;-2,8613272422713174;-3,8619958622779134;-1,8606586222647217;;10,650047337676344;Classe mundial;1_3s;3;1;Uma medicao em cada um dos 3 niveis por evento de CQ;7,639630653904822;10,704877718025823;Classe mundial;1_3s;3;1;Uma medicao em cada um dos 3 niveis por evento de CQ;7,518132172635838;10,334928393334641;Classe mundial;1_3s;3;1;Uma medicao em cada um dos 3 niveis por evento de CQ;8,337901811474278;11,156421563499272;Classe mundial;1_3s;3;1;Uma medicao em cada um dos 3 niveis por evento de CQ;6,517557471134523;10,704877718025823;Classe mundial;1_3s;3;1;Uma medicao em cada um dos 3 niveis por evento de CQ;7,518132172635838;10,645807143362301;Classe mundial;1_3s;3;1;Uma medicao em cada um dos 3 niveis por evento de CQ;7,649026488224376;10,020278825354222;9,312693034295506;10,119018106363605;11,152457585312506;1,0;2,87011101007314;5,160106563184426;10,140735551917322;11,258999103154684;1,0;2,6340259687619043;5,111982938380063;10,061609263471404;11,129567734383423;1,0;2,920832564558644;5,287318652145955
hematologia;LYMPH#;1;CAP;2025;4,366816642059906;22,757982753098187;1,0718000000000003;4,462622929111101;Bom;15;3;3,2705266790177085;0,3338915076796766;0,3338915076796766;0,33389150767967657;4,200692127582226;1,0846140435113707;-1,992374254372213;2,660157269731566;1,725782690326546;-7,091552095808208;7,759335111167561;4,071966388153249;2,4633585462457694;0,0;-0,05711022272986236;3,625047402946571;2,9891433024684835;3,399664782945508;0,06764462719504713;nao;nao;sim;nao;0;2.716 | -3.020 | 1.306;0,8301350159819331;15;15;-0,03501741028278471;-0,15926514173312506;0,08923032116755564;1,0211260711153485;0,9676961716239783;1,0745559706067187;0,9924317018808962;nao;nao;-1,1545518997344895;-8,71441657632038;6,405312776851401;;4,462622929111101;Bom;1_3s / 2of3_2s / R_4s / 3_1s;3;1;Uma medicao em cada um dos 3 niveis por evento de CQ;10,475774138416552;5,135111703440029;Excelente;1_3s / 2of3_2s / R_4s;3;1;Uma medicao em cada um dos 3 niveis por evento de CQ;7,539138967078521;4,279093421273216;Bom;1_3s / 2of3_2s / R_4s / 3_1s;3;1;Uma medicao em cada um dos 3 niveis por evento de CQ;11,277213847552094;4,947180663663719;Bom;1_3s / 2of3_2s / R_4s / 3_1s;3;1;Uma medicao em cada um dos 3 niveis por evento de CQ;8,359799359133333;5,2115727813941;Excelente;1_3s / 2of3_2s / R_4s;3;1;Uma medicao em cada um dos 3 niveis por evento de CQ;7,205247459398844;4,647464244635442;Bom;1_3s / 2of3_2s / R_4s / 3_1s;3;1;Uma medicao em cada um dos 3 niveis por evento de CQ;9,668606005644614;4,602397382521222;3,434686837424778;4,190656564825201;4,712546247447129;0,9995;2,179157373269106;4,458153924661903;4,755647562728373;5,2054746733911355;0,7195;0,026629319512425483;1,9909418324042916;4,247351261937773;4,887191019929938;0,998;1,4165156743424079;4,210578577794172;15;3;3,2705266790177085;0,3338915076796766;0,3338915076796766;0,33389150767967657;4,200692127582226;1,0846140435113707;-1,992374254372213;2,660157269731566;1,725782690326546;-7,091552095808208;7,759335111167561;4,071966388153249;2,4633585462457694;0,0;-0,05711022272986236;3,625047402946571;2,9891433024684835;3,399664782945508;0,06764462719504713;nao;nao;sim;nao;0;2.716 | -3.020 | 1.306;0,8301350159819331;15;15;-0,03501741028278471;-0,15926514173312506;0,08923032116755564;1,0211260711153485;0,9676961716239783;1,0745559706067187;0,9924317018808962;nao;nao;-1,1545518997344895;-8,71441657632038;6,405312776851401;;4,462622929111101;Bom;1_3s / 2of3_2s / R_4s / 3_1s;3;1;Uma medicao em cada um dos 3 niveis por evento de CQ;10,475774138416552;5,135111703440029;Excelente;1_3s / 2of3_2s / R_4s;3;1;Uma medicao em cada um dos 3 niveis por evento de CQ;7,539138967078521;4,279093421273216;Bom;1_3s / 2of3_2s / R_4s / 3_1s;3;1;Uma medicao em cada um dos 3 niveis por evento de CQ;11,277213847552094;4,947180663663719;Bom;1_3s / 2of3_2s / R_4s / 3_1s;3;1;Uma medicao em cada um dos 3 niveis por evento de CQ;8,359799359133333;5,2115727813941;Excelente;1_3s / 2of3_2s / R_4s;3;1;Uma medicao em cada um dos 3 niveis por evento de CQ;7,205247459398844;4,647464244635442;Bom;1_3s / 2of3_2s / R_4s / 3_1s;3;1;Uma medicao em cada um dos 3 niveis por evento de CQ;9,668606005644614;4,602397382521222;3,434686837424778;4,1835669612681325;4,7330809067069;0,999;2,0894862814745103;4,489112923460517;4,765432009939178;5,206323257415488;0,6925;0,02292370867269258;1,948214945490797;4,244237146414489;4,879584056173786;0,9965;1,4497338902683201;4,224177349286553
hematologia;LYMPH#;2;CAP;2025;4,236274252445276;22,757982753098187;1,9464705882352946;4,600140338608121;Bom;15;3;3,2705266790177085;0,3338915076796766;0,3338915076796766;0,33389150767967657;4,200692127582226;1,0846140435113707;-1,992374254372213;2,660157269731566;1,725782690326546;-7,091552095808208;7,759335111167561;4,071966388153249;2,4633585462457694;0,0;-0,05711022272986236;3,625047402946571;2,9891433024684835;3,399664782945508;0,06764462719504713;nao;nao;sim;nao;0;2.716 | -3.020 | 1.306;0,855715939744484;15;15;-0,03501741028278471;-0,15926514173312506;0,08923032116755564;1,0211260711153485;0,9676961716239783;1,0745559706067187;0,9924317018808962;nao;nao;0,3135863354473844;-3,0100304667541398;3,6372031376489087;;4,600140338608121;Bom;1_3s / 2of3_2s / R_4s / 3_1s;3;1;Uma medicao em cada um dos 3 niveis por evento de CQ;10,260379195552414;5,293352108276466;Excelente;1_3s / 2of3_2s / R_4s;3;1;Uma medicao em cada um dos 3 niveis por evento de CQ;7,323744024214382;4,410955299732763;Bom;1_3s / 2of3_2s / R_4s / 3_1s;3;1;Uma medicao em cada um dos 3 niveis por evento de CQ;11,061818904687954;5,29814527581527;Excelente;1_3s / 2of3_2s / R_4s;3;1;Uma medicao em cada um dos 3 niveis por evento de CQ;7,30343885198209;5,372169363199691;Excelente;1_3s / 2of3_2s / R_4s;3;1;Uma medicao em cada um dos 3 niveis por evento de CQ;6,989852516534706;4,790677609018795;Bom;1_3s / 2of3_2s / R_4s / 3_1s;3;1;Uma medicao em cada um dos 3 niveis por evento de CQ;9,453211062780476;4,74422199454289;3,540528008372701;4,319793228182334;4,857765138305318;0,9985;2,179157373269106;4,458153924661903;4,902194636880902;5,3658833396975405;0,924;0,026629319512425483;1,9909418324042916;4,3782349937797385;5,037791655353047;0,956;1,4165156743424079;4,210578577794172;15;3;3,2705266790177085;0,3338915076796766;0,3338915076796766;0,33389150767967657;4,200692127582226;1,0846140435113707;-1,992374254372213;2,660157269731566;1,725782690326546;-7,091552095808208;7,759335111167561;4,071966388153249;2,4633585462457694;0,0;-0,05711022272986236;3,625047402946571;2,9891433024684835;3,399664782945508;0,06764462719504713;nao;nao;sim;nao;0;2.716 | -3.020 | 1.306;0,855715939744484;15;15;-0,03501741028278471;-0,15926514173312506;0,08923032116755564;1,0211260711153485;0,9676961716239783;1,0745559706067187;0,9924317018808962;nao;nao;0,3135863354473844;-3,0100304667541398;3,6372031376489087;;4,600140338608121;Bom;1_3s / 2of3_2s / R_4s / 3_1s;3;1;Uma medicao em cada um dos 3 niveis por evento de CQ;10,260379195552414;5,293352108276466;Excelente;1_3s / 2of3_2s / R_4s;3;1;Uma medicao em cada um dos 3 niveis por evento de CQ;7,323744024214382;4,410955299732763;Bom;1_3s / 2of3_2s / R_4s / 3_1s;3;1;Uma medicao em cada um dos 3 niveis por evento de CQ;11,061818904687954;5,29814527581527;Excelente;1_3s / 2of3_2s / R_4s;3;1;Uma medicao em cada um dos 3 niveis por evento de CQ;7,30343885198209;5,372169363199691;Excelente;1_3s / 2of3_2s / R_4s;3;1;Uma medicao em cada um dos 3 niveis por evento de CQ;6,989852516534706;4,790677609018795;Bom;1_3s / 2of3_2s / R_4s / 3_1s;3;1;Uma medicao em cada um dos 3 niveis por evento de CQ;9,453211062780476;4,74422199454289;3,540528008372701;4,3124851558164465;4,878932580838773;0,9995;2,0894862814745103;4,489112923460517;4,912280595524595;5,366758073158811;0,918;0,02292370867269258;1,948214945490797;4,375024915611516;5,029950280138319;0,9565;1,4497338902683201;4,224177349286553
hematologia;LYMPH#;3;CAP;2025;3,4168926222310985;22,757982753098187;4,242745098039217;5,703268504046791;Excelente;15;3;3,2705266790177085;0,3338915076796766;0,3338915076796766;0,33389150767967657;4,200692127582226;1,0846140435113707;-1,992374254372213;2,660157269731566;1,725782690326546;-7,091552095808208;7,759335111167561;4,071966388153249;2,4633585462457694;0,0;-0,05711022272986236;3,625047402946571;2,9891433024684835;3,399664782945508;0,06764462719504713;nao;nao;sim;nao;0;2.716 | -3.020 | 1.306;1,0609193216553454;15;15;-0,03501741028278471;-0,15926514173312506;0,08923032116755564;1,0211260711153485;0,9676961716239783;1,0745559706067187;0,9924317018808962;nao;nao;1,2872591475723723;-1,9378420604617457;4,51236035560649;;5,703268504046791;Excelente;1_3s / 2of3_2s / R_4s;3;1;Uma medicao em cada um dos 3 niveis por evento de CQ;8,908399505699022;6,562714642983556;Classe mundial;1_3s;3;1;Uma medicao em cada um dos 3 niveis por evento de CQ;5,971764334360989;5,468716296019771;Excelente;1_3s / 2of3_2s / R_4s;3;1;Uma medicao em cada um dos 3 niveis por evento de CQ;9,709839214834561;6,283698664052915;Classe mundial;1_3s;3;1;Uma medicao em cada um dos 3 niveis por evento de CQ;6,925131974253684;6,66043252428521;Classe mundial;1_3s;3;1;Uma medicao em cada um dos 3 niveis por evento de CQ;5,6378728266813125;5,939497212997233;Excelente;1_3s / 2of3_2s / R_4s;3;1;Uma medicao em cada um dos 3 niveis por evento de CQ;8,101231372927082;5,881901395614685;4,389557794220964;5,355693272119042;6,022672543450284;0,9585;2,179157373269106;4,458153924661903;6,07775637594775;6,652639092516483;0,988;0,026629319512425483;1,9909418324042916;5,4281495574752;6,245869987222667;0,776;1,4165156743424079;4,210578577794172;15;3;3,2705266790177085;0,3338915076796766;0,3338915076796766;0,33389150767967657;4,200692127582226;1,0846140435113707;-1,992374254372213;2,660157269731566;1,725782690326546;-7,091552095808208;7,759335111167561;4,071966388153249;2,4633585462457694;0,0;-0,05711022272986236;3,625047402946571;2,9891433024684835;3,399664782945508;0,06764462719504713;nao;nao;sim;nao;0;2.716 | -3.020 | 1.306;1,0609193216553454;15;15;-0,03501741028278471;-0,15926514173312506;0,08923032116755564;1,0211260711153485;0,9676961716239783;1,0745559706067187;0,9924317018808962;nao;nao;1,2872591475723723;-1,9378420604617457;4,51236035560649;;5,703268504046791;Excelente;1_3s / 2of3_2s / R_4s;3;1;Uma medicao em cada um dos 3 niveis por evento de CQ;8,908399505699022;6,562714642983556;Classe mundial;1_3s;3;1;Uma medicao em cada um dos 3 niveis por evento de CQ;5,971764334360989;5,468716296019771;Excelente;1_3s / 2of3_2s / R_4s;3;1;Uma medicao em cada um dos 3 niveis por evento de CQ;9,709839214834561;6,283698664052915;Classe mundial;1_3s;3;1;Uma medicao em cada um dos 3 niveis por evento de CQ;6,925131974253684;6,66043252428521;Classe mundial;1_3s;3;1;Uma medicao em cada um dos 3 niveis por evento de CQ;5,6378728266813125;5,939497212997233;Excelente;1_3s / 2of3_2s / R_4s;3;1;Uma medicao em cada um dos 3 niveis por evento de CQ;8,101231372927082;5,881901395614685;4,389557794220964;5,346632700944756;6,048916005481012;0,957;2,0894862814745103;4,489112923460517;6,090260979292763;6,653723589821322;0,988;0,02292370867269258;1,948214945490797;5,424169692435279;6,236148225493959;0,7655;1,4497338902683201;4,224177349286553
hematologia;MONO#;1;CAP;2025;9,55726799808139;26,16342831769812;0,3643999999999999;2,09731015204787;Desempenho inadequado;15;3;6,1188731194797965;0,20055466868433902;0,20055466868433902;0,20055466868433883;8,440812564027187;2,179408432595708;-4,473811525082743;4,87492086245142;1,3061421874552348;-5,41932157961086;5,8204309169795385;8,157065514025312;1,8580196454375222;0,0;0,8303677342823258;8,880138005492176;2,2623046305816192;0,3245134808751478;0,7290289364284427;nao;nao;sim;nao;0;-2.317 | 2.062 | 0.857;0,9291502558340787;15;15;-0,007369092944578659;-0,11107577980247921;0,09633759391332189;1,0177341783441898;0,916738389646543;1,1187299670418365;0,9733023401596336;nao;nao;-0,24883599230402956;-21,11017393527824;20,61250195067018;;2,09731015204787;Desempenho inadequado;1_3s / 2of3_2s / R_4s / 3_1s / 6x;;;CQ estatistico isolado pode ser insuficiente - investigar e melhorar o desempenho analitico ou reavaliar o metodo;21,88836531631409;2,7165580848235913;Desempenho inadequado;1_3s / 2of3_2s / R_4s / 3_1s / 6x;;;CQ estatistico isolado pode ser insuficiente - investigar e melhorar o desempenho analitico ou reavaliar o metodo;15,970046865518631;1,8840491662771792;Desempenho inadequado;1_3s / 2of3_2s / R_4s / 3_1s / 6x;;;CQ estatistico isolado pode ser insuficiente - investigar e melhorar o desempenho analitico ou reavaliar o metodo;23,926557710859605;2,7115062934927026;Desempenho inadequado;1_3s / 2of3_2s / R_4s / 3_1s / 6x;;;CQ estatistico isolado pode ser insuficiente - investigar e melhorar o desempenho analitico ou reavaliar o metodo;16,018328189138323;2,737542603487775;Desempenho inadequado;1_3s / 2of3_2s / R_4s / 3_1s / 6x;;;CQ estatistico isolado pode ser insuficiente - investigar e melhorar o desempenho analitico ou reavaliar o metodo;15,769492196834292;2,5431335269807103;Desempenho inadequado;1_3s / 2of3_2s / R_4s / 3_1s / 6x;;;CQ estatistico isolado pode ser insuficiente - investigar e melhorar o desempenho analitico ou reavaliar o metodo;17,627511842271815;2,2274678767530998;2,128536879451577;1,818212106118601;2,357129610738628;1,0;3,6357089216557843;8,786287942166652;2,255083532358624;2,7306627124741976;1,0;0,06575296221434661;4,610990640886706;2,006937364578125;2,623699065004421;1,0;1,0880332071353052;6,9825900690618035;15;3;6,1188731194797965;0,20055466868433902;0,20055466868433902;0,20055466868433883;8,440812564027187;2,179408432595708;-4,473811525082743;4,87492086245142;1,3061421874552348;-5,41932157961086;5,8204309169795385;8,157065514025312;1,8580196454375222;0,0;0,8303677342823258;8,880138005492176;2,2623046305816192;0,3245134808751478;0,7290289364284427;nao;nao;sim;nao;0;-2.317 | 2.062 | 0.857;0,9291502558340787;15;15;-0,007369092944578659;-0,11107577980247921;0,09633759391332189;1,0177341783441898;0,916738389646543;1,1187299670418365;0,9733023401596336;nao;nao;-0,24883599230402956;-21,11017393527824;20,61250195067018;;2,09731015204787;Desempenho inadequado;1_3s / 2of3_2s / R_4s / 3_1s / 6x;;;CQ estatistico isolado pode ser insuficiente - investigar e melhorar o desempenho analitico ou reavaliar o metodo;21,88836531631409;2,7165580848235913;Desempenho inadequado;1_3s / 2of3_2s / R_4s / 3_1s / 6x;;;CQ estatistico isolado pode ser insuficiente - investigar e melhorar o desempenho analitico ou reavaliar o metodo;15,970046865518631;1,8840491662771792;Desempenho inadequado;1_3s / 2of3_2s / R_4s / 3_1s / 6x;;;CQ estatistico isolado pode ser insuficiente - investigar e melhorar o desempenho analitico ou reavaliar o metodo;23,926557710859605;2,7115062934927026;Desempenho inadequado;1_3s / 2of3_2s / R_4s / 3_1s / 6x;;;CQ estatistico isolado pode ser insuficiente - investigar e melhorar o desempenho analitico ou reavaliar o metodo;16,018328189138323;2,737542603487775;Desempenho inadequado;1_3s / 2of3_2s / R_4s / 3_1s / 6x;;;CQ estatistico isolado pode ser insuficiente - investigar e melhorar o desempenho analitico ou reavaliar o metodo;15,769492196834292;2,5431335269807103;Desempenho inadequado;1_3s / 2of3_2s / R_4s / 3_1s / 6x;;;CQ estatistico isolado pode ser insuficiente - investigar e melhorar o desempenho analitico ou reavaliar o metodo;17,627511842271815;2,2274678767530998;2,128536879451577;1,8075880663718173;2,360222882777666;1,0;3,60614569178773;8,887824737248932;2,25336352110163;2,730049383196798;1,0;0,07161471448952794;4,627429249429509;1,9938106624869738;2,6265635662421842;1,0;1,0606564011251631;7,108045478877906
hematologia;MONO#;2;CAP;2025;10,042845537625613;26,16342831769812;0,7180392156862745;1,9959039619917693;Desempenho inadequado;15;3;6,1188731194797965;0,20055466868433902;0,20055466868433902;0,20055466868433883;8,440812564027187;2,179408432595708;-4,473811525082743;4,87492086245142;1,3061421874552348;-5,41932157961086;5,8204309169795385;8,157065514025312;1,8580196454375222;0,0;0,8303677342823258;8,880138005492176;2,2623046305816192;0,3245134808751478;0,7290289364284427;nao;nao;sim;nao;0;-2.317 | 2.062 | 0.857;0,8842252897570372;15;15;-0,007369092944578659;-0,11107577980247921;0,09633759391332189;1,0177341783441898;0,916738389646543;1,1187299670418365;0,9733023401596336;nao;nao;0,7471378230221715;-7,538619748158855;9,032895394203198;;1,9959039619917693;Desempenho inadequado;1_3s / 2of3_2s / R_4s / 3_1s / 6x;;;CQ estatistico isolado pode ser insuficiente - investigar e melhorar o desempenho analitico ou reavaliar o metodo;22,68956825656206;2,58521088985623;Desempenho inadequado;1_3s / 2of3_2s / R_4s / 3_1s / 6x;;;CQ estatistico isolado pode ser insuficiente - investigar e melhorar o desempenho analitico ou reavaliar o metodo;16,7712498057666;1,7929542713976636;Desempenho inadequado;1_3s / 2of3_2s / R_4s / 3_1s / 6x;;;CQ estatistico isolado pode ser insuficiente - investigar e melhorar o desempenho analitico ou reavaliar o metodo;24,727760651107573;2,530785761809597;Desempenho inadequado;1_3s / 2of3_2s / R_4s / 3_1s / 6x;;;CQ estatistico isolado pode ser insuficiente - investigar e melhorar o desempenho analitico ou reavaliar o metodo;17,317832960104433;2,605180794594181;Desempenho inadequado;1_3s / 2of3_2s / R_4s / 3_1s / 6x;;;CQ estatistico isolado pode ser insuficiente - investigar e melhorar o desempenho analitico ou reavaliar o metodo;16,57069513708226;2,4201715122671317;Desempenho inadequado;1_3s / 2of3_2s / R_4s / 3_1s / 6x;;;CQ estatistico isolado pode ser insuficiente - investigar e melhorar o desempenho analitico ou reavaliar o metodo;18,428714782519783;2,1197684834929613;2,025620858600618;1,7303004721548143;2,24316099571999;1,0;3,6357089216557843;8,786287942166652;2,1460489057672953;2,598633550392525;1,0;0,06575296221434661;4,610990640886706;1,9099007524087799;2,496841658732838;1,0;1,0880332071353052;6,9825900690618035;15;3;6,1188731194797965;0,20055466868433902;0,20055466868433902;0,20055466868433883;8,440812564027187;2,179408432595708;-4,473811525082743;4,87492086245142;1,3061421874552348;-5,41932157961086;5,8204309169795385;8,157065514025312;1,8580196454375222;0,0;0,8303677342823258;8,880138005492176;2,2623046305816192;0,3245134808751478;0,7290289364284427;nao;nao;sim;nao;0;-2.317 | 2.062 | 0.857;0,8842252897570372;15;15;-0,007369092944578659;-0,11107577980247921;0,09633759391332189;1,0177341783441898;0,916738389646543;1,1187299670418365;0,9733023401596336;nao;nao;0,7471378230221715;-7,538619748158855;9,032895394203198;;1,9959039619917693;Desempenho inadequado;1_3s / 2of3_2s / R_4s / 3_1s / 6x;;;CQ estatistico isolado pode ser insuficiente - investigar e melhorar o desempenho analitico ou reavaliar o metodo;22,68956825656206;2,58521088985623;Desempenho inadequado;1_3s / 2of3_2s / R_4s / 3_1s / 6x;;;CQ estatistico isolado pode ser insuficiente - investigar e melhorar o desempenho analitico ou reavaliar o metodo;16,7712498057666;1,7929542713976636;Desempenho inadequado;1_3s / 2of3_2s / R_4s / 3_1s / 6x;;;CQ estatistico isolado pode ser insuficiente - investigar e melhorar o desempenho analitico ou reavaliar o metodo;24,727760651107573;2,530785761809597;Desempenho inadequado;1_3s / 2of3_2s / R_4s / 3_1s / 6x;;;CQ estatistico isolado pode ser insuficiente - investigar e melhorar o desempenho analitico ou reavaliar o metodo;17,317832960104433;2,605180794594181;Desempenho inadequado;1_3s / 2of3_2s / R_4s / 3_1s / 6x;;;CQ estatistico isolado pode ser insuficiente - investigar e melhorar o desempenho analitico ou reavaliar o metodo;16,57069513708226;2,4201715122671317;Desempenho inadequado;1_3s / 2of3_2s / R_4s / 3_1s / 6x;;;CQ estatistico isolado pode ser insuficiente - investigar e melhorar o desempenho analitico ou reavaliar o metodo;18,428714782519783;2,1197684834929613;2,025620858600618;1,7201901110323745;2,2461047062208936;1,0;3,60614569178773;8,887824737248932;2,1444120580749537;2,598049875949538;1,0;0,07161471448952794;4,627429249429509;1,8974087341509978;2,499567659636424;1,0;1,0606564011251631;7,108045478877906
hematologia;MONO#;3;CAP;2025;6,9812504558367525;26,16342831769812;1,7829411764705878;2,8711984085114506;Desempenho inadequado;15;3;6,1188731194797965;0,20055466868433902;0,20055466868433902;0,20055466868433883;8,440812564027187;2,179408432595708;-4,473811525082743;4,87492086245142;1,3061421874552348;-5,41932157961086;5,8204309169795385;8,157065514025312;1,8580196454375222;0,0;0,8303677342823258;8,880138005492176;2,2623046305816192;0,3245134808751478;0,7290289364284427;nao;nao;sim;nao;0;-2.317 | 2.062 | 0.857;1,2719981988424205;15;15;-0,007369092944578659;-0,11107577980247921;0,09633759391332189;1,0177341783441898;0,916738389646543;1,1187299670418365;0,9733023401596336;nao;nao;1,360106781770227;-4,836254068462685;7,556467632003139;;2,8711984085114506;Desempenho inadequado;1_3s / 2of3_2s / R_4s / 3_1s / 6x;;;CQ estatistico isolado pode ser insuficiente - investigar e melhorar o desempenho analitico ou reavaliar o metodo;17,637936371610436;3,718943162583034;Marginal;1_3s / 2of3_2s / R_4s / 3_1s / 6x;6;1;N=6 / R=1, ou N=3 / R=2 conforme a estrategia operacional do laboratorio;11,71961792081498;2,5792460702535585;Desempenho inadequado;1_3s / 2of3_2s / R_4s / 3_1s / 6x;;;CQ estatistico isolado pode ser insuficiente - investigar e melhorar o desempenho analitico ou reavaliar o metodo;19,676128766155955;3,552847973702304;Marginal;1_3s / 2of3_2s / R_4s / 3_1s / 6x;6;1;N=6 / R=1, ou N=3 / R=2 conforme a estrategia operacional do laboratorio;12,879170033900868;3,747670776633417;Marginal;1_3s / 2of3_2s / R_4s / 3_1s / 6x;6;1;N=6 / R=1, ou N=3 / R=2 conforme a estrategia operacional do laboratorio;11,51906325213064;3,4815265296691638;Marginal;1_3s / 2of3_2s / R_4s / 3_1s / 6x;6;1;N=6 / R=1, ou N=3 / R=2 conforme a estrategia operacional do laboratorio;13,377082897568163;3,0493831427360134;2,9139475126136736;2,4891157372821535;3,2268888702034437;0,7485;3,6357089216557843;8,786287942166652;3,0871887225865473;3,7382522687843864;0,9905;0,06575296221434661;4,610990640886706;2,747478889344238;3,5918200140775998;0,8315;1,0880332071353052;6,9825900690618035;15;3;6,1188731194797965;0,20055466868433902;0,20055466868433902;0,20055466868433883;8,440812564027187;2,179408432595708;-4,473811525082743;4,87492086245142;1,3061421874552348;-5,41932157961086;5,8204309169795385;8,157065514025312;1,8580196454375222;0,0;0,8303677342823258;8,880138005492176;2,2623046305816192;0,3245134808751478;0,7290289364284427;nao;nao;sim;nao;0;-2.317 | 2.062 | 0.857;1,2719981988424205;15;15;-0,007369092944578659;-0,11107577980247921;0,09633759391332189;1,0177341783441898;0,916738389646543;1,1187299670418365;0,9733023401596336;nao;nao;1,360106781770227;-4,836254068462685;7,556467632003139;;2,8711984085114506;Desempenho inadequado;1_3s / 2of3_2s / R_4s / 3_1s / 6x;;;CQ estatistico isolado pode ser insuficiente - investigar e melhorar o desempenho analitico ou reavaliar o metodo;17,637936371610436;3,718943162583034;Marginal;1_3s / 2of3_2s / R_4s / 3_1s / 6x;6;1;N=6 / R=1, ou N=3 / R=2 conforme a estrategia operacional do laboratorio;11,71961792081498;2,5792460702535585;Desempenho inadequado;1_3s / 2of3_2s / R_4s / 3_1s / 6x;;;CQ estatistico isolado pode ser insuficiente - investigar e melhorar o desempenho analitico ou reavaliar o metodo;19,676128766155955;3,552847973702304;Marginal;1_3s / 2of3_2s / R_4s / 3_1s / 6x;6;1;N=6 / R=1, ou N=3 / R=2 conforme a estrategia operacional do laboratorio;12,879170033900868;3,747670776633417;Marginal;1_3s / 2of3_2s / R_4s / 3_1s / 6x;6;1;N=6 / R=1, ou N=3 / R=2 conforme a estrategia operacional do laboratorio;11,51906325213064;3,4815265296691638;Marginal;1_3s / 2of3_2s / R_4s / 3_1s / 6x;6;1;N=6 / R=1, ou N=3 / R=2 conforme a estrategia operacional do laboratorio;13,377082897568163;3,0493831427360134;2,9139475126136736;2,474571524074993;3,231123531322547;0,732;3,60614569178773;8,887824737248932;3,0848340429132137;3,7374126266153707;0,9895;0,07161471448952794;4,627429249429509;2,7295085542861086;3,5957414900629305;0,844;1,0606564011251631;7,108045478877906
hematologia;EO#;1;CAP;2025;6,392262708336645;43,55563301720578;0,2895999999999999;5,533878012445591;Excelente;15;3;8,181630965765711;-1,6533305261415048;1,6533305261415048;-1,6533305261415052;9,172014177825949;2,3682038774598806;-6,732622676792783;3,425961624509773;1,2234559176468798;-6,917436469932985;3,6107754176499753;9,013931234577706;2,393154945573245;0,0;0,367197062423501;9,716208475285889;2,1190878101851998;0,23783417604609722;0,7919623751697793;nao;nao;sim;nao;0;-3.333 | 0.728 | -2.355;1,5199951752005167;15;14;-0,025543319144334276;-0,09697357691494402;0,045886938626275464;1,0274360882081146;0,9581569161687907;1,0967152602474384;0,9874940169631162;nao;nao;-6,076598066044301;-25,67282670003961;13,519630567951008;;5,533878012445591;Excelente;1_3s / 2of3_2s / R_4s;3;1;Uma medicao em cada um dos 3 niveis por evento de CQ;18,728864434521174;6,555159636417358;Classe mundial;1_3s;3;1;Uma medicao em cada um dos 3 niveis por evento de CQ;12,200563994896967;5,403673684684386;Excelente;1_3s / 2of3_2s / R_4s;3;1;Uma medicao em cada um dos 3 niveis por evento de CQ;19,56116470333317;5,863187522359206;Excelente;1_3s / 2of3_2s / R_4s;3;1;Uma medicao em cada um dos 3 niveis por evento de CQ;16,623831534799763;6,813805221178019;Classe mundial;1_3s;3;1;Uma medicao em cada um dos 3 niveis por evento de CQ;10,547233468755463;6,439422149835825;Classe mundial;1_3s;3;1;Uma medicao em cada um dos 3 niveis por evento de CQ;12,940388414328709;5,760559604721697;5,731647496197251;5,245481903899521;5,804154849102355;1,0;6,4539504218774795;10,02513465565417;5,89178588479194;6,800768557435086;0,9405;0,08333377948507652;5,893789820346032;5,542448914073765;6,618922933132316;0,717;1,2457387823898751;8,126843510911113;15;3;8,181630965765711;-1,6533305261415048;1,6533305261415048;-1,6533305261415052;9,172014177825949;2,3682038774598806;-6,732622676792783;3,425961624509773;1,2234559176468798;-6,917436469932985;3,6107754176499753;9,013931234577706;2,393154945573245;0,0;0,367197062423501;9,716208475285889;2,1190878101851998;0,23783417604609722;0,7919623751697793;nao;nao;sim;nao;0;-3.333 | 0.728 | -2.355;1,5199951752005167;15;14;-0,025543319144334276;-0,09697357691494402;0,045886938626275464;1,0274360882081146;0,9581569161687907;1,0967152602474384;0,9874940169631162;nao;nao;-6,076598066044301;-25,67282670003961;13,519630567951008;;5,533878012445591;Excelente;1_3s / 2of3_2s / R_4s;3;1;Uma medicao em cada um dos 3 niveis por evento de CQ;18,728864434521174;6,555159636417358;Classe mundial;1_3s;3;1;Uma medicao em cada um dos 3 niveis por evento de CQ;12,200563994896967;5,403673684684386;Excelente;1_3s / 2of3_2s / R_4s;3;1;Uma medicao em cada um dos 3 niveis por evento de CQ;19,56116470333317;5,863187522359206;Excelente;1_3s / 2of3_2s / R_4s;3;1;Uma medicao em cada um dos 3 niveis por evento de CQ;16,623831534799763;6,813805221178019;Classe mundial;1_3s;3;1;Uma medicao em cada um dos 3 niveis por evento de CQ;10,547233468755463;6,439422149835825;Classe mundial;1_3s;3;1;Uma medicao em cada um dos 3 niveis por evento de CQ;12,940388414328709;5,760559604721697;5,731647496197251;5,259906326824962;5,804881597534787;0,9995;6,44930485497451;9,932929954898597;5,853185051175656;6,800786246195208;0,94;0,0832207082833923;6,140536489582115;5,609406161818534;6,607111767039479;0,7125;1,3212388589470896;7,698835193099371
hematologia;EO#;2;CAP;2025;7,720001536222123;43,55563301720578;0,73;4,5821237062539195;Bom;15;3;8,181630965765711;-1,6533305261415048;1,6533305261415048;-1,6533305261415052;9,172014177825949;2,3682038774598806;-6,732622676792783;3,425961624509773;1,2234559176468798;-6,917436469932985;3,6107754176499753;9,013931234577706;2,393154945573245;0,0;0,367197062423501;9,716208475285889;2,1190878101851998;0,23783417604609722;0,7919623751697793;nao;nao;sim;nao;0;-3.333 | 0.728 | -2.355;1,2585759769214546;15;14;-0,025543319144334276;-0,09697357691494402;0,045886938626275464;1,0274360882081146;0,9581569161687907;1,0967152602474384;0,9874940169631162;nao;nao;-0,755475993480902;-6,730067163614232;5,219115176652429;;4,5821237062539195;Bom;1_3s / 2of3_2s / R_4s / 3_1s;3;1;Uma medicao em cada um dos 3 niveis por evento de CQ;20,919633500532214;5,427758309951021;Excelente;1_3s / 2of3_2s / R_4s;3;1;Uma medicao em cada um dos 3 niveis por evento de CQ;14,391333060908005;4,474312812058257;Bom;1_3s / 2of3_2s / R_4s / 3_1s;3;1;Uma medicao em cada um dos 3 niveis por evento de CQ;21,751933769344205;5,544060687411425;Excelente;1_3s / 2of3_2s / R_4s;3;1;Uma medicao em cada um dos 3 niveis por evento de CQ;13,493478528247403;5,64192025258589;Excelente;1_3s / 2of3_2s / R_4s;3;1;Uma medicao em cada um dos 3 niveis por evento de CQ;12,738002534766501;5,331926150338035;Excelente;1_3s / 2of3_2s / R_4s;3;1;Uma medicao em cada um dos 3 niveis por evento de CQ;15,131157480339747;4,7698190431232455;4,745879437376659;4,343327939020097;4,805916478286669;1,0;6,4539504218774795;10,02513465565417;4,878476127258651;5,631125723712539;0,9265;0,08333377948507652;5,893789820346032;4,589220525418726;5,48055515744376;0,674;1,2457387823898751;8,126843510911113;15;3;8,181630965765711;-1,6533305261415048;1,6533305261415048;-1,6533305261415052;9,172014177825949;2,3682038774598806;-6,732622676792783;3,425961624509773;1,2234559176468798;-6,917436469932985;3,6107754176499753;9,013931234577706;2,393154945573245;0,0;0,367197062423501;9,716208475285889;2,1190878101851998;0,23783417604609722;0,7919623751697793;nao;nao;sim;nao;0;-3.333 | 0.728 | -2.355;1,2585759769214546;15;14;-0,025543319144334276;-0,09697357691494402;0,045886938626275464;1,0274360882081146;0,9581569161687907;1,0967152602474384;0,9874940169631162;nao;nao;-0,755475993480902;-6,730067163614232;5,219115176652429;;4,5821237062539195;Bom;1_3s / 2of3_2s / R_4s / 3_1s;3;1;Uma medicao em cada um dos 3 niveis por evento de CQ;20,919633500532214;5,427758309951021;Excelente;1_3s / 2of3_2s / R_4s;3;1;Uma medicao em cada um dos 3 niveis por evento de CQ;14,391333060908005;4,474312812058257;Bom;1_3s / 2of3_2s / R_4s / 3_1s;3;1;Uma medicao em cada um dos 3 niveis por evento de CQ;21,751933769344205;5,544060687411425;Excelente;1_3s / 2of3_2s / R_4s;3;1;Uma medicao em cada um dos 3 niveis por evento de CQ;13,493478528247403;5,64192025258589;Excelente;1_3s / 2of3_2s / R_4s;3;1;Uma medicao em cada um dos 3 niveis por evento de CQ;12,738002534766501;5,331926150338035;Excelente;1_3s / 2of3_2s / R_4s;3;1;Uma medicao em cada um dos 3 niveis por evento de CQ;15,131157480339747;4,7698190431232455;4,745879437376659;4,355271550730917;4,806518235537775;1,0;6,44930485497451;9,932929954898597;4,846514129831792;5,631140370238339;0,9195;0,0832207082833923;6,140536489582115;4,6446620063308135;5,470775356727016;0,664;1,3212388589470896;7,698835193099371
hematologia;EO#;3;CAP;2025;6,956651446935486;43,55563301720578;1,9358823529411762;5,084917984071613;Excelente;15;3;8,181630965765711;-1,6533305261415048;1,6533305261415048;-1,6533305261415052;9,172014177825949;2,3682038774598806;-6,732622676792783;3,425961624509773;1,2234559176468798;-6,917436469932985;3,6107754176499753;9,013931234577706;2,393154945573245;0,0;0,367197062423501;9,716208475285889;2,1190878101851998;0,23783417604609722;0,7919623751697793;nao;nao;sim;nao;0;-3.333 | 0.728 | -2.355;1,3966789265496449;15;14;-0,025543319144334276;-0,09697357691494402;0,045886938626275464;1,0274360882081146;0,9581569161687907;1,0967152602474384;0,9874940169631162;nao;nao;1,4241423198886975;-3,1439835923719146;5,99226823214931;;5,084917984071613;Excelente;1_3s / 2of3_2s / R_4s;3;1;Uma medicao em cada um dos 3 niveis por evento de CQ;19,660105853209263;6,023343674854214;Classe mundial;1_3s;3;1;Uma medicao em cada um dos 3 niveis por evento de CQ;13,131805413585056;4,965277051194542;Bom;1_3s / 2of3_2s / R_4s / 3_1s;3;1;Uma medicao em cada um dos 3 niveis por evento de CQ;20,492406122021258;6,056288865223608;Classe mundial;1_3s;3;1;Uma medicao em cada um dos 3 niveis por evento de CQ;12,902617207332248;6,261005506664088;Classe mundial;1_3s;3;1;Uma medicao em cada um dos 3 niveis por evento de CQ;11,478474887443552;5,916995897468063;Excelente;1_3s / 2of3_2s / R_4s;3;1;Uma medicao em cada um dos 3 niveis por evento de CQ;13,871629833016797;5,293209041921183;5,266642554502639;4,8199192696828765;5,333267431656672;0,739;6,4539504218774795;10,02513465565417;5,4137890167618465;6,249026499217656;0,459;0,08333377948507652;5,893789820346032;5,092793533863422;6,0819338955747275;0,925;1,2457387823898751;8,126843510911113;15;3;8,181630965765711;-1,6533305261415048;1,6533305261415048;-1,6533305261415052;9,172014177825949;2,3682038774598806;-6,732622676792783;3,425961624509773;1,2234559176468798;-6,917436469932985;3,6107754176499753;9,013931234577706;2,393154945573245;0,0;0,367197062423501;9,716208475285889;2,1190878101851998;0,23783417604609722;0,7919623751697793;nao;nao;sim;nao;0;-3.333 | 0.728 | -2.355;1,3966789265496449;15;14;-0,025543319144334276;-0,09697357691494402;0,045886938626275464;1,0274360882081146;0,9581569161687907;1,0967152602474384;0,9874940169631162;nao;nao;1,4241423198886975;-3,1439835923719146;5,99226823214931;;5,084917984071613;Excelente;1_3s / 2of3_2s / R_4s;3;1;Uma medicao em cada um dos 3 niveis por evento de CQ;19,660105853209263;6,023343674854214;Classe mundial;1_3s;3;1;Uma medicao em cada um dos 3 niveis por evento de CQ;13,131805413585056;4,965277051194542;Bom;1_3s / 2of3_2s / R_4s / 3_1s;3;1;Uma medicao em cada um dos 3 niveis por evento de CQ;20,492406122021258;6,056288865223608;Classe mundial;1_3s;3;1;Uma medicao em cada um dos 3 niveis por evento de CQ;12,902617207332248;6,261005506664088;Classe mundial;1_3s;3;1;Uma medicao em cada um dos 3 niveis por evento de CQ;11,478474887443552;5,916995897468063;Excelente;1_3s / 2of3_2s / R_4s;3;1;Uma medicao em cada um dos 3 niveis por evento de CQ;13,871629833016797;5,293209041921183;5,266642554502639;4,833173448285742;5,333935219447739;0,728;6,44930485497451;9,932929954898597;5,378319844399506;6,2490427528998405;0,4665;0,0832207082833923;6,140536489582115;5,1543185823837545;6,071080961927969;0,9215;1,3212388589470896;7,698835193099371
hematologia;BASO#;1;CAP;2025;3,9812929041766116;26,2487335922151;0,1454;6,05222547016957;Classe mundial;15;3;2,1530512733520344;-0,9376268133959055;0,9376268133959055;-0,9376268133959056;2,5178356707677083;0,650102374758021;-2,33195773256066;0,45670410576884923;0,18229240963809384;-1,7219677473378572;-0,1532858794539539;2,606915305207136;0,972422277831131;0,0;-0,6622516556291397;2,7042564417277744;0,315739715327337;0,06816048698626088;0,934469547121586;nao;sim;nao;nao;0;-1.272 | -0.896 | -0.645;0,6792407659559159;15;13;0,008279560303265432;0,0013016092121738328;0,015257511394357031;0,9620458355856909;0,9461798828974866;0,9779117882738952;0,999242993670975;sim;sim;1,8989166419703416;-1,7246139503000557;5,5224472342407385;;6,05222547016957;Classe mundial;1_3s;3;1;Uma medicao em cada um dos 3 niveis por evento de CQ;8,722184565243444;6,357509328757587;Classe mundial;1_3s;3;1;Uma medicao em cada um dos 3 niveis por evento de CQ;7,506760105287314;5,938226313920862;Excelente;1_3s / 2of3_2s / R_4s;3;1;Uma medicao em cada um dos 3 niveis por evento de CQ;9,176048597098545;6,116057656722609;Classe mundial;1_3s;3;1;Uma medicao em cada um dos 3 niveis por evento de CQ;8,46804993386175;6,5930174503560455;Classe mundial;1_3s;3;1;Uma medicao em cada um dos 3 niveis por evento de CQ;6,569133291891409;6,348769588860851;Classe mundial;1_3s;3;1;Uma medicao em cada um dos 3 niveis por evento de CQ;7,54155556972254;6,007288696233409;6,1605027399886145;5,8665152452530105;6,234359611121923;0,717;1,4279219103701237;2,892418074045371;6,046750997742927;6,577941433978053;0,9875;0,060022037028954325;2,1748467515783383;5,975468908562784;6,474777672680886;0,963;0,4707471878495321;2,458641627426123;15;3;2,1530512733520344;-0,9376268133959055;0,9376268133959055;-0,9376268133959056;2,5178356707677083;0,650102374758021;-2,33195773256066;0,45670410576884923;0,18229240963809384;-1,7219677473378572;-0,1532858794539539;2,606915305207136;0,972422277831131;0,0;-0,6622516556291397;2,7042564417277744;0,315739715327337;0,06816048698626088;0,934469547121586;nao;sim;nao;nao;0;-1.272 | -0.896 | -0.645;0,6792407659559159;15;13;0,008279560303265432;0,0013016092121738328;0,015257511394357031;0,9620458355856909;0,9461798828974866;0,9779117882738952;0,999242993670975;sim;sim;1,8989166419703416;-1,7246139503000557;5,5224472342407385;;6,05222547016957;Classe mundial;1_3s;3;1;Uma medicao em cada um dos 3 niveis por evento de CQ;8,722184565243444;6,357509328757587;Classe mundial;1_3s;3;1;Uma medicao em cada um dos 3 niveis por evento de CQ;7,506760105287314;5,938226313920862;Excelente;1_3s / 2of3_2s / R_4s;3;1;Uma medicao em cada um dos 3 niveis por evento de CQ;9,176048597098545;6,116057656722609;Classe mundial;1_3s;3;1;Uma medicao em cada um dos 3 niveis por evento de CQ;8,46804993386175;6,5930174503560455;Classe mundial;1_3s;3;1;Uma medicao em cada um dos 3 niveis por evento de CQ;6,569133291891409;6,348769588860851;Classe mundial;1_3s;3;1;Uma medicao em cada um dos 3 niveis por evento de CQ;7,54155556972254;6,007288696233409;6,1605027399886145;5,861543473257365;6,236551028518288;0,7075;1,419197235839894;2,9122121546128206;6,061880661007222;6,581043851383247;0,992;0,04767040462785987;2,114611130581617;5,988883873115702;6,489224824876689;0,967;0,4132288433268256;2,4052327242418134
hematologia;BASO#;2;CAP;2025;3,2659707511486493;26,2487335922151;0,32686274509803925;7,377801013799208;Classe mundial;15;3;2,1530512733520344;-0,9376268133959055;0,9376268133959055;-0,9376268133959056;2,5178356707677083;0,650102374758021;-2,33195773256066;0,45670410576884923;0,18229240963809384;-1,7219677473378572;-0,1532858794539539;2,606915305207136;0,972422277831131;0,0;-0,6622516556291397;2,7042564417277744;0,315739715327337;0,06816048698626088;0,934469547121586;nao;sim;nao;nao;0;-1.272 | -0.896 | -0.645;0,8280100000211824;15;13;0,008279560303265432;0,0013016092121738328;0,015257511394357031;0,9620458355856909;0,9461798828974866;0,9779117882738952;0,999242993670975;sim;sim;-1,262377596400686;-2,5075006848581496;-0,017254507943222475;;7,377801013799208;Classe mundial;1_3s;3;1;Uma medicao em cada um dos 3 niveis por evento de CQ;7,541903012747305;7,749949006713309;Classe mundial;1_3s;3;1;Uma medicao em cada um dos 3 niveis por evento de CQ;6,326478552791176;7,23883343985646;Classe mundial;1_3s;3;1;Uma medicao em cada um dos 3 niveis por evento de CQ;7,995767044602407;7,650514318607004;Classe mundial;1_3s;3;1;Uma medicao em cada um dos 3 niveis por evento de CQ;6,651229335795957;8,037038783333672;Classe mundial;1_3s;3;1;Uma medicao em cada um dos 3 niveis por evento de CQ;5,388851739395271;7,739295064260521;Classe mundial;1_3s;3;1;Uma medicao em cada um dos 3 niveis por evento de CQ;6,361274017226402;7,323022060513817;7,5097934775598105;7,151416010065387;7,599826689542593;1,0;1,4279219103701237;2,892418074045371;7,371127506934935;8,018660775199999;1,0;0,060022037028954325;2,1748467515783383;7,284233012932509;7,892901795063349;1,0;0,4707471878495321;2,458641627426123;15;3;2,1530512733520344;-0,9376268133959055;0,9376268133959055;-0,9376268133959056;2,5178356707677083;0,650102374758021;-2,33195773256066;0,45670410576884923;0,18229240963809384;-1,7219677473378572;-0,1532858794539539;2,606915305207136;0,972422277831131;0,0;-0,6622516556291397;2,7042564417277744;0,315739715327337;0,06816048698626088;0,934469547121586;nao;sim;nao;nao;0;-1.272 | -0.896 | -0.645;0,8280100000211824;15;13;0,008279560303265432;0,0013016092121738328;0,015257511394357031;0,9620458355856909;0,9461798828974866;0,9779117882738952;0,999242993670975;sim;sim;-1,262377596400686;-2,5075006848581496;-0,017254507943222475;;7,377801013799208;Classe mundial;1_3s;3;1;Uma medicao em cada um dos 3 niveis por evento de CQ;7,541903012747305;7,749949006713309;Classe mundial;1_3s;3;1;Uma medicao em cada um dos 3 niveis por evento de CQ;6,326478552791176;7,23883343985646;Classe mundial;1_3s;3;1;Uma medicao em cada um dos 3 niveis por evento de CQ;7,995767044602407;7,650514318607004;Classe mundial;1_3s;3;1;Uma medicao em cada um dos 3 niveis por evento de CQ;6,651229335795957;8,037038783333672;Classe mundial;1_3s;3;1;Uma medicao em cada um dos 3 niveis por evento de CQ;5,388851739395271;7,739295064260521;Classe mundial;1_3s;3;1;Uma medicao em cada um dos 3 niveis por evento de CQ;6,361274017226402;7,323022060513817;7,5097934775598105;7,145355306502599;7,6024980773764135;1,0;1,419197235839894;2,9122121546128206;7,389570911847712;8,022442692841713;1,0;0,04767040462785987;2,114611130581617;7,300586160971427;7,910513203402655;1,0;0,4132288433268256;2,4052327242418134
hematologia;BASO#;3;CAP;2025;2,2048402610775875;26,2487335922151;0,8078431372549016;10,928538789965042;Classe mundial;15;3;2,1530512733520344;-0,9376268133959055;0,9376268133959055;-0,9376268133959056;2,5178356707677083;0,650102374758021;-2,33195773256066;0,45670410576884923;0,18229240963809384;-1,7219677473378572;-0,1532858794539539;2,606915305207136;0,972422277831131;0,0;-0,6622516556291397;2,7042564417277744;0,315739715327337;0,06816048698626088;0,934469547121586;nao;sim;nao;nao;0;-1.272 | -0.896 | -0.645;1,2265090081428864;15;13;0,008279560303265432;0,0013016092121738328;0,015257511394357031;0,9620458355856909;0,9461798828974866;0,9779117882738952;0,999242993670975;sim;sim;-2,7705194135995113;-3,78449265822018;-1,7565461689788426;;10,928538789965042;Classe mundial;1_3s;3;1;Uma medicao em cada um dos 3 niveis por evento de CQ;5,791037704130053;11,479791631911109;Classe mundial;1_3s;3;1;Uma medicao em cada um dos 3 niveis por evento de CQ;4,575613244173924;10,722689849401302;Classe mundial;1_3s;3;1;Uma medicao em cada um dos 3 niveis por evento de CQ;6,244901735985155;10,648487599342417;Classe mundial;1_3s;3;1;Uma medicao em cada um dos 3 niveis por evento de CQ;6,4085058443775305;11,905050019082275;Classe mundial;1_3s;3;1;Uma medicao em cada um dos 3 niveis por evento de CQ;3,637986430778019;11,464010232664426;Classe mundial;1_3s;3;1;Uma medicao em cada um dos 3 niveis por evento de CQ;4,6104087086091505;10,84739619548013;11,124055686868717;10,593200754940238;11,257419469342473;1,0;1,4279219103701237;2,892418074045371;10,918653503211594;11,87782716848011;1,0;0,060022037028954325;2,1748467515783383;10,789939019510589;11,691543763704182;1,0;0,4707471878495321;2,458641627426123;15;3;2,1530512733520344;-0,9376268133959055;0,9376268133959055;-0,9376268133959056;2,5178356707677083;0,650102374758021;-2,33195773256066;0,45670410576884923;0,18229240963809384;-1,7219677473378572;-0,1532858794539539;2,606915305207136;0,972422277831131;0,0;-0,6622516556291397;2,7042564417277744;0,315739715327337;0,06816048698626088;0,934469547121586;nao;sim;nao;nao;0;-1.272 | -0.896 | -0.645;1,2265090081428864;15;13;0,008279560303265432;0,0013016092121738328;0,015257511394357031;0,9620458355856909;0,9461798828974866;0,9779117882738952;0,999242993670975;sim;sim;-2,7705194135995113;-3,78449265822018;-1,7565461689788426;;10,928538789965042;Classe mundial;1_3s;3;1;Uma medicao em cada um dos 3 niveis por evento de CQ;5,791037704130053;11,479791631911109;Classe mundial;1_3s;3;1;Uma medicao em cada um dos 3 niveis por evento de CQ;4,575613244173924;10,722689849401302;Classe mundial;1_3s;3;1;Uma medicao em cada um dos 3 niveis por evento de CQ;6,244901735985155;10,648487599342417;Classe mundial;1_3s;3;1;Uma medicao em cada um dos 3 niveis por evento de CQ;6,4085058443775305;11,905050019082275;Classe mundial;1_3s;3;1;Uma medicao em cada um dos 3 niveis por evento de CQ;3,637986430778019;11,464010232664426;Classe mundial;1_3s;3;1;Uma medicao em cada um dos 3 niveis por evento de CQ;4,6104087086091505;10,84739619548013;11,124055686868717;10,584223197283622;11,261376524501637;1,0;1,419197235839894;2,9122121546128206;10,945973224308885;11,883429221662437;1,0;0,04767040462785987;2,114611130581617;10,814162499155417;11,717631070588988;1,0;0,4132288433268256;2,4052327242418134
hematologia;IG%;1;CAP;2025;3,1137901975432625;;9,982000000000001;;;15;3;3,0093784575914833;-1,8728333951120693;1,8728333951120693;-1,8728333951120695;3,233471946819851;0,8348788666974771;-3,6634704744287214;-0,08219631579541775;0,559540544471754;-4,280342046188962;0,5346752559648236;3,642227757109637;2,0331444040359;1,8728333951120693;-1,800327332242231;3,3786363497344234;0,9691526519198309;0,4114068143680932;0,6717187877405646;sim;nao;nao;nao;0;-2.899 | -0.973 | -1.747;1,0850558757619961;15;15;;;;;;;;;;;;;faixa de concentracao insuficiente (<3 niveis ou max/min < 1,5);;;;;;;8,147132283537866;;;;;;;7,010587221058452;;;;;;;8,779981583056019;;;;;;;;;;;;;;7,010587221058452;;;;;;;7,170898229982282;;;;;;;;;;;;;;;;;;0;0;;;;;;;;;;;;;;;;;;;;;;;;;;;0;;;;;;;;;;;;;;menos de 8 amostras com Xlab e Xref;;;;;;;;;;;;;;;;;;;;;;;;;;;;;;;;;;;;;;;;;;;;;;;;;;;;;;;;;;;
hematologia;IG%;2;CAP;2025;2,8478088825477608;;11,505882352941176;;;15;3;3,0093784575914833;-1,8728333951120693;1,8728333951120693;-1,8728333951120695;3,233471946819851;0,8348788666974771;-3,6634704744287214;-0,08219631579541775;0,559540544471754;-4,280342046188962;0,5346752559648236;3,642227757109637;2,0331444040359;1,8728333951120693;-1,800327332242231;3,3786363497344234;0,9691526519198309;0,4114068143680932;0,6717187877405646;sim;nao;nao;nao;0;-2.899 | -0.973 | -1.747;1,186398557304788;15;15;;;;;;;;;;;;;faixa de concentracao insuficiente (<3 niveis ou max/min < 1,5);;;;;;;7,708263113795288;;;;;;;6,571718051315874;;;;;;;8,341112413313441;;;;;;;;;;;;;;6,571718051315874;;;;;;;6,732029060239705;;;;;;;;;;;;;;;;;;0;0;;;;;;;;;;;;;;;;;;;;;;;;;;;0;;;;;;;;;;;;;;menos de 8 amostras com Xlab e Xref;;;;;;;;;;;;;;;;;;;;;;;;;;;;;;;;;;;;;;;;;;;;;;;;;;;;;;;;;;;
hematologia;IG%;3;CAP;2025;2,7446793375527183;;11,992156862745095;;;15;3;3,0093784575914833;-1,8728333951120693;1,8728333951120693;-1,8728333951120695;3,233471946819851;0,8348788666974771;-3,6634704744287214;-0,08219631579541775;0,559540544471754;-4,280342046188962;0,5346752559648236;3,642227757109637;2,0331444040359;1,8728333951120693;-1,800327332242231;3,3786363497344234;0,9691526519198309;0,4114068143680932;0,6717187877405646;sim;nao;nao;nao;0;-2.899 | -0.973 | -1.747;1,2309767132021223;15;15;;;;;;;;;;;;;faixa de concentracao insuficiente (<3 niveis ou max/min < 1,5);;;;;;;7,538099364553469;;;;;;;6,401554302074055;;;;;;;8,170948664071622;;;;;;;;;;;;;;6,401554302074055;;;;;;;6,561865310997885;;;;;;;;;;;;;;;;;;0;0;;;;;;;;;;;;;;;;;;;;;;;;;;;0;;;;;;;;;;;;;;menos de 8 amostras com Xlab e Xref;;;;;;;;;;;;;;;;;;;;;;;;;;;;;;;;;;;;;;;;;;;;;;;;;;;;;;;;;;;
hematologia;IG#;1;CAP;2025;3,3774437125778953;;0,30360000000000015;;;15;3;4,327279918777167;-3,575510874050375;3,575510874050375;-3,575510874050376;3,9353508628699148;1,0161032235585445;-5,754835541489111;-1,3961862066116413;0,650174557589105;-6,372986209074787;-0,7780355390259639;5,219080250716345;3,691846681692626;3,575510874050375;-3,559127439724458;4,124479776634343;1,1261353675329469;0,3727458730340332;0,6965429484117397;sim;sim;nao;nao;0;-4.836 | -3.222 | -2.669;1,2211838679278118;15;15;0,01162140701060621;-0,01730678069644968;0,040549594717662105;0,9516464767453634;0,9250984631475051;0,9781944903432217;0,9978369827264618;sim;nao;-1,007484403656609;-8,593853013488358;6,57888420617514;;;;;;;;9,900062044530694;;;;;;;9,148292999803902;;;;;;;10,791862376469872;;;;;;;6,580266529410136;;;;;;;9,148292999803902;;;;;;;9,264628807446153;;;;;;;;;;;;;;;;;;0;0;;;;;;;;;;;;;;;;;;;;;;;;;;;0;;;;;;;;;;;;;;menos de 8 amostras com Xlab e Xref;;;;;;;;;;;;;;;;;;;;;;;;;;;;;;;;;;;;;;;;;;;;;;;;;;;;;;;;;;;
hematologia;IG#;2;CAP;2025;3,6586117591150775;;0,7798039215686273;;;15;3;4,327279918777167;-3,575510874050375;3,575510874050375;-3,575510874050376;3,9353508628699148;1,0161032235585445;-5,754835541489111;-1,3961862066116413;0,650174557589105;-6,372986209074787;-0,7780355390259639;5,219080250716345;3,691846681692626;3,575510874050375;-3,559127439724458;4,124479776634343;1,1261353675329469;0,3727458730340332;0,6965429484117397;sim;sim;nao;nao;0;-4.836 | -3.222 | -2.669;1,12733464171447;15;15;0,01162140701060621;-0,01730678069644968;0,040549594717662105;0,9516464767453634;0,9250984631475051;0,9781944903432217;0,9978369827264618;sim;nao;-3,3450537145988917;-5,609007122209831;-1,0811003069879526;;;;;;;;10,363989321317046;;;;;;;9,612220276590254;;;;;;;11,255789653256222;;;;;;;9,38176311713877;;;;;;;9,612220276590254;;;;;;;9,728556084232505;;;;;;;;;;;;;;;;;;0;0;;;;;;;;;;;;;;;;;;;;;;;;;;;0;;;;;;;;;;;;;;menos de 8 amostras com Xlab e Xref;;;;;;;;;;;;;;;;;;;;;;;;;;;;;;;;;;;;;;;;;;;;;;;;;;;;;;;;;;;
hematologia;IG#;3;CAP;2025;2,984972518099031;;2,009411764705882;;;15;3;4,327279918777167;-3,575510874050375;3,575510874050375;-3,575510874050376;3,9353508628699148;1,0161032235585445;-5,754835541489111;-1,3961862066116413;0,650174557589105;-6,372986209074787;-0,7780355390259639;5,219080250716345;3,691846681692626;3,575510874050375;-3,559127439724458;4,124479776634343;1,1261353675329469;0,3727458730340332;0,6965429484117397;sim;sim;nao;nao;0;-4.836 | -3.222 | -2.669;1,3817479898478269;15;15;0,01162140701060621;-0,01730678069644968;0,040549594717662105;0,9516464767453634;0,9250984631475051;0,9781944903432217;0,9978369827264618;sim;nao;-4,257003615919442;-5,998805073231074;-2,51520215860781;;;;;;;;9,252484573640569;;;;;;;8,500715528913776;;;;;;;10,144284905579747;;;;;;;9,182208270782844;;;;;;;8,500715528913776;;;;;;;8,617051336556028;;;;;;;;;;;;;;;;;;0;0;;;;;;;;;;;;;;;;;;;;;;;;;;;0;;;;;;;;;;;;;;menos de 8 amostras com Xlab e Xref;;;;;;;;;;;;;;;;;;;;;;;;;;;;;;;;;;;;;;;;;;;;;;;;;;;;;;;;;;;
hematologia;NRBC%;1;CAP;2025;8,503089794762849;;5,139999999999998;;;15;3;45,92958705912515;-23,146461788126032;23,146461788126032;-23,146461788126032;68,01982671104612;17,562643737586402;-60,81458628114433;14,521662704892265;17,085891619751447;-96,66112000605305;50,36819642980099;69,67071884268553;33,46063475478258;0,0;-3,0303030303030374;68,32271754204064;29,593632378024807;0,9380722506761341;0,4182872179404656;nao;nao;sim;nao;6;11.009 | -41.147 | -39.301;8,035045988120858;15;13;-0,06689282570373312;-0,3148757053515594;0,18109005394409314;1,0232315132346717;0,9675888912960832;1,07887413517326;0,9918305567651867;nao;nao;1,021734480982082;-2,5328229688173285;4,576291930781492;;;;;;;;59,95968522048385;;;;;;;37,176559949484734;;;;;;;83,70081700404423;;;;;;;15,05183264234078;;;;;;;14,0300981613587;;;;;;;47,49073291614128;;;;;;;;;;;;;;;;;;0;0;;;;;;;;;;;;;;;;;;;;;;;;;;;0;;;;;;;;;;;;;;menos de 8 amostras com Xlab e Xref;;;;;;;;;;;;;;;;;;;;;;;;;;;;;;;;;;;;;;;;;;;;;;;;;;;;;;;;;;;
hematologia;NRBC%;2;CAP;2025;6,0118176362749125;;6,001960784313725;;;15;3;45,92958705912515;-23,146461788126032;23,146461788126032;-23,146461788126032;68,01982671104612;17,562643737586402;-60,81458628114433;14,521662704892265;17,085891619751447;-96,66112000605305;50,36819642980099;69,67071884268553;33,46063475478258;0,0;-3,0303030303030374;68,32271754204064;29,593632378024807;0,9380722506761341;0,4182872179404656;nao;nao;sim;nao;6;11.009 | -41.147 | -39.301;11,364735538514317;15;13;-0,06689282570373312;-0,3148757053515594;0,18109005394409314;1,0232315132346717;0,9675888912960832;1,07887413517326;0,9918305567651867;nao;nao;1,2086351160544275;-2,313298493779467;4,730568725888322;;;;;;;;55,84908615897875;;;;;;;33,065960887979635;;;;;;;79,59021794253914;;;;;;;11,128134215908032;;;;;;;9,919499099853605;;;;;;;43,380133854636185;;;;;;;;;;;;;;;;;;0;0;;;;;;;;;;;;;;;;;;;;;;;;;;;0;;;;;;;;;;;;;;menos de 8 amostras com Xlab e Xref;;;;;;;;;;;;;;;;;;;;;;;;;;;;;;;;;;;;;;;;;;;;;;;;;;;;;;;;;;;
hematologia;NRBC%;3;CAP;2025;3,200998920824969;;6,621568627450979;;;15;3;45,92958705912515;-23,146461788126032;23,146461788126032;-23,146461788126032;68,01982671104612;17,562643737586402;-60,81458628114433;14,521662704892265;17,085891619751447;-96,66112000605305;50,36819642980099;69,67071884268553;33,46063475478258;0,0;-3,0303030303030374;68,32271754204064;29,593632378024807;0,9380722506761341;0,4182872179404656;nao;nao;sim;nao;6;11.009 | -41.147 | -39.301;21,344186371806817;15;13;-0,06689282570373312;-0,3148757053515594;0,18109005394409314;1,0232315132346717;0,9675888912960832;1,07887413517326;0,9918305567651867;nao;nao;1,3129250543257949;-2,249735386958815;4,875585495610405;;;;;;;;51,21123527848634;;;;;;;28,42811000748723;;;;;;;74,95236706204673;;;;;;;6,5945732736869935;;;;;;;5,281648219361198;;;;;;;38,74228297414378;;;;;;;;;;;;;;;;;;0;0;;;;;;;;;;;;;;;;;;;;;;;;;;;0;;;;;;;;;;;;;;menos de 8 amostras com Xlab e Xref;;;;;;;;;;;;;;;;;;;;;;;;;;;;;;;;;;;;;;;;;;;;;;;;;;;;;;;;;;;
hematologia;NRBC#;1;CAP;2025;8,545133769474972;;0,1564;;;15;3;43,300343224721566;-27,63755622522278;27,63755622522278;-27,637556225222784;59,15315654075178;15,273279343862132;-60,39548244278825;5,120369992342685;13,51557936706737;-85,79040068308069;30,515288232635136;63,47958239403744;33,60321837796708;0,0;-6,474820143884898;60,212966788350954;23,40967015749029;0,7557541508829202;0,4907547161120949;nao;nao;nao;nao;6;-0.638 | -42.274 | -40.000;7,046462748593173;15;12;-0,004854522395315974;-0,01634047435622333;0,0066314295655913805;1,0244689171193644;1,0019749990899198;1,046962835148809;0,9986589731624277;sim;nao;-0,6570228630737817;-6,839569321234141;5,525523595086577;;;;;;;;57,39981394435527;;;;;;;41,73702694485648;;;;;;;77,57905311367115;;;;;;;14,756493582707485;;;;;;;14,099470719633704;;;;;;;47,70268909760078;;;;;;;;;;;;;;;;;;0;0;;;;;;;;;;;;;;;;;;;;;;;;;;;0;;;;;;;;;;;;;;menos de 8 amostras com Xlab e Xref;;;;;;;;;;;;;;;;;;;;;;;;;;;;;;;;;;;;;;;;;;;;;;;;;;;;;;;;;;;
hematologia;NRBC#;2;CAP;2025;5,990057083060635;;0,40686274509803927;;;15;3;43,300343224721566;-27,63755622522278;27,63755622522278;-27,637556225222784;59,15315654075178;15,273279343862132;-60,39548244278825;5,120369992342685;13,51557936706737;-85,79040068308069;30,515288232635136;63,47958239403744;33,60321837796708;0,0;-6,474820143884898;60,212966788350954;23,40967015749029;0,7557541508829202;0,4907547161120949;nao;nao;nao;nao;6;-0.638 | -42.274 | -40.000;10,052152417483304;15;12;-0,004854522395315974;-0,01634047435622333;0,0066314295655913805;1,0244689171193644;1,0019749990899198;1,046962835148809;0,9986589731624277;sim;nao;1,2537319906780573;-0,9924764017656871;3,4999403831218014;;;;;;;;53,18393741177161;;;;;;;37,52115041227283;;;;;;;73,36317658108749;;;;;;;11,137326177728104;;;;;;;9,883594187050047;;;;;;;43,48681256501713;;;;;;;;;;;;;;;;;;0;0;;;;;;;;;;;;;;;;;;;;;;;;;;;0;;;;;;;;;;;;;;menos de 8 amostras com Xlab e Xref;;;;;;;;;;;;;;;;;;;;;;;;;;;;;;;;;;;;;;;;;;;;;;;;;;;;;;;;;;;
hematologia;NRBC#;3;CAP;2025;3,0668696614028375;;1,1094117647058828;;;15;3;43,300343224721566;-27,63755622522278;27,63755622522278;-27,637556225222784;59,15315654075178;15,273279343862132;-60,39548244278825;5,120369992342685;13,51557936706737;-85,79040068308069;30,515288232635136;63,47958239403744;33,60321837796708;0,0;-6,474820143884898;60,212966788350954;23,40967015749029;0,7557541508829202;0,4907547161120949;nao;nao;nao;nao;6;-0.638 | -42.274 | -40.000;19,633363473558422;15;12;-0,004854522395315974;-0,01634047435622333;0,0066314295655913805;1,0244689171193644;1,0019749990899198;1,046962835148809;0,9986589731624277;sim;nao;2,009315462093525;0,21944405300160663;3,7991868711854435;;;;;;;;48,360678166036244;;;;;;;32,69789116653746;;;;;;;68,53991733535213;;;;;;;7,069650403408207;;;;;;;5,060334941314681;;;;;;;38,66355331928176;;;;;;;;;;;;;;;;;;0;0;;;;;;;;;;;;;;;;;;;;;;;;;;;0;;;;;;;;;;;;;;menos de 8 amostras com Xlab e Xref;;;;;;;;;;;;;;;;;;;;;;;;;;;;;;;;;;;;;;;;;;;;;;;;;;;;;;;;;;;
hematologia;RDW-SD;1;CAP;;1,0258657073203667;3,6654153790683175;47,995999999999995;;;0;0;;;;;;;;;;;;;;;;;;;;;;;;;;;0;;;;;;;;;;;;;;menos de 8 amostras com Xlab e Xref;;;;;;;;;;;;;;;;;;;;;;;;;;;;;;;;;;;;;;;;;;;;;;;;;;;;;;;;;;;;0;0;;;;;;;;;;;;;;;;;;;;;;;;;;;0;;;;;;;;;;;;;;menos de 8 amostras com Xlab e Xref;;;;;;;;;;;;;;;;;;;;;;;;;;;;;;;;;;;;;;;;;;;;;;;;;;;;;;;;;;;
hematologia;RDW-SD;2;CAP;;0,8688388589025909;3,6654153790683175;47,37647058823528;;;0;0;;;;;;;;;;;;;;;;;;;;;;;;;;;0;;;;;;;;;;;;;;menos de 8 amostras com Xlab e Xref;;;;;;;;;;;;;;;;;;;;;;;;;;;;;;;;;;;;;;;;;;;;;;;;;;;;;;;;;;;;0;0;;;;;;;;;;;;;;;;;;;;;;;;;;;0;;;;;;;;;;;;;;menos de 8 amostras com Xlab e Xref;;;;;;;;;;;;;;;;;;;;;;;;;;;;;;;;;;;;;;;;;;;;;;;;;;;;;;;;;;;
hematologia;RDW-SD;3;CAP;;1,761059341146207;3,6654153790683175;45,32549019607842;;;0;0;;;;;;;;;;;;;;;;;;;;;;;;;;;0;;;;;;;;;;;;;;menos de 8 amostras com Xlab e Xref;;;;;;;;;;;;;;;;;;;;;;;;;;;;;;;;;;;;;;;;;;;;;;;;;;;;;;;;;;;;0;0;;;;;;;;;;;;;;;;;;;;;;;;;;;0;;;;;;;;;;;;;;menos de 8 amostras com Xlab e Xref;;;;;;;;;;;;;;;;;;;;;;;;;;;;;;;;;;;;;;;;;;;;;;;;;;;;;;;;;;;
hematologia;RDW-CV;1;CAP;2025;1,275009656547703;;19,188;;;15;3;1,0230825608704939;0,8764396574954741;0,8764396574954741;0,8764396574954741;0,8596541469161226;0,22196174630028578;0,40037905880363234;1,3525002561873158;0,29223732328026614;-0,3809560592510389;2,133835374241987;1,2074289663248097;0,9689952422312577;0,8764396574954741;0,9421265141319015;0,8053981385418832;0,506169891789352;1,9748830333250498;0,18136837844106096;sim;nao;nao;nao;0;1.371 | 0.359 | 0.899;0,6316800303478723;15;14;;;;;;;;;;;;;faixa de concentracao insuficiente (<3 niveis ou max/min < 1,5);;;;;;;3,1268484941742036;;;;;;;2,9802055907991836;;;;;;;3,311194899628519;;;;;;;;;;;;;;2,9802055907991836;;;;;;;3,0727611755349673;;;;;;;;;;;;;;;;;;15;3;1,0230825608704939;0,8764396574954741;0,8764396574954741;0,8764396574954741;0,8596541469161226;0,22196174630028578;0,40037905880363234;1,3525002561873158;0,29223732328026614;-0,3809560592510389;2,133835374241987;1,2074289663248097;0,9689952422312577;0,8764396574954741;0,9421265141319015;0,8053981385418832;0,506169891789352;1,9748830333250498;0,18136837844106096;sim;nao;nao;nao;0;1.371 | 0.359 | 0.899;0,6316800303478723;15;14;;;;;;;;;;;;;faixa de concentracao insuficiente (<3 niveis ou max/min < 1,5);;;;;;;3,1268484941742036;;;;;;;2,9802055907991836;;;;;;;3,311194899628519;;;;;;;;;;;;;;2,9802055907991836;;;;;;;3,0727611755349673;;;;;;;;;;;;;;;;;
hematologia;RDW-CV;2;CAP;2025;0,720917192937737;;17,53725490196079;;;15;3;1,0230825608704939;0,8764396574954741;0,8764396574954741;0,8764396574954741;0,8596541469161226;0,22196174630028578;0,40037905880363234;1,3525002561873158;0,29223732328026614;-0,3809560592510389;2,133835374241987;1,2074289663248097;0,9689952422312577;0,8764396574954741;0,9421265141319015;0,8053981385418832;0,506169891789352;1,9748830333250498;0,18136837844106096;sim;nao;nao;nao;0;1.371 | 0.359 | 0.899;1,1171853666853004;15;14;;;;;;;;;;;;;faixa de concentracao insuficiente (<3 niveis ou max/min < 1,5);;;;;;;2,21259592921776;;;;;;;2,0659530258427403;;;;;;;2,396942334672076;;;;;;;;;;;;;;2,0659530258427403;;;;;;;2,1585086105785236;;;;;;;;;;;;;;;;;;15;3;1,0230825608704939;0,8764396574954741;0,8764396574954741;0,8764396574954741;0,8596541469161226;0,22196174630028578;0,40037905880363234;1,3525002561873158;0,29223732328026614;-0,3809560592510389;2,133835374241987;1,2074289663248097;0,9689952422312577;0,8764396574954741;0,9421265141319015;0,8053981385418832;0,506169891789352;1,9748830333250498;0,18136837844106096;sim;nao;nao;nao;0;1.371 | 0.359 | 0.899;1,1171853666853004;15;14;;;;;;;;;;;;;faixa de concentracao insuficiente (<3 niveis ou max/min < 1,5);;;;;;;2,21259592921776;;;;;;;2,0659530258427403;;;;;;;2,396942334672076;;;;;;;;;;;;;;2,0659530258427403;;;;;;;2,1585086105785236;;;;;;;;;;;;;;;;;
hematologia;RDW-CV;3;CAP;2025;0,6134810480765657;;14,349019607843129;;;15;3;1,0230825608704939;0,8764396574954741;0,8764396574954741;0,8764396574954741;0,8596541469161226;0,22196174630028578;0,40037905880363234;1,3525002561873158;0,29223732328026614;-0,3809560592510389;2,133835374241987;1,2074289663248097;0,9689952422312577;0,8764396574954741;0,9421265141319015;0,8053981385418832;0,506169891789352;1,9748830333250498;0,18136837844106096;sim;nao;nao;nao;0;1.371 | 0.359 | 0.899;1,3128329572152737;15;14;;;;;;;;;;;;;faixa de concentracao insuficiente (<3 niveis ou max/min < 1,5);;;;;;;2,035326290196827;;;;;;;1,8886833868218074;;;;;;;2,219672695651143;;;;;;;;;;;;;;1,8886833868218074;;;;;;;1,981238971557591;;;;;;;;;;;;;;;;;;15;3;1,0230825608704939;0,8764396574954741;0,8764396574954741;0,8764396574954741;0,8596541469161226;0,22196174630028578;0,40037905880363234;1,3525002561873158;0,29223732328026614;-0,3809560592510389;2,133835374241987;1,2074289663248097;0,9689952422312577;0,8764396574954741;0,9421265141319015;0,8053981385418832;0,506169891789352;1,9748830333250498;0,18136837844106096;sim;nao;nao;nao;0;1.371 | 0.359 | 0.899;1,3128329572152737;15;14;;;;;;;;;;;;;faixa de concentracao insuficiente (<3 niveis ou max/min < 1,5);;;;;;;2,035326290196827;;;;;;;1,8886833868218074;;;;;;;2,219672695651143;;;;;;;;;;;;;;1,8886833868218074;;;;;;;1,981238971557591;;;;;;;;;;;;;;;;;
hematologia;MPV;1;CAP;2025;3,513697671940894;5,474090449176622;8,72;0,7372961553279881;Desempenho inadequado;15;3;2,883454664669698;-2,802153851661567;2,802153851661567;-2,802153851661567;1,5096874345746472;0,3897996194724138;-3,638190886461426;-1,9661168168617085;0,531357226574024;-5,0883994730523945;-0,5159082302707398;3,158999622531395;2,901163079326399;2,802153851661567;-2,922755741127342;1,397556529405369;0,920337713395097;2,1683314791544133;0,1570751130747441;sim;sim;nao;nao;0;-1.741 | -3.384 | -3.281;0,39774524159142793;15;13;;;;;;;;;;;;;faixa de concentracao insuficiente (<3 niveis ou max/min < 1,5);0,7372961553279881;Desempenho inadequado;1_3s / 2of3_2s / R_4s / 3_1s / 6x;;;CQ estatistico isolado pode ser insuficiente - investigar e melhorar o desempenho analitico ou reavaliar o metodo;8,681055823372173;0,7604344047161951;Desempenho inadequado;1_3s / 2of3_2s / R_4s / 3_1s / 6x;;;CQ estatistico isolado pode ser insuficiente - investigar e melhorar o desempenho analitico ou reavaliar o metodo;8,599755010364042;0,6588759315101854;Desempenho inadequado;1_3s / 2of3_2s / R_4s / 3_1s / 6x;;;CQ estatistico isolado pode ser insuficiente - investigar e melhorar o desempenho analitico ou reavaliar o metodo;8,95660078123387;;;;;;;;0,7604344047161951;Desempenho inadequado;1_3s / 2of3_2s / R_4s / 3_1s / 6x;;;CQ estatistico isolado pode ser insuficiente - investigar e melhorar o desempenho analitico ou reavaliar o metodo;8,599755010364042;0,7322563322384508;Desempenho inadequado;1_3s / 2of3_2s / R_4s / 3_1s / 6x;;;CQ estatistico isolado pode ser insuficiente - investigar e melhorar o desempenho analitico ou reavaliar o metodo;8,698764238028875;0,5224978737857895;0,1097678321058224;0,582912767329072;0,9098286358972297;1,0;2,2772276893593655;3,425911215667836;0,5849341281071072;0,9497287373786631;1,0;2,137030795673848;3,4188087650079018;0,559149803252362;0,8919736685883451;1,0;2,339964646425174;3,509407087222588;15;3;2,883454664669698;-2,802153851661567;2,802153851661567;-2,802153851661567;1,5096874345746472;0,3897996194724138;-3,638190886461426;-1,9661168168617085;0,531357226574024;-5,0883994730523945;-0,5159082302707398;3,158999622531395;2,901163079326399;2,802153851661567;-2,922755741127342;1,397556529405369;0,920337713395097;2,1683314791544133;0,1570751130747441;sim;sim;nao;nao;0;-1.741 | -3.384 | -3.281;0,39774524159142793;15;13;;;;;;;;;;;;;faixa de concentracao insuficiente (<3 niveis ou max/min < 1,5);0,7372961553279881;Desempenho inadequado;1_3s / 2of3_2s / R_4s / 3_1s / 6x;;;CQ estatistico isolado pode ser insuficiente - investigar e melhorar o desempenho analitico ou reavaliar o metodo;8,681055823372173;0,7604344047161951;Desempenho inadequado;1_3s / 2of3_2s / R_4s / 3_1s / 6x;;;CQ estatistico isolado pode ser insuficiente - investigar e melhorar o desempenho analitico ou reavaliar o metodo;8,599755010364042;0,6588759315101854;Desempenho inadequado;1_3s / 2of3_2s / R_4s / 3_1s / 6x;;;CQ estatistico isolado pode ser insuficiente - investigar e melhorar o desempenho analitico ou reavaliar o metodo;8,95660078123387;;;;;;;;0,7604344047161951;Desempenho inadequado;1_3s / 2of3_2s / R_4s / 3_1s / 6x;;;CQ estatistico isolado pode ser insuficiente - investigar e melhorar o desempenho analitico ou reavaliar o metodo;8,599755010364042;0,7322563322384508;Desempenho inadequado;1_3s / 2of3_2s / R_4s / 3_1s / 6x;;;CQ estatistico isolado pode ser insuficiente - investigar e melhorar o desempenho analitico ou reavaliar o metodo;8,698764238028875;0,5224978737857895;0,1097678321058224;0,5738798575750753;0,895134330919091;1,0;2,3288590345518414;3,4576501296413076;0,5801647923493233;0,935914751308802;1,0;2,185568966367743;3,435566768956732;0,555697762729118;0,8762696956996306;1,0;2,3951436594044737;3,5215365139725563
hematologia;MPV;2;CAP;2025;1,7793840616536876;5,474090449176622;9,301960784313723;1,4559171571421694;Desempenho inadequado;15;3;2,883454664669698;-2,802153851661567;2,802153851661567;-2,802153851661567;1,5096874345746472;0,3897996194724138;-3,638190886461426;-1,9661168168617085;0,531357226574024;-5,0883994730523945;-0,5159082302707398;3,158999622531395;2,901163079326399;2,802153851661567;-2,922755741127342;1,397556529405369;0,920337713395097;2,1683314791544133;0,1570751130747441;sim;sim;nao;nao;0;-1.741 | -3.384 | -3.281;0,7854158972889397;15;13;;;;;;;;;;;;;faixa de concentracao insuficiente (<3 niveis ou max/min < 1,5);1,4559171571421694;Desempenho inadequado;1_3s / 2of3_2s / R_4s / 3_1s / 6x;;;CQ estatistico isolado pode ser insuficiente - investigar e melhorar o desempenho analitico ou reavaliar o metodo;5,819438366398282;1,5016075815762138;Desempenho inadequado;1_3s / 2of3_2s / R_4s / 3_1s / 6x;;;CQ estatistico isolado pode ser insuficiente - investigar e melhorar o desempenho analitico ou reavaliar o metodo;5,7381375533901515;1,3010630344152205;Desempenho inadequado;1_3s / 2of3_2s / R_4s / 3_1s / 6x;;;CQ estatistico isolado pode ser insuficiente - investigar e melhorar o desempenho analitico ou reavaliar o metodo;6,09498332425998;;;;;;;;1,5016075815762138;Desempenho inadequado;1_3s / 2of3_2s / R_4s / 3_1s / 6x;;;CQ estatistico isolado pode ser insuficiente - investigar e melhorar o desempenho analitico ou reavaliar o metodo;5,7381375533901515;1,4459651658670292;Desempenho inadequado;1_3s / 2of3_2s / R_4s / 3_1s / 6x;;;CQ estatistico isolado pode ser insuficiente - investigar e melhorar o desempenho analitico ou reavaliar o metodo;5,837146781054983;1,0317612719364166;0,21675532811380893;1,1510607955009384;1,7966120011473077;1,0;2,2772276893593655;3,425911215667836;1,155052317518582;1,8754015647422655;1,0;2,137030795673848;3,4188087650079018;1,1041367652400664;1,7613543193360501;1,0;2,339964646425174;3,509407087222588;15;3;2,883454664669698;-2,802153851661567;2,802153851661567;-2,802153851661567;1,5096874345746472;0,3897996194724138;-3,638190886461426;-1,9661168168617085;0,531357226574024;-5,0883994730523945;-0,5159082302707398;3,158999622531395;2,901163079326399;2,802153851661567;-2,922755741127342;1,397556529405369;0,920337713395097;2,1683314791544133;0,1570751130747441;sim;sim;nao;nao;0;-1.741 | -3.384 | -3.281;0,7854158972889397;15;13;;;;;;;;;;;;;faixa de concentracao insuficiente (<3 niveis ou max/min < 1,5);1,4559171571421694;Desempenho inadequado;1_3s / 2of3_2s / R_4s / 3_1s / 6x;;;CQ estatistico isolado pode ser insuficiente - investigar e melhorar o desempenho analitico ou reavaliar o metodo;5,819438366398282;1,5016075815762138;Desempenho inadequado;1_3s / 2of3_2s / R_4s / 3_1s / 6x;;;CQ estatistico isolado pode ser insuficiente - investigar e melhorar o desempenho analitico ou reavaliar o metodo;5,7381375533901515;1,3010630344152205;Desempenho inadequado;1_3s / 2of3_2s / R_4s / 3_1s / 6x;;;CQ estatistico isolado pode ser insuficiente - investigar e melhorar o desempenho analitico ou reavaliar o metodo;6,09498332425998;;;;;;;;1,5016075815762138;Desempenho inadequado;1_3s / 2of3_2s / R_4s / 3_1s / 6x;;;CQ estatistico isolado pode ser insuficiente - investigar e melhorar o desempenho analitico ou reavaliar o metodo;5,7381375533901515;1,4459651658670292;Desempenho inadequado;1_3s / 2of3_2s / R_4s / 3_1s / 6x;;;CQ estatistico isolado pode ser insuficiente - investigar e melhorar o desempenho analitico ou reavaliar o metodo;5,837146781054983;1,0317612719364166;0,21675532811380893;1,1332237727594996;1,767595586813186;1,0;2,3288590345518414;3,4576501296413076;1,145634449667582;1,848123490413115;1,0;2,185568966367743;3,435566768956732;1,0973201217669897;1,7303441433046778;1,0;2,3951436594044737;3,5215365139725563
hematologia;MPV;3;CAP;2025;0,9885983803380642;5,474090449176622;8,931372549019606;2,6205138871672253;Desempenho inadequado;15;3;2,883454664669698;-2,802153851661567;2,802153851661567;-2,802153851661567;1,5096874345746472;0,3897996194724138;-3,638190886461426;-1,9661168168617085;0,531357226574024;-5,0883994730523945;-0,5159082302707398;3,158999622531395;2,901163079326399;2,802153851661567;-2,922755741127342;1,397556529405369;0,920337713395097;2,1683314791544133;0,1570751130747441;sim;sim;nao;nao;0;-1.741 | -3.384 | -3.281;1,4136747107834184;15;13;;;;;;;;;;;;;faixa de concentracao insuficiente (<3 niveis ou max/min < 1,5);2,6205138871672253;Desempenho inadequado;1_3s / 2of3_2s / R_4s / 3_1s / 6x;;;CQ estatistico isolado pode ser insuficiente - investigar e melhorar o desempenho analitico ou reavaliar o metodo;4,514641992227504;2,7027523518714958;Desempenho inadequado;1_3s / 2of3_2s / R_4s / 3_1s / 6x;;;CQ estatistico isolado pode ser insuficiente - investigar e melhorar o desempenho analitico ou reavaliar o metodo;4,433341179219373;2,3417910373811766;Desempenho inadequado;1_3s / 2of3_2s / R_4s / 3_1s / 6x;;;CQ estatistico isolado pode ser insuficiente - investigar e melhorar o desempenho analitico ou reavaliar o metodo;4,7901869500892005;;;;;;;;2,7027523518714958;Desempenho inadequado;1_3s / 2of3_2s / R_4s / 3_1s / 6x;;;CQ estatistico isolado pode ser insuficiente - investigar e melhorar o desempenho analitico ou reavaliar o metodo;4,433341179219373;2,6026012393125466;Desempenho inadequado;1_3s / 2of3_2s / R_4s / 3_1s / 6x;;;CQ estatistico isolado pode ser insuficiente - investigar e melhorar o desempenho analitico ou reavaliar o metodo;4,5323504068842055;1,8570732050839347;0,3901391948389952;2,0718011219160433;3,233732548422795;0,9025;2,2772276893593655;3,425911215667836;2,0789854859623467;3,3755463491267523;0,8145;2,137030795673848;3,4188087650079018;1,9873422828006089;3,1702720387622847;0,925;2,339964646425174;3,509407087222588;15;3;2,883454664669698;-2,802153851661567;2,802153851661567;-2,802153851661567;1,5096874345746472;0,3897996194724138;-3,638190886461426;-1,9661168168617085;0,531357226574024;-5,0883994730523945;-0,5159082302707398;3,158999622531395;2,901163079326399;2,802153851661567;-2,922755741127342;1,397556529405369;0,920337713395097;2,1683314791544133;0,1570751130747441;sim;sim;nao;nao;0;-1.741 | -3.384 | -3.281;1,4136747107834184;15;13;;;;;;;;;;;;;faixa de concentracao insuficiente (<3 niveis ou max/min < 1,5);2,6205138871672253;Desempenho inadequado;1_3s / 2of3_2s / R_4s / 3_1s / 6x;;;CQ estatistico isolado pode ser insuficiente - investigar e melhorar o desempenho analitico ou reavaliar o metodo;4,514641992227504;2,7027523518714958;Desempenho inadequado;1_3s / 2of3_2s / R_4s / 3_1s / 6x;;;CQ estatistico isolado pode ser insuficiente - investigar e melhorar o desempenho analitico ou reavaliar o metodo;4,433341179219373;2,3417910373811766;Desempenho inadequado;1_3s / 2of3_2s / R_4s / 3_1s / 6x;;;CQ estatistico isolado pode ser insuficiente - investigar e melhorar o desempenho analitico ou reavaliar o metodo;4,7901869500892005;;;;;;;;2,7027523518714958;Desempenho inadequado;1_3s / 2of3_2s / R_4s / 3_1s / 6x;;;CQ estatistico isolado pode ser insuficiente - investigar e melhorar o desempenho analitico ou reavaliar o metodo;4,433341179219373;2,6026012393125466;Desempenho inadequado;1_3s / 2of3_2s / R_4s / 3_1s / 6x;;;CQ estatistico isolado pode ser insuficiente - investigar e melhorar o desempenho analitico ou reavaliar o metodo;4,5323504068842055;1,8570732050839347;0,3901391948389952;2,0396961593703664;3,1815057329440766;0,9025;2,3288590345518414;3,4576501296413076;2,0620342100123503;3,32644838208649;0,8195;2,185568966367743;3,435566768956732;1,9750729659665875;3,1144566398331155;0,936;2,3951436594044737;3,5215365139725563
hematologia;RET%;1;CAP;;3,393624151566952;22,797628473468187;6,0104000000000015;;;0;0;;;;;;;;;;;;;;;;;;;;;;;;;;;0;;;;;;;;;;;;;;menos de 8 amostras com Xlab e Xref;;;;;;;;;;;;;;;;;;;;;;;;;;;;;;;;;;;;;;;;;;;;;;;;;;;;;;;;;;;;0;0;;;;;;;;;;;;;;;;;;;;;;;;;;;0;;;;;;;;;;;;;;menos de 8 amostras com Xlab e Xref;;;;;;;;;;;;;;;;;;;;;;;;;;;;;;;;;;;;;;;;;;;;;;;;;;;;;;;;;;;
hematologia;RET%;2;CAP;;3,938084501572537;22,797628473468187;2,525686274509803;;;0;0;;;;;;;;;;;;;;;;;;;;;;;;;;;0;;;;;;;;;;;;;;menos de 8 amostras com Xlab e Xref;;;;;;;;;;;;;;;;;;;;;;;;;;;;;;;;;;;;;;;;;;;;;;;;;;;;;;;;;;;;0;0;;;;;;;;;;;;;;;;;;;;;;;;;;;0;;;;;;;;;;;;;;menos de 8 amostras com Xlab e Xref;;;;;;;;;;;;;;;;;;;;;;;;;;;;;;;;;;;;;;;;;;;;;;;;;;;;;;;;;;;
hematologia;RET%;3;CAP;;4,651902820740174;22,797628473468187;1,3794117647058823;;;0;0;;;;;;;;;;;;;;;;;;;;;;;;;;;0;;;;;;;;;;;;;;menos de 8 amostras com Xlab e Xref;;;;;;;;;;;;;;;;;;;;;;;;;;;;;;;;;;;;;;;;;;;;;;;;;;;;;;;;;;;;0;0;;;;;;;;;;;;;;;;;;;;;;;;;;;0;;;;;;;;;;;;;;menos de 8 amostras com Xlab e Xref;;;;;;;;;;;;;;;;;;;;;;;;;;;;;;;;;;;;;;;;;;;;;;;;;;;;;;;;;;;
hematologia;RET#;1;CAP;;3,4478624913628377;;0,14437200000000003;;;0;0;;;;;;;;;;;;;;;;;;;;;;;;;;;0;;;;;;;;;;;;;;menos de 8 amostras com Xlab e Xref;;;;;;;;;;;;;;;;;;;;;;;;;;;;;;;;;;;;;;;;;;;;;;;;;;;;;;;;;;;;0;0;;;;;;;;;;;;;;;;;;;;;;;;;;;0;;;;;;;;;;;;;;menos de 8 amostras com Xlab e Xref;;;;;;;;;;;;;;;;;;;;;;;;;;;;;;;;;;;;;;;;;;;;;;;;;;;;;;;;;;;
hematologia;RET#;2;CAP;;4,21378885717093;;0,10979019607843138;;;0;0;;;;;;;;;;;;;;;;;;;;;;;;;;;0;;;;;;;;;;;;;;menos de 8 amostras com Xlab e Xref;;;;;;;;;;;;;;;;;;;;;;;;;;;;;;;;;;;;;;;;;;;;;;;;;;;;;;;;;;;;0;0;;;;;;;;;;;;;;;;;;;;;;;;;;;0;;;;;;;;;;;;;;menos de 8 amostras com Xlab e Xref;;;;;;;;;;;;;;;;;;;;;;;;;;;;;;;;;;;;;;;;;;;;;;;;;;;;;;;;;;;
hematologia;RET#;3;CAP;;4,7706015450590336;;0,07102352941176468;;;0;0;;;;;;;;;;;;;;;;;;;;;;;;;;;0;;;;;;;;;;;;;;menos de 8 amostras com Xlab e Xref;;;;;;;;;;;;;;;;;;;;;;;;;;;;;;;;;;;;;;;;;;;;;;;;;;;;;;;;;;;;0;0;;;;;;;;;;;;;;;;;;;;;;;;;;;0;;;;;;;;;;;;;;menos de 8 amostras com Xlab e Xref;;;;;;;;;;;;;;;;;;;;;;;;;;;;;;;;;;;;;;;;;;;;;;;;;;;;;;;;;;;
hematologia;IRF;1;CAP;;15,208198685411862;;36,256;;;0;0;;;;;;;;;;;;;;;;;;;;;;;;;;;0;;;;;;;;;;;;;;menos de 8 amostras com Xlab e Xref;;;;;;;;;;;;;;;;;;;;;;;;;;;;;;;;;;;;;;;;;;;;;;;;;;;;;;;;;;;;0;0;;;;;;;;;;;;;;;;;;;;;;;;;;;0;;;;;;;;;;;;;;menos de 8 amostras com Xlab e Xref;;;;;;;;;;;;;;;;;;;;;;;;;;;;;;;;;;;;;;;;;;;;;;;;;;;;;;;;;;;
hematologia;IRF;2;CAP;;14,168842027900608;;37,80784313725489;;;0;0;;;;;;;;;;;;;;;;;;;;;;;;;;;0;;;;;;;;;;;;;;menos de 8 amostras com Xlab e Xref;;;;;;;;;;;;;;;;;;;;;;;;;;;;;;;;;;;;;;;;;;;;;;;;;;;;;;;;;;;;0;0;;;;;;;;;;;;;;;;;;;;;;;;;;;0;;;;;;;;;;;;;;menos de 8 amostras com Xlab e Xref;;;;;;;;;;;;;;;;;;;;;;;;;;;;;;;;;;;;;;;;;;;;;;;;;;;;;;;;;;;
hematologia;IRF;3;CAP;;13,268558634472212;;33,16078431372549;;;0;0;;;;;;;;;;;;;;;;;;;;;;;;;;;0;;;;;;;;;;;;;;menos de 8 amostras com Xlab e Xref;;;;;;;;;;;;;;;;;;;;;;;;;;;;;;;;;;;;;;;;;;;;;;;;;;;;;;;;;;;;0;0;;;;;;;;;;;;;;;;;;;;;;;;;;;0;;;;;;;;;;;;;;menos de 8 amostras com Xlab e Xref;;;;;;;;;;;;;;;;;;;;;;;;;;;;;;;;;;;;;;;;;;;;;;;;;;;;;;;;;;;
