"Aba";"Endereco";"Tipo";"Formula"
"Calc";"B3";"selecao";"=IF(selAnalito="""","""",IFERROR(AGGREGATE(15,6,rRUN/((rAnalito=selAnalito)*(rFirst=1)*((""""&rLote)=(""""&loteAtivo))),RC1),""""))"
"Calc";"C3";"selecao";"=IF(RC2="""","""",MAXIFS(rData,rAnalito,selAnalito,rRUN,RC2,rLote,loteAtivo,rStatus,""Ativo""))"
"Calc";"F3";"selecao";"=IF(RC2="""","""",IF(COUNTIFS(rAnalito,selAnalito,rNivel,1,rRUN,RC2,rLote,loteAtivo,rStatus,""Ativo"")=0,"""",SUMIFS(rValor,rAnalito,selAnalito,rNivel,1,rRUN,RC2,rLote,loteAtivo,rStatus,""Ativo"")))"
"Calc";"AB3";"selecao";"=IF(RC2="""","""",IF(COUNTIFS(rAnalito,selAnalito,rNivel,2,rRUN,RC2,rLote,loteAtivo,rStatus,""Ativo"")=0,"""",SUMIFS(rValor,rAnalito,selAnalito,rNivel,2,rRUN,RC2,rLote,loteAtivo,rStatus,""Ativo"")))"
"Calc";"AX3";"selecao";"=IF(RC2="""","""",IF(COUNTIFS(rAnalito,selAnalito,rNivel,3,rRUN,RC2,rLote,loteAtivo,rStatus,""Ativo"")=0,"""",SUMIFS(rValor,rAnalito,selAnalito,rNivel,3,rRUN,RC2,rLote,loteAtivo,rStatus,""Ativo"")))"
"Calc";"B4";"selecao";"=IF(selAnalito="""","""",IFERROR(AGGREGATE(15,6,rRUN/((rAnalito=selAnalito)*(rFirst=1)*((""""&rLote)=(""""&loteAtivo))),RC1),""""))"
"Calc";"C4";"selecao";"=IF(RC2="""","""",MAXIFS(rData,rAnalito,selAnalito,rRUN,RC2,rLote,loteAtivo,rStatus,""Ativo""))"
"Calc";"F4";"selecao";"=IF(RC2="""","""",IF(COUNTIFS(rAnalito,selAnalito,rNivel,1,rRUN,RC2,rLote,loteAtivo,rStatus,""Ativo"")=0,"""",SUMIFS(rValor,rAnalito,selAnalito,rNivel,1,rRUN,RC2,rLote,loteAtivo,rStatus,""Ativo"")))"
"Calc";"AB4";"selecao";"=IF(RC2="""","""",IF(COUNTIFS(rAnalito,selAnalito,rNivel,2,rRUN,RC2,rLote,loteAtivo,rStatus,""Ativo"")=0,"""",SUMIFS(rValor,rAnalito,selAnalito,rNivel,2,rRUN,RC2,rLote,loteAtivo,rStatus,""Ativo"")))"
"Calc";"AX4";"selecao";"=IF(RC2="""","""",IF(COUNTIFS(rAnalito,selAnalito,rNivel,3,rRUN,RC2,rLote,loteAtivo,rStatus,""Ativo"")=0,"""",SUMIFS(rValor,rAnalito,selAnalito,rNivel,3,rRUN,RC2,rLote,loteAtivo,rStatus,""Ativo"")))"
"Calc";"B5";"selecao";"=IF(selAnalito="""","""",IFERROR(AGGREGATE(15,6,rRUN/((rAnalito=selAnalito)*(rFirst=1)*((""""&rLote)=(""""&loteAtivo))),RC1),""""))"
"Calc";"C5";"selecao";"=IF(RC2="""","""",MAXIFS(rData,rAnalito,selAnalito,rRUN,RC2,rLote,loteAtivo,rStatus,""Ativo""))"
"Calc";"F5";"selecao";"=IF(RC2="""","""",IF(COUNTIFS(rAnalito,selAnalito,rNivel,1,rRUN,RC2,rLote,loteAtivo,rStatus,""Ativo"")=0,"""",SUMIFS(rValor,rAnalito,selAnalito,rNivel,1,rRUN,RC2,rLote,loteAtivo,rStatus,""Ativo"")))"
"Calc";"AB5";"selecao";"=IF(RC2="""","""",IF(COUNTIFS(rAnalito,selAnalito,rNivel,2,rRUN,RC2,rLote,loteAtivo,rStatus,""Ativo"")=0,"""",SUMIFS(rValor,rAnalito,selAnalito,rNivel,2,rRUN,RC2,rLote,loteAtivo,rStatus,""Ativo"")))"
"Calc";"AX5";"selecao";"=IF(RC2="""","""",IF(COUNTIFS(rAnalito,selAnalito,rNivel,3,rRUN,RC2,rLote,loteAtivo,rStatus,""Ativo"")=0,"""",SUMIFS(rValor,rAnalito,selAnalito,rNivel,3,rRUN,RC2,rLote,loteAtivo,rStatus,""Ativo"")))"
"Calc";"B6";"selecao";"=IF(selAnalito="""","""",IFERROR(AGGREGATE(15,6,rRUN/((rAnalito=selAnalito)*(rFirst=1)*((""""&rLote)=(""""&loteAtivo))),RC1),""""))"
"Calc";"C6";"selecao";"=IF(RC2="""","""",MAXIFS(rData,rAnalito,selAnalito,rRUN,RC2,rLote,loteAtivo,rStatus,""Ativo""))"
"Calc";"F6";"selecao";"=IF(RC2="""","""",IF(COUNTIFS(rAnalito,selAnalito,rNivel,1,rRUN,RC2,rLote,loteAtivo,rStatus,""Ativo"")=0,"""",SUMIFS(rValor,rAnalito,selAnalito,rNivel,1,rRUN,RC2,rLote,loteAtivo,rStatus,""Ativo"")))"
"Calc";"AB6";"selecao";"=IF(RC2="""","""",IF(COUNTIFS(rAnalito,selAnalito,rNivel,2,rRUN,RC2,rLote,loteAtivo,rStatus,""Ativo"")=0,"""",SUMIFS(rValor,rAnalito,selAnalito,rNivel,2,rRUN,RC2,rLote,loteAtivo,rStatus,""Ativo"")))"
"Calc";"AX6";"selecao";"=IF(RC2="""","""",IF(COUNTIFS(rAnalito,selAnalito,rNivel,3,rRUN,RC2,rLote,loteAtivo,rStatus,""Ativo"")=0,"""",SUMIFS(rValor,rAnalito,selAnalito,rNivel,3,rRUN,RC2,rLote,loteAtivo,rStatus,""Ativo"")))"
"Calc";"B7";"selecao";"=IF(selAnalito="""","""",IFERROR(AGGREGATE(15,6,rRUN/((rAnalito=selAnalito)*(rFirst=1)*((""""&rLote)=(""""&loteAtivo))),RC1),""""))"
"Calc";"C7";"selecao";"=IF(RC2="""","""",MAXIFS(rData,rAnalito,selAnalito,rRUN,RC2,rLote,loteAtivo,rStatus,""Ativo""))"
"Calc";"F7";"selecao";"=IF(RC2="""","""",IF(COUNTIFS(rAnalito,selAnalito,rNivel,1,rRUN,RC2,rLote,loteAtivo,rStatus,""Ativo"")=0,"""",SUMIFS(rValor,rAnalito,selAnalito,rNivel,1,rRUN,RC2,rLote,loteAtivo,rStatus,""Ativo"")))"
"Calc";"AB7";"selecao";"=IF(RC2="""","""",IF(COUNTIFS(rAnalito,selAnalito,rNivel,2,rRUN,RC2,rLote,loteAtivo,rStatus,""Ativo"")=0,"""",SUMIFS(rValor,rAnalito,selAnalito,rNivel,2,rRUN,RC2,rLote,loteAtivo,rStatus,""Ativo"")))"
"Calc";"AX7";"selecao";"=IF(RC2="""","""",IF(COUNTIFS(rAnalito,selAnalito,rNivel,3,rRUN,RC2,rLote,loteAtivo,rStatus,""Ativo"")=0,"""",SUMIFS(rValor,rAnalito,selAnalito,rNivel,3,rRUN,RC2,rLote,loteAtivo,rStatus,""Ativo"")))"
"Calc";"B8";"selecao";"=IF(selAnalito="""","""",IFERROR(AGGREGATE(15,6,rRUN/((rAnalito=selAnalito)*(rFirst=1)*((""""&rLote)=(""""&loteAtivo))),RC1),""""))"
"Calc";"C8";"selecao";"=IF(RC2="""","""",MAXIFS(rData,rAnalito,selAnalito,rRUN,RC2,rLote,loteAtivo,rStatus,""Ativo""))"
"Calc";"F8";"selecao";"=IF(RC2="""","""",IF(COUNTIFS(rAnalito,selAnalito,rNivel,1,rRUN,RC2,rLote,loteAtivo,rStatus,""Ativo"")=0,"""",SUMIFS(rValor,rAnalito,selAnalito,rNivel,1,rRUN,RC2,rLote,loteAtivo,rStatus,""Ativo"")))"
"Calc";"AB8";"selecao";"=IF(RC2="""","""",IF(COUNTIFS(rAnalito,selAnalito,rNivel,2,rRUN,RC2,rLote,loteAtivo,rStatus,""Ativo"")=0,"""",SUMIFS(rValor,rAnalito,selAnalito,rNivel,2,rRUN,RC2,rLote,loteAtivo,rStatus,""Ativo"")))"
"Calc";"AX8";"selecao";"=IF(RC2="""","""",IF(COUNTIFS(rAnalito,selAnalito,rNivel,3,rRUN,RC2,rLote,loteAtivo,rStatus,""Ativo"")=0,"""",SUMIFS(rValor,rAnalito,selAnalito,rNivel,3,rRUN,RC2,rLote,loteAtivo,rStatus,""Ativo"")))"
"Calc";"B9";"selecao";"=IF(selAnalito="""","""",IFERROR(AGGREGATE(15,6,rRUN/((rAnalito=selAnalito)*(rFirst=1)*((""""&rLote)=(""""&loteAtivo))),RC1),""""))"
"Calc";"C9";"selecao";"=IF(RC2="""","""",MAXIFS(rData,rAnalito,selAnalito,rRUN,RC2,rLote,loteAtivo,rStatus,""Ativo""))"
"Calc";"F9";"selecao";"=IF(RC2="""","""",IF(COUNTIFS(rAnalito,selAnalito,rNivel,1,rRUN,RC2,rLote,loteAtivo,rStatus,""Ativo"")=0,"""",SUMIFS(rValor,rAnalito,selAnalito,rNivel,1,rRUN,RC2,rLote,loteAtivo,rStatus,""Ativo"")))"
"Calc";"AB9";"selecao";"=IF(RC2="""","""",IF(COUNTIFS(rAnalito,selAnalito,rNivel,2,rRUN,RC2,rLote,loteAtivo,rStatus,""Ativo"")=0,"""",SUMIFS(rValor,rAnalito,selAnalito,rNivel,2,rRUN,RC2,rLote,loteAtivo,rStatus,""Ativo"")))"
"Calc";"AX9";"selecao";"=IF(RC2="""","""",IF(COUNTIFS(rAnalito,selAnalito,rNivel,3,rRUN,RC2,rLote,loteAtivo,rStatus,""Ativo"")=0,"""",SUMIFS(rValor,rAnalito,selAnalito,rNivel,3,rRUN,RC2,rLote,loteAtivo,rStatus,""Ativo"")))"
"Calc";"B10";"selecao";"=IF(selAnalito="""","""",IFERROR(AGGREGATE(15,6,rRUN/((rAnalito=selAnalito)*(rFirst=1)*((""""&rLote)=(""""&loteAtivo))),RC1),""""))"
"Calc";"C10";"selecao";"=IF(RC2="""","""",MAXIFS(rData,rAnalito,selAnalito,rRUN,RC2,rLote,loteAtivo,rStatus,""Ativo""))"
"Calc";"F10";"selecao";"=IF(RC2="""","""",IF(COUNTIFS(rAnalito,selAnalito,rNivel,1,rRUN,RC2,rLote,loteAtivo,rStatus,""Ativo"")=0,"""",SUMIFS(rValor,rAnalito,selAnalito,rNivel,1,rRUN,RC2,rLote,loteAtivo,rStatus,""Ativo"")))"
"Calc";"AB10";"selecao";"=IF(RC2="""","""",IF(COUNTIFS(rAnalito,selAnalito,rNivel,2,rRUN,RC2,rLote,loteAtivo,rStatus,""Ativo"")=0,"""",SUMIFS(rValor,rAnalito,selAnalito,rNivel,2,rRUN,RC2,rLote,loteAtivo,rStatus,""Ativo"")))"
"Calc";"AX10";"selecao";"=IF(RC2="""","""",IF(COUNTIFS(rAnalito,selAnalito,rNivel,3,rRUN,RC2,rLote,loteAtivo,rStatus,""Ativo"")=0,"""",SUMIFS(rValor,rAnalito,selAnalito,rNivel,3,rRUN,RC2,rLote,loteAtivo,rStatus,""Ativo"")))"
"Calc";"B11";"selecao";"=IF(selAnalito="""","""",IFERROR(AGGREGATE(15,6,rRUN/((rAnalito=selAnalito)*(rFirst=1)*((""""&rLote)=(""""&loteAtivo))),RC1),""""))"
"Calc";"C11";"selecao";"=IF(RC2="""","""",MAXIFS(rData,rAnalito,selAnalito,rRUN,RC2,rLote,loteAtivo,rStatus,""Ativo""))"
"Calc";"F11";"selecao";"=IF(RC2="""","""",IF(COUNTIFS(rAnalito,selAnalito,rNivel,1,rRUN,RC2,rLote,loteAtivo,rStatus,""Ativo"")=0,"""",SUMIFS(rValor,rAnalito,selAnalito,rNivel,1,rRUN,RC2,rLote,loteAtivo,rStatus,""Ativo"")))"
"Calc";"AB11";"selecao";"=IF(RC2="""","""",IF(COUNTIFS(rAnalito,selAnalito,rNivel,2,rRUN,RC2,rLote,loteAtivo,rStatus,""Ativo"")=0,"""",SUMIFS(rValor,rAnalito,selAnalito,rNivel,2,rRUN,RC2,rLote,loteAtivo,rStatus,""Ativo"")))"
"Calc";"AX11";"selecao";"=IF(RC2="""","""",IF(COUNTIFS(rAnalito,selAnalito,rNivel,3,rRUN,RC2,rLote,loteAtivo,rStatus,""Ativo"")=0,"""",SUMIFS(rValor,rAnalito,selAnalito,rNivel,3,rRUN,RC2,rLote,loteAtivo,rStatus,""Ativo"")))"
"Calc";"B12";"selecao";"=IF(selAnalito="""","""",IFERROR(AGGREGATE(15,6,rRUN/((rAnalito=selAnalito)*(rFirst=1)*((""""&rLote)=(""""&loteAtivo))),RC1),""""))"
"Calc";"C12";"selecao";"=IF(RC2="""","""",MAXIFS(rData,rAnalito,selAnalito,rRUN,RC2,rLote,loteAtivo,rStatus,""Ativo""))"
"Calc";"F12";"selecao";"=IF(RC2="""","""",IF(COUNTIFS(rAnalito,selAnalito,rNivel,1,rRUN,RC2,rLote,loteAtivo,rStatus,""Ativo"")=0,"""",SUMIFS(rValor,rAnalito,selAnalito,rNivel,1,rRUN,RC2,rLote,loteAtivo,rStatus,""Ativo"")))"
"Calc";"AB12";"selecao";"=IF(RC2="""","""",IF(COUNTIFS(rAnalito,selAnalito,rNivel,2,rRUN,RC2,rLote,loteAtivo,rStatus,""Ativo"")=0,"""",SUMIFS(rValor,rAnalito,selAnalito,rNivel,2,rRUN,RC2,rLote,loteAtivo,rStatus,""Ativo"")))"
"Calc";"AX12";"selecao";"=IF(RC2="""","""",IF(COUNTIFS(rAnalito,selAnalito,rNivel,3,rRUN,RC2,rLote,loteAtivo,rStatus,""Ativo"")=0,"""",SUMIFS(rValor,rAnalito,selAnalito,rNivel,3,rRUN,RC2,rLote,loteAtivo,rStatus,""Ativo"")))"
"Calc";"B13";"selecao";"=IF(selAnalito="""","""",IFERROR(AGGREGATE(15,6,rRUN/((rAnalito=selAnalito)*(rFirst=1)*((""""&rLote)=(""""&loteAtivo))),RC1),""""))"
"Calc";"C13";"selecao";"=IF(RC2="""","""",MAXIFS(rData,rAnalito,selAnalito,rRUN,RC2,rLote,loteAtivo,rStatus,""Ativo""))"
"Calc";"F13";"selecao";"=IF(RC2="""","""",IF(COUNTIFS(rAnalito,selAnalito,rNivel,1,rRUN,RC2,rLote,loteAtivo,rStatus,""Ativo"")=0,"""",SUMIFS(rValor,rAnalito,selAnalito,rNivel,1,rRUN,RC2,rLote,loteAtivo,rStatus,""Ativo"")))"
"Calc";"AB13";"selecao";"=IF(RC2="""","""",IF(COUNTIFS(rAnalito,selAnalito,rNivel,2,rRUN,RC2,rLote,loteAtivo,rStatus,""Ativo"")=0,"""",SUMIFS(rValor,rAnalito,selAnalito,rNivel,2,rRUN,RC2,rLote,loteAtivo,rStatus,""Ativo"")))"
"Calc";"AX13";"selecao";"=IF(RC2="""","""",IF(COUNTIFS(rAnalito,selAnalito,rNivel,3,rRUN,RC2,rLote,loteAtivo,rStatus,""Ativo"")=0,"""",SUMIFS(rValor,rAnalito,selAnalito,rNivel,3,rRUN,RC2,rLote,loteAtivo,rStatus,""Ativo"")))"
"Calc";"B14";"selecao";"=IF(selAnalito="""","""",IFERROR(AGGREGATE(15,6,rRUN/((rAnalito=selAnalito)*(rFirst=1)*((""""&rLote)=(""""&loteAtivo))),RC1),""""))"
"Calc";"C14";"selecao";"=IF(RC2="""","""",MAXIFS(rData,rAnalito,selAnalito,rRUN,RC2,rLote,loteAtivo,rStatus,""Ativo""))"
"Calc";"F14";"selecao";"=IF(RC2="""","""",IF(COUNTIFS(rAnalito,selAnalito,rNivel,1,rRUN,RC2,rLote,loteAtivo,rStatus,""Ativo"")=0,"""",SUMIFS(rValor,rAnalito,selAnalito,rNivel,1,rRUN,RC2,rLote,loteAtivo,rStatus,""Ativo"")))"
"Calc";"AB14";"selecao";"=IF(RC2="""","""",IF(COUNTIFS(rAnalito,selAnalito,rNivel,2,rRUN,RC2,rLote,loteAtivo,rStatus,""Ativo"")=0,"""",SUMIFS(rValor,rAnalito,selAnalito,rNivel,2,rRUN,RC2,rLote,loteAtivo,rStatus,""Ativo"")))"
"Calc";"AX14";"selecao";"=IF(RC2="""","""",IF(COUNTIFS(rAnalito,selAnalito,rNivel,3,rRUN,RC2,rLote,loteAtivo,rStatus,""Ativo"")=0,"""",SUMIFS(rValor,rAnalito,selAnalito,rNivel,3,rRUN,RC2,rLote,loteAtivo,rStatus,""Ativo"")))"
"Calc";"B15";"selecao";"=IF(selAnalito="""","""",IFERROR(AGGREGATE(15,6,rRUN/((rAnalito=selAnalito)*(rFirst=1)*((""""&rLote)=(""""&loteAtivo))),RC1),""""))"
"Calc";"C15";"selecao";"=IF(RC2="""","""",MAXIFS(rData,rAnalito,selAnalito,rRUN,RC2,rLote,loteAtivo,rStatus,""Ativo""))"
"Calc";"F15";"selecao";"=IF(RC2="""","""",IF(COUNTIFS(rAnalito,selAnalito,rNivel,1,rRUN,RC2,rLote,loteAtivo,rStatus,""Ativo"")=0,"""",SUMIFS(rValor,rAnalito,selAnalito,rNivel,1,rRUN,RC2,rLote,loteAtivo,rStatus,""Ativo"")))"
"Calc";"AB15";"selecao";"=IF(RC2="""","""",IF(COUNTIFS(rAnalito,selAnalito,rNivel,2,rRUN,RC2,rLote,loteAtivo,rStatus,""Ativo"")=0,"""",SUMIFS(rValor,rAnalito,selAnalito,rNivel,2,rRUN,RC2,rLote,loteAtivo,rStatus,""Ativo"")))"
"Calc";"AX15";"selecao";"=IF(RC2="""","""",IF(COUNTIFS(rAnalito,selAnalito,rNivel,3,rRUN,RC2,rLote,loteAtivo,rStatus,""Ativo"")=0,"""",SUMIFS(rValor,rAnalito,selAnalito,rNivel,3,rRUN,RC2,rLote,loteAtivo,rStatus,""Ativo"")))"
"Calc";"B16";"selecao";"=IF(selAnalito="""","""",IFERROR(AGGREGATE(15,6,rRUN/((rAnalito=selAnalito)*(rFirst=1)*((""""&rLote)=(""""&loteAtivo))),RC1),""""))"
"Calc";"C16";"selecao";"=IF(RC2="""","""",MAXIFS(rData,rAnalito,selAnalito,rRUN,RC2,rLote,loteAtivo,rStatus,""Ativo""))"
"Calc";"F16";"selecao";"=IF(RC2="""","""",IF(COUNTIFS(rAnalito,selAnalito,rNivel,1,rRUN,RC2,rLote,loteAtivo,rStatus,""Ativo"")=0,"""",SUMIFS(rValor,rAnalito,selAnalito,rNivel,1,rRUN,RC2,rLote,loteAtivo,rStatus,""Ativo"")))"
"Calc";"AB16";"selecao";"=IF(RC2="""","""",IF(COUNTIFS(rAnalito,selAnalito,rNivel,2,rRUN,RC2,rLote,loteAtivo,rStatus,""Ativo"")=0,"""",SUMIFS(rValor,rAnalito,selAnalito,rNivel,2,rRUN,RC2,rLote,loteAtivo,rStatus,""Ativo"")))"
"Calc";"AX16";"selecao";"=IF(RC2="""","""",IF(COUNTIFS(rAnalito,selAnalito,rNivel,3,rRUN,RC2,rLote,loteAtivo,rStatus,""Ativo"")=0,"""",SUMIFS(rValor,rAnalito,selAnalito,rNivel,3,rRUN,RC2,rLote,loteAtivo,rStatus,""Ativo"")))"
"Calc";"B17";"selecao";"=IF(selAnalito="""","""",IFERROR(AGGREGATE(15,6,rRUN/((rAnalito=selAnalito)*(rFirst=1)*((""""&rLote)=(""""&loteAtivo))),RC1),""""))"
"Calc";"C17";"selecao";"=IF(RC2="""","""",MAXIFS(rData,rAnalito,selAnalito,rRUN,RC2,rLote,loteAtivo,rStatus,""Ativo""))"
"Calc";"F17";"selecao";"=IF(RC2="""","""",IF(COUNTIFS(rAnalito,selAnalito,rNivel,1,rRUN,RC2,rLote,loteAtivo,rStatus,""Ativo"")=0,"""",SUMIFS(rValor,rAnalito,selAnalito,rNivel,1,rRUN,RC2,rLote,loteAtivo,rStatus,""Ativo"")))"
"Calc";"AB17";"selecao";"=IF(RC2="""","""",IF(COUNTIFS(rAnalito,selAnalito,rNivel,2,rRUN,RC2,rLote,loteAtivo,rStatus,""Ativo"")=0,"""",SUMIFS(rValor,rAnalito,selAnalito,rNivel,2,rRUN,RC2,rLote,loteAtivo,rStatus,""Ativo"")))"
"Calc";"AX17";"selecao";"=IF(RC2="""","""",IF(COUNTIFS(rAnalito,selAnalito,rNivel,3,rRUN,RC2,rLote,loteAtivo,rStatus,""Ativo"")=0,"""",SUMIFS(rValor,rAnalito,selAnalito,rNivel,3,rRUN,RC2,rLote,loteAtivo,rStatus,""Ativo"")))"
"Calc";"B18";"selecao";"=IF(selAnalito="""","""",IFERROR(AGGREGATE(15,6,rRUN/((rAnalito=selAnalito)*(rFirst=1)*((""""&rLote)=(""""&loteAtivo))),RC1),""""))"
"Calc";"C18";"selecao";"=IF(RC2="""","""",MAXIFS(rData,rAnalito,selAnalito,rRUN,RC2,rLote,loteAtivo,rStatus,""Ativo""))"
"Calc";"F18";"selecao";"=IF(RC2="""","""",IF(COUNTIFS(rAnalito,selAnalito,rNivel,1,rRUN,RC2,rLote,loteAtivo,rStatus,""Ativo"")=0,"""",SUMIFS(rValor,rAnalito,selAnalito,rNivel,1,rRUN,RC2,rLote,loteAtivo,rStatus,""Ativo"")))"
"Calc";"AB18";"selecao";"=IF(RC2="""","""",IF(COUNTIFS(rAnalito,selAnalito,rNivel,2,rRUN,RC2,rLote,loteAtivo,rStatus,""Ativo"")=0,"""",SUMIFS(rValor,rAnalito,selAnalito,rNivel,2,rRUN,RC2,rLote,loteAtivo,rStatus,""Ativo"")))"
"Calc";"AX18";"selecao";"=IF(RC2="""","""",IF(COUNTIFS(rAnalito,selAnalito,rNivel,3,rRUN,RC2,rLote,loteAtivo,rStatus,""Ativo"")=0,"""",SUMIFS(rValor,rAnalito,selAnalito,rNivel,3,rRUN,RC2,rLote,loteAtivo,rStatus,""Ativo"")))"
"Calc";"B19";"selecao";"=IF(selAnalito="""","""",IFERROR(AGGREGATE(15,6,rRUN/((rAnalito=selAnalito)*(rFirst=1)*((""""&rLote)=(""""&loteAtivo))),RC1),""""))"
"Calc";"C19";"selecao";"=IF(RC2="""","""",MAXIFS(rData,rAnalito,selAnalito,rRUN,RC2,rLote,loteAtivo,rStatus,""Ativo""))"
"Calc";"F19";"selecao";"=IF(RC2="""","""",IF(COUNTIFS(rAnalito,selAnalito,rNivel,1,rRUN,RC2,rLote,loteAtivo,rStatus,""Ativo"")=0,"""",SUMIFS(rValor,rAnalito,selAnalito,rNivel,1,rRUN,RC2,rLote,loteAtivo,rStatus,""Ativo"")))"
"Calc";"AB19";"selecao";"=IF(RC2="""","""",IF(COUNTIFS(rAnalito,selAnalito,rNivel,2,rRUN,RC2,rLote,loteAtivo,rStatus,""Ativo"")=0,"""",SUMIFS(rValor,rAnalito,selAnalito,rNivel,2,rRUN,RC2,rLote,loteAtivo,rStatus,""Ativo"")))"
"Calc";"AX19";"selecao";"=IF(RC2="""","""",IF(COUNTIFS(rAnalito,selAnalito,rNivel,3,rRUN,RC2,rLote,loteAtivo,rStatus,""Ativo"")=0,"""",SUMIFS(rValor,rAnalito,selAnalito,rNivel,3,rRUN,RC2,rLote,loteAtivo,rStatus,""Ativo"")))"
"Calc";"B20";"selecao";"=IF(selAnalito="""","""",IFERROR(AGGREGATE(15,6,rRUN/((rAnalito=selAnalito)*(rFirst=1)*((""""&rLote)=(""""&loteAtivo))),RC1),""""))"
"Calc";"C20";"selecao";"=IF(RC2="""","""",MAXIFS(rData,rAnalito,selAnalito,rRUN,RC2,rLote,loteAtivo,rStatus,""Ativo""))"
"Calc";"F20";"selecao";"=IF(RC2="""","""",IF(COUNTIFS(rAnalito,selAnalito,rNivel,1,rRUN,RC2,rLote,loteAtivo,rStatus,""Ativo"")=0,"""",SUMIFS(rValor,rAnalito,selAnalito,rNivel,1,rRUN,RC2,rLote,loteAtivo,rStatus,""Ativo"")))"
"Calc";"AB20";"selecao";"=IF(RC2="""","""",IF(COUNTIFS(rAnalito,selAnalito,rNivel,2,rRUN,RC2,rLote,loteAtivo,rStatus,""Ativo"")=0,"""",SUMIFS(rValor,rAnalito,selAnalito,rNivel,2,rRUN,RC2,rLote,loteAtivo,rStatus,""Ativo"")))"
"Calc";"AX20";"selecao";"=IF(RC2="""","""",IF(COUNTIFS(rAnalito,selAnalito,rNivel,3,rRUN,RC2,rLote,loteAtivo,rStatus,""Ativo"")=0,"""",SUMIFS(rValor,rAnalito,selAnalito,rNivel,3,rRUN,RC2,rLote,loteAtivo,rStatus,""Ativo"")))"
"Calc";"B21";"selecao";"=IF(selAnalito="""","""",IFERROR(AGGREGATE(15,6,rRUN/((rAnalito=selAnalito)*(rFirst=1)*((""""&rLote)=(""""&loteAtivo))),RC1),""""))"
"Calc";"C21";"selecao";"=IF(RC2="""","""",MAXIFS(rData,rAnalito,selAnalito,rRUN,RC2,rLote,loteAtivo,rStatus,""Ativo""))"
"Calc";"F21";"selecao";"=IF(RC2="""","""",IF(COUNTIFS(rAnalito,selAnalito,rNivel,1,rRUN,RC2,rLote,loteAtivo,rStatus,""Ativo"")=0,"""",SUMIFS(rValor,rAnalito,selAnalito,rNivel,1,rRUN,RC2,rLote,loteAtivo,rStatus,""Ativo"")))"
"Calc";"AB21";"selecao";"=IF(RC2="""","""",IF(COUNTIFS(rAnalito,selAnalito,rNivel,2,rRUN,RC2,rLote,loteAtivo,rStatus,""Ativo"")=0,"""",SUMIFS(rValor,rAnalito,selAnalito,rNivel,2,rRUN,RC2,rLote,loteAtivo,rStatus,""Ativo"")))"
"Calc";"AX21";"selecao";"=IF(RC2="""","""",IF(COUNTIFS(rAnalito,selAnalito,rNivel,3,rRUN,RC2,rLote,loteAtivo,rStatus,""Ativo"")=0,"""",SUMIFS(rValor,rAnalito,selAnalito,rNivel,3,rRUN,RC2,rLote,loteAtivo,rStatus,""Ativo"")))"
"Calc";"B22";"selecao";"=IF(selAnalito="""","""",IFERROR(AGGREGATE(15,6,rRUN/((rAnalito=selAnalito)*(rFirst=1)*((""""&rLote)=(""""&loteAtivo))),RC1),""""))"
"Calc";"C22";"selecao";"=IF(RC2="""","""",MAXIFS(rData,rAnalito,selAnalito,rRUN,RC2,rLote,loteAtivo,rStatus,""Ativo""))"
"Calc";"F22";"selecao";"=IF(RC2="""","""",IF(COUNTIFS(rAnalito,selAnalito,rNivel,1,rRUN,RC2,rLote,loteAtivo,rStatus,""Ativo"")=0,"""",SUMIFS(rValor,rAnalito,selAnalito,rNivel,1,rRUN,RC2,rLote,loteAtivo,rStatus,""Ativo"")))"
"Calc";"AB22";"selecao";"=IF(RC2="""","""",IF(COUNTIFS(rAnalito,selAnalito,rNivel,2,rRUN,RC2,rLote,loteAtivo,rStatus,""Ativo"")=0,"""",SUMIFS(rValor,rAnalito,selAnalito,rNivel,2,rRUN,RC2,rLote,loteAtivo,rStatus,""Ativo"")))"
"Calc";"AX22";"selecao";"=IF(RC2="""","""",IF(COUNTIFS(rAnalito,selAnalito,rNivel,3,rRUN,RC2,rLote,loteAtivo,rStatus,""Ativo"")=0,"""",SUMIFS(rValor,rAnalito,selAnalito,rNivel,3,rRUN,RC2,rLote,loteAtivo,rStatus,""Ativo"")))"
"Calc";"B23";"selecao";"=IF(selAnalito="""","""",IFERROR(AGGREGATE(15,6,rRUN/((rAnalito=selAnalito)*(rFirst=1)*((""""&rLote)=(""""&loteAtivo))),RC1),""""))"
"Calc";"C23";"selecao";"=IF(RC2="""","""",MAXIFS(rData,rAnalito,selAnalito,rRUN,RC2,rLote,loteAtivo,rStatus,""Ativo""))"
"Calc";"F23";"selecao";"=IF(RC2="""","""",IF(COUNTIFS(rAnalito,selAnalito,rNivel,1,rRUN,RC2,rLote,loteAtivo,rStatus,""Ativo"")=0,"""",SUMIFS(rValor,rAnalito,selAnalito,rNivel,1,rRUN,RC2,rLote,loteAtivo,rStatus,""Ativo"")))"
"Calc";"AB23";"selecao";"=IF(RC2="""","""",IF(COUNTIFS(rAnalito,selAnalito,rNivel,2,rRUN,RC2,rLote,loteAtivo,rStatus,""Ativo"")=0,"""",SUMIFS(rValor,rAnalito,selAnalito,rNivel,2,rRUN,RC2,rLote,loteAtivo,rStatus,""Ativo"")))"
"Calc";"AX23";"selecao";"=IF(RC2="""","""",IF(COUNTIFS(rAnalito,selAnalito,rNivel,3,rRUN,RC2,rLote,loteAtivo,rStatus,""Ativo"")=0,"""",SUMIFS(rValor,rAnalito,selAnalito,rNivel,3,rRUN,RC2,rLote,loteAtivo,rStatus,""Ativo"")))"
"Calc";"B24";"selecao";"=IF(selAnalito="""","""",IFERROR(AGGREGATE(15,6,rRUN/((rAnalito=selAnalito)*(rFirst=1)*((""""&rLote)=(""""&loteAtivo))),RC1),""""))"
"Calc";"C24";"selecao";"=IF(RC2="""","""",MAXIFS(rData,rAnalito,selAnalito,rRUN,RC2,rLote,loteAtivo,rStatus,""Ativo""))"
"Calc";"F24";"selecao";"=IF(RC2="""","""",IF(COUNTIFS(rAnalito,selAnalito,rNivel,1,rRUN,RC2,rLote,loteAtivo,rStatus,""Ativo"")=0,"""",SUMIFS(rValor,rAnalito,selAnalito,rNivel,1,rRUN,RC2,rLote,loteAtivo,rStatus,""Ativo"")))"
"Calc";"AB24";"selecao";"=IF(RC2="""","""",IF(COUNTIFS(rAnalito,selAnalito,rNivel,2,rRUN,RC2,rLote,loteAtivo,rStatus,""Ativo"")=0,"""",SUMIFS(rValor,rAnalito,selAnalito,rNivel,2,rRUN,RC2,rLote,loteAtivo,rStatus,""Ativo"")))"
"Calc";"AX24";"selecao";"=IF(RC2="""","""",IF(COUNTIFS(rAnalito,selAnalito,rNivel,3,rRUN,RC2,rLote,loteAtivo,rStatus,""Ativo"")=0,"""",SUMIFS(rValor,rAnalito,selAnalito,rNivel,3,rRUN,RC2,rLote,loteAtivo,rStatus,""Ativo"")))"
"Calc";"B25";"selecao";"=IF(selAnalito="""","""",IFERROR(AGGREGATE(15,6,rRUN/((rAnalito=selAnalito)*(rFirst=1)*((""""&rLote)=(""""&loteAtivo))),RC1),""""))"
"Calc";"C25";"selecao";"=IF(RC2="""","""",MAXIFS(rData,rAnalito,selAnalito,rRUN,RC2,rLote,loteAtivo,rStatus,""Ativo""))"
"Calc";"F25";"selecao";"=IF(RC2="""","""",IF(COUNTIFS(rAnalito,selAnalito,rNivel,1,rRUN,RC2,rLote,loteAtivo,rStatus,""Ativo"")=0,"""",SUMIFS(rValor,rAnalito,selAnalito,rNivel,1,rRUN,RC2,rLote,loteAtivo,rStatus,""Ativo"")))"
"Calc";"AB25";"selecao";"=IF(RC2="""","""",IF(COUNTIFS(rAnalito,selAnalito,rNivel,2,rRUN,RC2,rLote,loteAtivo,rStatus,""Ativo"")=0,"""",SUMIFS(rValor,rAnalito,selAnalito,rNivel,2,rRUN,RC2,rLote,loteAtivo,rStatus,""Ativo"")))"
"Calc";"AX25";"selecao";"=IF(RC2="""","""",IF(COUNTIFS(rAnalito,selAnalito,rNivel,3,rRUN,RC2,rLote,loteAtivo,rStatus,""Ativo"")=0,"""",SUMIFS(rValor,rAnalito,selAnalito,rNivel,3,rRUN,RC2,rLote,loteAtivo,rStatus,""Ativo"")))"
"Calc";"B26";"selecao";"=IF(selAnalito="""","""",IFERROR(AGGREGATE(15,6,rRUN/((rAnalito=selAnalito)*(rFirst=1)*((""""&rLote)=(""""&loteAtivo))),RC1),""""))"
"Calc";"C26";"selecao";"=IF(RC2="""","""",MAXIFS(rData,rAnalito,selAnalito,rRUN,RC2,rLote,loteAtivo,rStatus,""Ativo""))"
"Calc";"F26";"selecao";"=IF(RC2="""","""",IF(COUNTIFS(rAnalito,selAnalito,rNivel,1,rRUN,RC2,rLote,loteAtivo,rStatus,""Ativo"")=0,"""",SUMIFS(rValor,rAnalito,selAnalito,rNivel,1,rRUN,RC2,rLote,loteAtivo,rStatus,""Ativo"")))"
"Calc";"AB26";"selecao";"=IF(RC2="""","""",IF(COUNTIFS(rAnalito,selAnalito,rNivel,2,rRUN,RC2,rLote,loteAtivo,rStatus,""Ativo"")=0,"""",SUMIFS(rValor,rAnalito,selAnalito,rNivel,2,rRUN,RC2,rLote,loteAtivo,rStatus,""Ativo"")))"
"Calc";"AX26";"selecao";"=IF(RC2="""","""",IF(COUNTIFS(rAnalito,selAnalito,rNivel,3,rRUN,RC2,rLote,loteAtivo,rStatus,""Ativo"")=0,"""",SUMIFS(rValor,rAnalito,selAnalito,rNivel,3,rRUN,RC2,rLote,loteAtivo,rStatus,""Ativo"")))"
"Calc";"B27";"selecao";"=IF(selAnalito="""","""",IFERROR(AGGREGATE(15,6,rRUN/((rAnalito=selAnalito)*(rFirst=1)*((""""&rLote)=(""""&loteAtivo))),RC1),""""))"
"Calc";"C27";"selecao";"=IF(RC2="""","""",MAXIFS(rData,rAnalito,selAnalito,rRUN,RC2,rLote,loteAtivo,rStatus,""Ativo""))"
"Calc";"F27";"selecao";"=IF(RC2="""","""",IF(COUNTIFS(rAnalito,selAnalito,rNivel,1,rRUN,RC2,rLote,loteAtivo,rStatus,""Ativo"")=0,"""",SUMIFS(rValor,rAnalito,selAnalito,rNivel,1,rRUN,RC2,rLote,loteAtivo,rStatus,""Ativo"")))"
"Calc";"AB27";"selecao";"=IF(RC2="""","""",IF(COUNTIFS(rAnalito,selAnalito,rNivel,2,rRUN,RC2,rLote,loteAtivo,rStatus,""Ativo"")=0,"""",SUMIFS(rValor,rAnalito,selAnalito,rNivel,2,rRUN,RC2,rLote,loteAtivo,rStatus,""Ativo"")))"
"Calc";"AX27";"selecao";"=IF(RC2="""","""",IF(COUNTIFS(rAnalito,selAnalito,rNivel,3,rRUN,RC2,rLote,loteAtivo,rStatus,""Ativo"")=0,"""",SUMIFS(rValor,rAnalito,selAnalito,rNivel,3,rRUN,RC2,rLote,loteAtivo,rStatus,""Ativo"")))"
"Calc";"B28";"selecao";"=IF(selAnalito="""","""",IFERROR(AGGREGATE(15,6,rRUN/((rAnalito=selAnalito)*(rFirst=1)*((""""&rLote)=(""""&loteAtivo))),RC1),""""))"
"Calc";"C28";"selecao";"=IF(RC2="""","""",MAXIFS(rData,rAnalito,selAnalito,rRUN,RC2,rLote,loteAtivo,rStatus,""Ativo""))"
"Calc";"F28";"selecao";"=IF(RC2="""","""",IF(COUNTIFS(rAnalito,selAnalito,rNivel,1,rRUN,RC2,rLote,loteAtivo,rStatus,""Ativo"")=0,"""",SUMIFS(rValor,rAnalito,selAnalito,rNivel,1,rRUN,RC2,rLote,loteAtivo,rStatus,""Ativo"")))"
"Calc";"AB28";"selecao";"=IF(RC2="""","""",IF(COUNTIFS(rAnalito,selAnalito,rNivel,2,rRUN,RC2,rLote,loteAtivo,rStatus,""Ativo"")=0,"""",SUMIFS(rValor,rAnalito,selAnalito,rNivel,2,rRUN,RC2,rLote,loteAtivo,rStatus,""Ativo"")))"
"Calc";"AX28";"selecao";"=IF(RC2="""","""",IF(COUNTIFS(rAnalito,selAnalito,rNivel,3,rRUN,RC2,rLote,loteAtivo,rStatus,""Ativo"")=0,"""",SUMIFS(rValor,rAnalito,selAnalito,rNivel,3,rRUN,RC2,rLote,loteAtivo,rStatus,""Ativo"")))"
"Calc";"B29";"selecao";"=IF(selAnalito="""","""",IFERROR(AGGREGATE(15,6,rRUN/((rAnalito=selAnalito)*(rFirst=1)*((""""&rLote)=(""""&loteAtivo))),RC1),""""))"
"Calc";"C29";"selecao";"=IF(RC2="""","""",MAXIFS(rData,rAnalito,selAnalito,rRUN,RC2,rLote,loteAtivo,rStatus,""Ativo""))"
"Calc";"F29";"selecao";"=IF(RC2="""","""",IF(COUNTIFS(rAnalito,selAnalito,rNivel,1,rRUN,RC2,rLote,loteAtivo,rStatus,""Ativo"")=0,"""",SUMIFS(rValor,rAnalito,selAnalito,rNivel,1,rRUN,RC2,rLote,loteAtivo,rStatus,""Ativo"")))"
"Calc";"AB29";"selecao";"=IF(RC2="""","""",IF(COUNTIFS(rAnalito,selAnalito,rNivel,2,rRUN,RC2,rLote,loteAtivo,rStatus,""Ativo"")=0,"""",SUMIFS(rValor,rAnalito,selAnalito,rNivel,2,rRUN,RC2,rLote,loteAtivo,rStatus,""Ativo"")))"
"Calc";"AX29";"selecao";"=IF(RC2="""","""",IF(COUNTIFS(rAnalito,selAnalito,rNivel,3,rRUN,RC2,rLote,loteAtivo,rStatus,""Ativo"")=0,"""",SUMIFS(rValor,rAnalito,selAnalito,rNivel,3,rRUN,RC2,rLote,loteAtivo,rStatus,""Ativo"")))"
"Calc";"B30";"selecao";"=IF(selAnalito="""","""",IFERROR(AGGREGATE(15,6,rRUN/((rAnalito=selAnalito)*(rFirst=1)*((""""&rLote)=(""""&loteAtivo))),RC1),""""))"
"Calc";"C30";"selecao";"=IF(RC2="""","""",MAXIFS(rData,rAnalito,selAnalito,rRUN,RC2,rLote,loteAtivo,rStatus,""Ativo""))"
"Calc";"F30";"selecao";"=IF(RC2="""","""",IF(COUNTIFS(rAnalito,selAnalito,rNivel,1,rRUN,RC2,rLote,loteAtivo,rStatus,""Ativo"")=0,"""",SUMIFS(rValor,rAnalito,selAnalito,rNivel,1,rRUN,RC2,rLote,loteAtivo,rStatus,""Ativo"")))"
"Calc";"AB30";"selecao";"=IF(RC2="""","""",IF(COUNTIFS(rAnalito,selAnalito,rNivel,2,rRUN,RC2,rLote,loteAtivo,rStatus,""Ativo"")=0,"""",SUMIFS(rValor,rAnalito,selAnalito,rNivel,2,rRUN,RC2,rLote,loteAtivo,rStatus,""Ativo"")))"
"Calc";"AX30";"selecao";"=IF(RC2="""","""",IF(COUNTIFS(rAnalito,selAnalito,rNivel,3,rRUN,RC2,rLote,loteAtivo,rStatus,""Ativo"")=0,"""",SUMIFS(rValor,rAnalito,selAnalito,rNivel,3,rRUN,RC2,rLote,loteAtivo,rStatus,""Ativo"")))"
"Calc";"B31";"selecao";"=IF(selAnalito="""","""",IFERROR(AGGREGATE(15,6,rRUN/((rAnalito=selAnalito)*(rFirst=1)*((""""&rLote)=(""""&loteAtivo))),RC1),""""))"
"Calc";"C31";"selecao";"=IF(RC2="""","""",MAXIFS(rData,rAnalito,selAnalito,rRUN,RC2,rLote,loteAtivo,rStatus,""Ativo""))"
"Calc";"F31";"selecao";"=IF(RC2="""","""",IF(COUNTIFS(rAnalito,selAnalito,rNivel,1,rRUN,RC2,rLote,loteAtivo,rStatus,""Ativo"")=0,"""",SUMIFS(rValor,rAnalito,selAnalito,rNivel,1,rRUN,RC2,rLote,loteAtivo,rStatus,""Ativo"")))"
"Calc";"AB31";"selecao";"=IF(RC2="""","""",IF(COUNTIFS(rAnalito,selAnalito,rNivel,2,rRUN,RC2,rLote,loteAtivo,rStatus,""Ativo"")=0,"""",SUMIFS(rValor,rAnalito,selAnalito,rNivel,2,rRUN,RC2,rLote,loteAtivo,rStatus,""Ativo"")))"
"Calc";"AX31";"selecao";"=IF(RC2="""","""",IF(COUNTIFS(rAnalito,selAnalito,rNivel,3,rRUN,RC2,rLote,loteAtivo,rStatus,""Ativo"")=0,"""",SUMIFS(rValor,rAnalito,selAnalito,rNivel,3,rRUN,RC2,rLote,loteAtivo,rStatus,""Ativo"")))"
"Calc";"B32";"selecao";"=IF(selAnalito="""","""",IFERROR(AGGREGATE(15,6,rRUN/((rAnalito=selAnalito)*(rFirst=1)*((""""&rLote)=(""""&loteAtivo))),RC1),""""))"
"Calc";"C32";"selecao";"=IF(RC2="""","""",MAXIFS(rData,rAnalito,selAnalito,rRUN,RC2,rLote,loteAtivo,rStatus,""Ativo""))"
"Calc";"F32";"selecao";"=IF(RC2="""","""",IF(COUNTIFS(rAnalito,selAnalito,rNivel,1,rRUN,RC2,rLote,loteAtivo,rStatus,""Ativo"")=0,"""",SUMIFS(rValor,rAnalito,selAnalito,rNivel,1,rRUN,RC2,rLote,loteAtivo,rStatus,""Ativo"")))"
"Calc";"AB32";"selecao";"=IF(RC2="""","""",IF(COUNTIFS(rAnalito,selAnalito,rNivel,2,rRUN,RC2,rLote,loteAtivo,rStatus,""Ativo"")=0,"""",SUMIFS(rValor,rAnalito,selAnalito,rNivel,2,rRUN,RC2,rLote,loteAtivo,rStatus,""Ativo"")))"
"Calc";"AX32";"selecao";"=IF(RC2="""","""",IF(COUNTIFS(rAnalito,selAnalito,rNivel,3,rRUN,RC2,rLote,loteAtivo,rStatus,""Ativo"")=0,"""",SUMIFS(rValor,rAnalito,selAnalito,rNivel,3,rRUN,RC2,rLote,loteAtivo,rStatus,""Ativo"")))"
"Calc";"B33";"selecao";"=IF(selAnalito="""","""",IFERROR(AGGREGATE(15,6,rRUN/((rAnalito=selAnalito)*(rFirst=1)*((""""&rLote)=(""""&loteAtivo))),RC1),""""))"
"Calc";"C33";"selecao";"=IF(RC2="""","""",MAXIFS(rData,rAnalito,selAnalito,rRUN,RC2,rLote,loteAtivo,rStatus,""Ativo""))"
"Calc";"F33";"selecao";"=IF(RC2="""","""",IF(COUNTIFS(rAnalito,selAnalito,rNivel,1,rRUN,RC2,rLote,loteAtivo,rStatus,""Ativo"")=0,"""",SUMIFS(rValor,rAnalito,selAnalito,rNivel,1,rRUN,RC2,rLote,loteAtivo,rStatus,""Ativo"")))"
"Calc";"AB33";"selecao";"=IF(RC2="""","""",IF(COUNTIFS(rAnalito,selAnalito,rNivel,2,rRUN,RC2,rLote,loteAtivo,rStatus,""Ativo"")=0,"""",SUMIFS(rValor,rAnalito,selAnalito,rNivel,2,rRUN,RC2,rLote,loteAtivo,rStatus,""Ativo"")))"
"Calc";"AX33";"selecao";"=IF(RC2="""","""",IF(COUNTIFS(rAnalito,selAnalito,rNivel,3,rRUN,RC2,rLote,loteAtivo,rStatus,""Ativo"")=0,"""",SUMIFS(rValor,rAnalito,selAnalito,rNivel,3,rRUN,RC2,rLote,loteAtivo,rStatus,""Ativo"")))"
"Calc";"B34";"selecao";"=IF(selAnalito="""","""",IFERROR(AGGREGATE(15,6,rRUN/((rAnalito=selAnalito)*(rFirst=1)*((""""&rLote)=(""""&loteAtivo))),RC1),""""))"
"Calc";"C34";"selecao";"=IF(RC2="""","""",MAXIFS(rData,rAnalito,selAnalito,rRUN,RC2,rLote,loteAtivo,rStatus,""Ativo""))"
"Calc";"F34";"selecao";"=IF(RC2="""","""",IF(COUNTIFS(rAnalito,selAnalito,rNivel,1,rRUN,RC2,rLote,loteAtivo,rStatus,""Ativo"")=0,"""",SUMIFS(rValor,rAnalito,selAnalito,rNivel,1,rRUN,RC2,rLote,loteAtivo,rStatus,""Ativo"")))"
"Calc";"AB34";"selecao";"=IF(RC2="""","""",IF(COUNTIFS(rAnalito,selAnalito,rNivel,2,rRUN,RC2,rLote,loteAtivo,rStatus,""Ativo"")=0,"""",SUMIFS(rValor,rAnalito,selAnalito,rNivel,2,rRUN,RC2,rLote,loteAtivo,rStatus,""Ativo"")))"
"Calc";"AX34";"selecao";"=IF(RC2="""","""",IF(COUNTIFS(rAnalito,selAnalito,rNivel,3,rRUN,RC2,rLote,loteAtivo,rStatus,""Ativo"")=0,"""",SUMIFS(rValor,rAnalito,selAnalito,rNivel,3,rRUN,RC2,rLote,loteAtivo,rStatus,""Ativo"")))"
"Calc";"B35";"selecao";"=IF(selAnalito="""","""",IFERROR(AGGREGATE(15,6,rRUN/((rAnalito=selAnalito)*(rFirst=1)*((""""&rLote)=(""""&loteAtivo))),RC1),""""))"
"Calc";"C35";"selecao";"=IF(RC2="""","""",MAXIFS(rData,rAnalito,selAnalito,rRUN,RC2,rLote,loteAtivo,rStatus,""Ativo""))"
"Calc";"F35";"selecao";"=IF(RC2="""","""",IF(COUNTIFS(rAnalito,selAnalito,rNivel,1,rRUN,RC2,rLote,loteAtivo,rStatus,""Ativo"")=0,"""",SUMIFS(rValor,rAnalito,selAnalito,rNivel,1,rRUN,RC2,rLote,loteAtivo,rStatus,""Ativo"")))"
"Calc";"AB35";"selecao";"=IF(RC2="""","""",IF(COUNTIFS(rAnalito,selAnalito,rNivel,2,rRUN,RC2,rLote,loteAtivo,rStatus,""Ativo"")=0,"""",SUMIFS(rValor,rAnalito,selAnalito,rNivel,2,rRUN,RC2,rLote,loteAtivo,rStatus,""Ativo"")))"
"Calc";"AX35";"selecao";"=IF(RC2="""","""",IF(COUNTIFS(rAnalito,selAnalito,rNivel,3,rRUN,RC2,rLote,loteAtivo,rStatus,""Ativo"")=0,"""",SUMIFS(rValor,rAnalito,selAnalito,rNivel,3,rRUN,RC2,rLote,loteAtivo,rStatus,""Ativo"")))"
"Calc";"B36";"selecao";"=IF(selAnalito="""","""",IFERROR(AGGREGATE(15,6,rRUN/((rAnalito=selAnalito)*(rFirst=1)*((""""&rLote)=(""""&loteAtivo))),RC1),""""))"
"Calc";"C36";"selecao";"=IF(RC2="""","""",MAXIFS(rData,rAnalito,selAnalito,rRUN,RC2,rLote,loteAtivo,rStatus,""Ativo""))"
"Calc";"F36";"selecao";"=IF(RC2="""","""",IF(COUNTIFS(rAnalito,selAnalito,rNivel,1,rRUN,RC2,rLote,loteAtivo,rStatus,""Ativo"")=0,"""",SUMIFS(rValor,rAnalito,selAnalito,rNivel,1,rRUN,RC2,rLote,loteAtivo,rStatus,""Ativo"")))"
"Calc";"AB36";"selecao";"=IF(RC2="""","""",IF(COUNTIFS(rAnalito,selAnalito,rNivel,2,rRUN,RC2,rLote,loteAtivo,rStatus,""Ativo"")=0,"""",SUMIFS(rValor,rAnalito,selAnalito,rNivel,2,rRUN,RC2,rLote,loteAtivo,rStatus,""Ativo"")))"
"Calc";"AX36";"selecao";"=IF(RC2="""","""",IF(COUNTIFS(rAnalito,selAnalito,rNivel,3,rRUN,RC2,rLote,loteAtivo,rStatus,""Ativo"")=0,"""",SUMIFS(rValor,rAnalito,selAnalito,rNivel,3,rRUN,RC2,rLote,loteAtivo,rStatus,""Ativo"")))"
"Calc";"B37";"selecao";"=IF(selAnalito="""","""",IFERROR(AGGREGATE(15,6,rRUN/((rAnalito=selAnalito)*(rFirst=1)*((""""&rLote)=(""""&loteAtivo))),RC1),""""))"
"Calc";"C37";"selecao";"=IF(RC2="""","""",MAXIFS(rData,rAnalito,selAnalito,rRUN,RC2,rLote,loteAtivo,rStatus,""Ativo""))"
"Calc";"F37";"selecao";"=IF(RC2="""","""",IF(COUNTIFS(rAnalito,selAnalito,rNivel,1,rRUN,RC2,rLote,loteAtivo,rStatus,""Ativo"")=0,"""",SUMIFS(rValor,rAnalito,selAnalito,rNivel,1,rRUN,RC2,rLote,loteAtivo,rStatus,""Ativo"")))"
"Calc";"AB37";"selecao";"=IF(RC2="""","""",IF(COUNTIFS(rAnalito,selAnalito,rNivel,2,rRUN,RC2,rLote,loteAtivo,rStatus,""Ativo"")=0,"""",SUMIFS(rValor,rAnalito,selAnalito,rNivel,2,rRUN,RC2,rLote,loteAtivo,rStatus,""Ativo"")))"
"Calc";"AX37";"selecao";"=IF(RC2="""","""",IF(COUNTIFS(rAnalito,selAnalito,rNivel,3,rRUN,RC2,rLote,loteAtivo,rStatus,""Ativo"")=0,"""",SUMIFS(rValor,rAnalito,selAnalito,rNivel,3,rRUN,RC2,rLote,loteAtivo,rStatus,""Ativo"")))"
"Calc";"B38";"selecao";"=IF(selAnalito="""","""",IFERROR(AGGREGATE(15,6,rRUN/((rAnalito=selAnalito)*(rFirst=1)*((""""&rLote)=(""""&loteAtivo))),RC1),""""))"
"Calc";"C38";"selecao";"=IF(RC2="""","""",MAXIFS(rData,rAnalito,selAnalito,rRUN,RC2,rLote,loteAtivo,rStatus,""Ativo""))"
"Calc";"F38";"selecao";"=IF(RC2="""","""",IF(COUNTIFS(rAnalito,selAnalito,rNivel,1,rRUN,RC2,rLote,loteAtivo,rStatus,""Ativo"")=0,"""",SUMIFS(rValor,rAnalito,selAnalito,rNivel,1,rRUN,RC2,rLote,loteAtivo,rStatus,""Ativo"")))"
"Calc";"AB38";"selecao";"=IF(RC2="""","""",IF(COUNTIFS(rAnalito,selAnalito,rNivel,2,rRUN,RC2,rLote,loteAtivo,rStatus,""Ativo"")=0,"""",SUMIFS(rValor,rAnalito,selAnalito,rNivel,2,rRUN,RC2,rLote,loteAtivo,rStatus,""Ativo"")))"
"Calc";"AX38";"selecao";"=IF(RC2="""","""",IF(COUNTIFS(rAnalito,selAnalito,rNivel,3,rRUN,RC2,rLote,loteAtivo,rStatus,""Ativo"")=0,"""",SUMIFS(rValor,rAnalito,selAnalito,rNivel,3,rRUN,RC2,rLote,loteAtivo,rStatus,""Ativo"")))"
"Calc";"B39";"selecao";"=IF(selAnalito="""","""",IFERROR(AGGREGATE(15,6,rRUN/((rAnalito=selAnalito)*(rFirst=1)*((""""&rLote)=(""""&loteAtivo))),RC1),""""))"
"Calc";"C39";"selecao";"=IF(RC2="""","""",MAXIFS(rData,rAnalito,selAnalito,rRUN,RC2,rLote,loteAtivo,rStatus,""Ativo""))"
"Calc";"F39";"selecao";"=IF(RC2="""","""",IF(COUNTIFS(rAnalito,selAnalito,rNivel,1,rRUN,RC2,rLote,loteAtivo,rStatus,""Ativo"")=0,"""",SUMIFS(rValor,rAnalito,selAnalito,rNivel,1,rRUN,RC2,rLote,loteAtivo,rStatus,""Ativo"")))"
"Calc";"AB39";"selecao";"=IF(RC2="""","""",IF(COUNTIFS(rAnalito,selAnalito,rNivel,2,rRUN,RC2,rLote,loteAtivo,rStatus,""Ativo"")=0,"""",SUMIFS(rValor,rAnalito,selAnalito,rNivel,2,rRUN,RC2,rLote,loteAtivo,rStatus,""Ativo"")))"
"Calc";"AX39";"selecao";"=IF(RC2="""","""",IF(COUNTIFS(rAnalito,selAnalito,rNivel,3,rRUN,RC2,rLote,loteAtivo,rStatus,""Ativo"")=0,"""",SUMIFS(rValor,rAnalito,selAnalito,rNivel,3,rRUN,RC2,rLote,loteAtivo,rStatus,""Ativo"")))"
"Calc";"B40";"selecao";"=IF(selAnalito="""","""",IFERROR(AGGREGATE(15,6,rRUN/((rAnalito=selAnalito)*(rFirst=1)*((""""&rLote)=(""""&loteAtivo))),RC1),""""))"
"Calc";"C40";"selecao";"=IF(RC2="""","""",MAXIFS(rData,rAnalito,selAnalito,rRUN,RC2,rLote,loteAtivo,rStatus,""Ativo""))"
"Calc";"F40";"selecao";"=IF(RC2="""","""",IF(COUNTIFS(rAnalito,selAnalito,rNivel,1,rRUN,RC2,rLote,loteAtivo,rStatus,""Ativo"")=0,"""",SUMIFS(rValor,rAnalito,selAnalito,rNivel,1,rRUN,RC2,rLote,loteAtivo,rStatus,""Ativo"")))"
"Calc";"AB40";"selecao";"=IF(RC2="""","""",IF(COUNTIFS(rAnalito,selAnalito,rNivel,2,rRUN,RC2,rLote,loteAtivo,rStatus,""Ativo"")=0,"""",SUMIFS(rValor,rAnalito,selAnalito,rNivel,2,rRUN,RC2,rLote,loteAtivo,rStatus,""Ativo"")))"
"Calc";"AX40";"selecao";"=IF(RC2="""","""",IF(COUNTIFS(rAnalito,selAnalito,rNivel,3,rRUN,RC2,rLote,loteAtivo,rStatus,""Ativo"")=0,"""",SUMIFS(rValor,rAnalito,selAnalito,rNivel,3,rRUN,RC2,rLote,loteAtivo,rStatus,""Ativo"")))"
"Calc";"B41";"selecao";"=IF(selAnalito="""","""",IFERROR(AGGREGATE(15,6,rRUN/((rAnalito=selAnalito)*(rFirst=1)*((""""&rLote)=(""""&loteAtivo))),RC1),""""))"
"Calc";"C41";"selecao";"=IF(RC2="""","""",MAXIFS(rData,rAnalito,selAnalito,rRUN,RC2,rLote,loteAtivo,rStatus,""Ativo""))"
"Calc";"F41";"selecao";"=IF(RC2="""","""",IF(COUNTIFS(rAnalito,selAnalito,rNivel,1,rRUN,RC2,rLote,loteAtivo,rStatus,""Ativo"")=0,"""",SUMIFS(rValor,rAnalito,selAnalito,rNivel,1,rRUN,RC2,rLote,loteAtivo,rStatus,""Ativo"")))"
"Calc";"AB41";"selecao";"=IF(RC2="""","""",IF(COUNTIFS(rAnalito,selAnalito,rNivel,2,rRUN,RC2,rLote,loteAtivo,rStatus,""Ativo"")=0,"""",SUMIFS(rValor,rAnalito,selAnalito,rNivel,2,rRUN,RC2,rLote,loteAtivo,rStatus,""Ativo"")))"
"Calc";"AX41";"selecao";"=IF(RC2="""","""",IF(COUNTIFS(rAnalito,selAnalito,rNivel,3,rRUN,RC2,rLote,loteAtivo,rStatus,""Ativo"")=0,"""",SUMIFS(rValor,rAnalito,selAnalito,rNivel,3,rRUN,RC2,rLote,loteAtivo,rStatus,""Ativo"")))"
"Calc";"B42";"selecao";"=IF(selAnalito="""","""",IFERROR(AGGREGATE(15,6,rRUN/((rAnalito=selAnalito)*(rFirst=1)*((""""&rLote)=(""""&loteAtivo))),RC1),""""))"
"Calc";"C42";"selecao";"=IF(RC2="""","""",MAXIFS(rData,rAnalito,selAnalito,rRUN,RC2,rLote,loteAtivo,rStatus,""Ativo""))"
"Calc";"F42";"selecao";"=IF(RC2="""","""",IF(COUNTIFS(rAnalito,selAnalito,rNivel,1,rRUN,RC2,rLote,loteAtivo,rStatus,""Ativo"")=0,"""",SUMIFS(rValor,rAnalito,selAnalito,rNivel,1,rRUN,RC2,rLote,loteAtivo,rStatus,""Ativo"")))"
"Calc";"AB42";"selecao";"=IF(RC2="""","""",IF(COUNTIFS(rAnalito,selAnalito,rNivel,2,rRUN,RC2,rLote,loteAtivo,rStatus,""Ativo"")=0,"""",SUMIFS(rValor,rAnalito,selAnalito,rNivel,2,rRUN,RC2,rLote,loteAtivo,rStatus,""Ativo"")))"
"Calc";"AX42";"selecao";"=IF(RC2="""","""",IF(COUNTIFS(rAnalito,selAnalito,rNivel,3,rRUN,RC2,rLote,loteAtivo,rStatus,""Ativo"")=0,"""",SUMIFS(rValor,rAnalito,selAnalito,rNivel,3,rRUN,RC2,rLote,loteAtivo,rStatus,""Ativo"")))"
"Calc";"B43";"selecao";"=IF(selAnalito="""","""",IFERROR(AGGREGATE(15,6,rRUN/((rAnalito=selAnalito)*(rFirst=1)*((""""&rLote)=(""""&loteAtivo))),RC1),""""))"
"Calc";"C43";"selecao";"=IF(RC2="""","""",MAXIFS(rData,rAnalito,selAnalito,rRUN,RC2,rLote,loteAtivo,rStatus,""Ativo""))"
"Calc";"F43";"selecao";"=IF(RC2="""","""",IF(COUNTIFS(rAnalito,selAnalito,rNivel,1,rRUN,RC2,rLote,loteAtivo,rStatus,""Ativo"")=0,"""",SUMIFS(rValor,rAnalito,selAnalito,rNivel,1,rRUN,RC2,rLote,loteAtivo,rStatus,""Ativo"")))"
"Calc";"AB43";"selecao";"=IF(RC2="""","""",IF(COUNTIFS(rAnalito,selAnalito,rNivel,2,rRUN,RC2,rLote,loteAtivo,rStatus,""Ativo"")=0,"""",SUMIFS(rValor,rAnalito,selAnalito,rNivel,2,rRUN,RC2,rLote,loteAtivo,rStatus,""Ativo"")))"
"Calc";"AX43";"selecao";"=IF(RC2="""","""",IF(COUNTIFS(rAnalito,selAnalito,rNivel,3,rRUN,RC2,rLote,loteAtivo,rStatus,""Ativo"")=0,"""",SUMIFS(rValor,rAnalito,selAnalito,rNivel,3,rRUN,RC2,rLote,loteAtivo,rStatus,""Ativo"")))"
"Calc";"B44";"selecao";"=IF(selAnalito="""","""",IFERROR(AGGREGATE(15,6,rRUN/((rAnalito=selAnalito)*(rFirst=1)*((""""&rLote)=(""""&loteAtivo))),RC1),""""))"
"Calc";"C44";"selecao";"=IF(RC2="""","""",MAXIFS(rData,rAnalito,selAnalito,rRUN,RC2,rLote,loteAtivo,rStatus,""Ativo""))"
"Calc";"F44";"selecao";"=IF(RC2="""","""",IF(COUNTIFS(rAnalito,selAnalito,rNivel,1,rRUN,RC2,rLote,loteAtivo,rStatus,""Ativo"")=0,"""",SUMIFS(rValor,rAnalito,selAnalito,rNivel,1,rRUN,RC2,rLote,loteAtivo,rStatus,""Ativo"")))"
"Calc";"AB44";"selecao";"=IF(RC2="""","""",IF(COUNTIFS(rAnalito,selAnalito,rNivel,2,rRUN,RC2,rLote,loteAtivo,rStatus,""Ativo"")=0,"""",SUMIFS(rValor,rAnalito,selAnalito,rNivel,2,rRUN,RC2,rLote,loteAtivo,rStatus,""Ativo"")))"
"Calc";"AX44";"selecao";"=IF(RC2="""","""",IF(COUNTIFS(rAnalito,selAnalito,rNivel,3,rRUN,RC2,rLote,loteAtivo,rStatus,""Ativo"")=0,"""",SUMIFS(rValor,rAnalito,selAnalito,rNivel,3,rRUN,RC2,rLote,loteAtivo,rStatus,""Ativo"")))"
"Calc";"B45";"selecao";"=IF(selAnalito="""","""",IFERROR(AGGREGATE(15,6,rRUN/((rAnalito=selAnalito)*(rFirst=1)*((""""&rLote)=(""""&loteAtivo))),RC1),""""))"
"Calc";"C45";"selecao";"=IF(RC2="""","""",MAXIFS(rData,rAnalito,selAnalito,rRUN,RC2,rLote,loteAtivo,rStatus,""Ativo""))"
"Calc";"F45";"selecao";"=IF(RC2="""","""",IF(COUNTIFS(rAnalito,selAnalito,rNivel,1,rRUN,RC2,rLote,loteAtivo,rStatus,""Ativo"")=0,"""",SUMIFS(rValor,rAnalito,selAnalito,rNivel,1,rRUN,RC2,rLote,loteAtivo,rStatus,""Ativo"")))"
"Calc";"AB45";"selecao";"=IF(RC2="""","""",IF(COUNTIFS(rAnalito,selAnalito,rNivel,2,rRUN,RC2,rLote,loteAtivo,rStatus,""Ativo"")=0,"""",SUMIFS(rValor,rAnalito,selAnalito,rNivel,2,rRUN,RC2,rLote,loteAtivo,rStatus,""Ativo"")))"
"Calc";"AX45";"selecao";"=IF(RC2="""","""",IF(COUNTIFS(rAnalito,selAnalito,rNivel,3,rRUN,RC2,rLote,loteAtivo,rStatus,""Ativo"")=0,"""",SUMIFS(rValor,rAnalito,selAnalito,rNivel,3,rRUN,RC2,rLote,loteAtivo,rStatus,""Ativo"")))"
"Calc";"B46";"selecao";"=IF(selAnalito="""","""",IFERROR(AGGREGATE(15,6,rRUN/((rAnalito=selAnalito)*(rFirst=1)*((""""&rLote)=(""""&loteAtivo))),RC1),""""))"
"Calc";"C46";"selecao";"=IF(RC2="""","""",MAXIFS(rData,rAnalito,selAnalito,rRUN,RC2,rLote,loteAtivo,rStatus,""Ativo""))"
"Calc";"F46";"selecao";"=IF(RC2="""","""",IF(COUNTIFS(rAnalito,selAnalito,rNivel,1,rRUN,RC2,rLote,loteAtivo,rStatus,""Ativo"")=0,"""",SUMIFS(rValor,rAnalito,selAnalito,rNivel,1,rRUN,RC2,rLote,loteAtivo,rStatus,""Ativo"")))"
"Calc";"AB46";"selecao";"=IF(RC2="""","""",IF(COUNTIFS(rAnalito,selAnalito,rNivel,2,rRUN,RC2,rLote,loteAtivo,rStatus,""Ativo"")=0,"""",SUMIFS(rValor,rAnalito,selAnalito,rNivel,2,rRUN,RC2,rLote,loteAtivo,rStatus,""Ativo"")))"
"Calc";"AX46";"selecao";"=IF(RC2="""","""",IF(COUNTIFS(rAnalito,selAnalito,rNivel,3,rRUN,RC2,rLote,loteAtivo,rStatus,""Ativo"")=0,"""",SUMIFS(rValor,rAnalito,selAnalito,rNivel,3,rRUN,RC2,rLote,loteAtivo,rStatus,""Ativo"")))"
"Calc";"B47";"selecao";"=IF(selAnalito="""","""",IFERROR(AGGREGATE(15,6,rRUN/((rAnalito=selAnalito)*(rFirst=1)*((""""&rLote)=(""""&loteAtivo))),RC1),""""))"
"Calc";"C47";"selecao";"=IF(RC2="""","""",MAXIFS(rData,rAnalito,selAnalito,rRUN,RC2,rLote,loteAtivo,rStatus,""Ativo""))"
"Calc";"F47";"selecao";"=IF(RC2="""","""",IF(COUNTIFS(rAnalito,selAnalito,rNivel,1,rRUN,RC2,rLote,loteAtivo,rStatus,""Ativo"")=0,"""",SUMIFS(rValor,rAnalito,selAnalito,rNivel,1,rRUN,RC2,rLote,loteAtivo,rStatus,""Ativo"")))"
"Calc";"AB47";"selecao";"=IF(RC2="""","""",IF(COUNTIFS(rAnalito,selAnalito,rNivel,2,rRUN,RC2,rLote,loteAtivo,rStatus,""Ativo"")=0,"""",SUMIFS(rValor,rAnalito,selAnalito,rNivel,2,rRUN,RC2,rLote,loteAtivo,rStatus,""Ativo"")))"
"Calc";"AX47";"selecao";"=IF(RC2="""","""",IF(COUNTIFS(rAnalito,selAnalito,rNivel,3,rRUN,RC2,rLote,loteAtivo,rStatus,""Ativo"")=0,"""",SUMIFS(rValor,rAnalito,selAnalito,rNivel,3,rRUN,RC2,rLote,loteAtivo,rStatus,""Ativo"")))"
"Calc";"B48";"selecao";"=IF(selAnalito="""","""",IFERROR(AGGREGATE(15,6,rRUN/((rAnalito=selAnalito)*(rFirst=1)*((""""&rLote)=(""""&loteAtivo))),RC1),""""))"
"Calc";"C48";"selecao";"=IF(RC2="""","""",MAXIFS(rData,rAnalito,selAnalito,rRUN,RC2,rLote,loteAtivo,rStatus,""Ativo""))"
"Calc";"F48";"selecao";"=IF(RC2="""","""",IF(COUNTIFS(rAnalito,selAnalito,rNivel,1,rRUN,RC2,rLote,loteAtivo,rStatus,""Ativo"")=0,"""",SUMIFS(rValor,rAnalito,selAnalito,rNivel,1,rRUN,RC2,rLote,loteAtivo,rStatus,""Ativo"")))"
"Calc";"AB48";"selecao";"=IF(RC2="""","""",IF(COUNTIFS(rAnalito,selAnalito,rNivel,2,rRUN,RC2,rLote,loteAtivo,rStatus,""Ativo"")=0,"""",SUMIFS(rValor,rAnalito,selAnalito,rNivel,2,rRUN,RC2,rLote,loteAtivo,rStatus,""Ativo"")))"
"Calc";"AX48";"selecao";"=IF(RC2="""","""",IF(COUNTIFS(rAnalito,selAnalito,rNivel,3,rRUN,RC2,rLote,loteAtivo,rStatus,""Ativo"")=0,"""",SUMIFS(rValor,rAnalito,selAnalito,rNivel,3,rRUN,RC2,rLote,loteAtivo,rStatus,""Ativo"")))"
"Calc";"B49";"selecao";"=IF(selAnalito="""","""",IFERROR(AGGREGATE(15,6,rRUN/((rAnalito=selAnalito)*(rFirst=1)*((""""&rLote)=(""""&loteAtivo))),RC1),""""))"
"Calc";"C49";"selecao";"=IF(RC2="""","""",MAXIFS(rData,rAnalito,selAnalito,rRUN,RC2,rLote,loteAtivo,rStatus,""Ativo""))"
"Calc";"F49";"selecao";"=IF(RC2="""","""",IF(COUNTIFS(rAnalito,selAnalito,rNivel,1,rRUN,RC2,rLote,loteAtivo,rStatus,""Ativo"")=0,"""",SUMIFS(rValor,rAnalito,selAnalito,rNivel,1,rRUN,RC2,rLote,loteAtivo,rStatus,""Ativo"")))"
"Calc";"AB49";"selecao";"=IF(RC2="""","""",IF(COUNTIFS(rAnalito,selAnalito,rNivel,2,rRUN,RC2,rLote,loteAtivo,rStatus,""Ativo"")=0,"""",SUMIFS(rValor,rAnalito,selAnalito,rNivel,2,rRUN,RC2,rLote,loteAtivo,rStatus,""Ativo"")))"
"Calc";"AX49";"selecao";"=IF(RC2="""","""",IF(COUNTIFS(rAnalito,selAnalito,rNivel,3,rRUN,RC2,rLote,loteAtivo,rStatus,""Ativo"")=0,"""",SUMIFS(rValor,rAnalito,selAnalito,rNivel,3,rRUN,RC2,rLote,loteAtivo,rStatus,""Ativo"")))"
"Calc";"B50";"selecao";"=IF(selAnalito="""","""",IFERROR(AGGREGATE(15,6,rRUN/((rAnalito=selAnalito)*(rFirst=1)*((""""&rLote)=(""""&loteAtivo))),RC1),""""))"
"Calc";"C50";"selecao";"=IF(RC2="""","""",MAXIFS(rData,rAnalito,selAnalito,rRUN,RC2,rLote,loteAtivo,rStatus,""Ativo""))"
"Calc";"F50";"selecao";"=IF(RC2="""","""",IF(COUNTIFS(rAnalito,selAnalito,rNivel,1,rRUN,RC2,rLote,loteAtivo,rStatus,""Ativo"")=0,"""",SUMIFS(rValor,rAnalito,selAnalito,rNivel,1,rRUN,RC2,rLote,loteAtivo,rStatus,""Ativo"")))"
"Calc";"AB50";"selecao";"=IF(RC2="""","""",IF(COUNTIFS(rAnalito,selAnalito,rNivel,2,rRUN,RC2,rLote,loteAtivo,rStatus,""Ativo"")=0,"""",SUMIFS(rValor,rAnalito,selAnalito,rNivel,2,rRUN,RC2,rLote,loteAtivo,rStatus,""Ativo"")))"
"Calc";"AX50";"selecao";"=IF(RC2="""","""",IF(COUNTIFS(rAnalito,selAnalito,rNivel,3,rRUN,RC2,rLote,loteAtivo,rStatus,""Ativo"")=0,"""",SUMIFS(rValor,rAnalito,selAnalito,rNivel,3,rRUN,RC2,rLote,loteAtivo,rStatus,""Ativo"")))"
"Calc";"B51";"selecao";"=IF(selAnalito="""","""",IFERROR(AGGREGATE(15,6,rRUN/((rAnalito=selAnalito)*(rFirst=1)*((""""&rLote)=(""""&loteAtivo))),RC1),""""))"
"Calc";"C51";"selecao";"=IF(RC2="""","""",MAXIFS(rData,rAnalito,selAnalito,rRUN,RC2,rLote,loteAtivo,rStatus,""Ativo""))"
"Calc";"F51";"selecao";"=IF(RC2="""","""",IF(COUNTIFS(rAnalito,selAnalito,rNivel,1,rRUN,RC2,rLote,loteAtivo,rStatus,""Ativo"")=0,"""",SUMIFS(rValor,rAnalito,selAnalito,rNivel,1,rRUN,RC2,rLote,loteAtivo,rStatus,""Ativo"")))"
"Calc";"AB51";"selecao";"=IF(RC2="""","""",IF(COUNTIFS(rAnalito,selAnalito,rNivel,2,rRUN,RC2,rLote,loteAtivo,rStatus,""Ativo"")=0,"""",SUMIFS(rValor,rAnalito,selAnalito,rNivel,2,rRUN,RC2,rLote,loteAtivo,rStatus,""Ativo"")))"
"Calc";"AX51";"selecao";"=IF(RC2="""","""",IF(COUNTIFS(rAnalito,selAnalito,rNivel,3,rRUN,RC2,rLote,loteAtivo,rStatus,""Ativo"")=0,"""",SUMIFS(rValor,rAnalito,selAnalito,rNivel,3,rRUN,RC2,rLote,loteAtivo,rStatus,""Ativo"")))"
"Calc";"B52";"selecao";"=IF(selAnalito="""","""",IFERROR(AGGREGATE(15,6,rRUN/((rAnalito=selAnalito)*(rFirst=1)*((""""&rLote)=(""""&loteAtivo))),RC1),""""))"
"Calc";"C52";"selecao";"=IF(RC2="""","""",MAXIFS(rData,rAnalito,selAnalito,rRUN,RC2,rLote,loteAtivo,rStatus,""Ativo""))"
"Calc";"F52";"selecao";"=IF(RC2="""","""",IF(COUNTIFS(rAnalito,selAnalito,rNivel,1,rRUN,RC2,rLote,loteAtivo,rStatus,""Ativo"")=0,"""",SUMIFS(rValor,rAnalito,selAnalito,rNivel,1,rRUN,RC2,rLote,loteAtivo,rStatus,""Ativo"")))"
"Calc";"AB52";"selecao";"=IF(RC2="""","""",IF(COUNTIFS(rAnalito,selAnalito,rNivel,2,rRUN,RC2,rLote,loteAtivo,rStatus,""Ativo"")=0,"""",SUMIFS(rValor,rAnalito,selAnalito,rNivel,2,rRUN,RC2,rLote,loteAtivo,rStatus,""Ativo"")))"
"Calc";"AX52";"selecao";"=IF(RC2="""","""",IF(COUNTIFS(rAnalito,selAnalito,rNivel,3,rRUN,RC2,rLote,loteAtivo,rStatus,""Ativo"")=0,"""",SUMIFS(rValor,rAnalito,selAnalito,rNivel,3,rRUN,RC2,rLote,loteAtivo,rStatus,""Ativo"")))"
"Calc";"B53";"selecao";"=IF(selAnalito="""","""",IFERROR(AGGREGATE(15,6,rRUN/((rAnalito=selAnalito)*(rFirst=1)*((""""&rLote)=(""""&loteAtivo))),RC1),""""))"
"Calc";"C53";"selecao";"=IF(RC2="""","""",MAXIFS(rData,rAnalito,selAnalito,rRUN,RC2,rLote,loteAtivo,rStatus,""Ativo""))"
"Calc";"F53";"selecao";"=IF(RC2="""","""",IF(COUNTIFS(rAnalito,selAnalito,rNivel,1,rRUN,RC2,rLote,loteAtivo,rStatus,""Ativo"")=0,"""",SUMIFS(rValor,rAnalito,selAnalito,rNivel,1,rRUN,RC2,rLote,loteAtivo,rStatus,""Ativo"")))"
"Calc";"AB53";"selecao";"=IF(RC2="""","""",IF(COUNTIFS(rAnalito,selAnalito,rNivel,2,rRUN,RC2,rLote,loteAtivo,rStatus,""Ativo"")=0,"""",SUMIFS(rValor,rAnalito,selAnalito,rNivel,2,rRUN,RC2,rLote,loteAtivo,rStatus,""Ativo"")))"
"Calc";"AX53";"selecao";"=IF(RC2="""","""",IF(COUNTIFS(rAnalito,selAnalito,rNivel,3,rRUN,RC2,rLote,loteAtivo,rStatus,""Ativo"")=0,"""",SUMIFS(rValor,rAnalito,selAnalito,rNivel,3,rRUN,RC2,rLote,loteAtivo,rStatus,""Ativo"")))"
"Calc";"B54";"selecao";"=IF(selAnalito="""","""",IFERROR(AGGREGATE(15,6,rRUN/((rAnalito=selAnalito)*(rFirst=1)*((""""&rLote)=(""""&loteAtivo))),RC1),""""))"
"Calc";"C54";"selecao";"=IF(RC2="""","""",MAXIFS(rData,rAnalito,selAnalito,rRUN,RC2,rLote,loteAtivo,rStatus,""Ativo""))"
"Calc";"F54";"selecao";"=IF(RC2="""","""",IF(COUNTIFS(rAnalito,selAnalito,rNivel,1,rRUN,RC2,rLote,loteAtivo,rStatus,""Ativo"")=0,"""",SUMIFS(rValor,rAnalito,selAnalito,rNivel,1,rRUN,RC2,rLote,loteAtivo,rStatus,""Ativo"")))"
"Calc";"AB54";"selecao";"=IF(RC2="""","""",IF(COUNTIFS(rAnalito,selAnalito,rNivel,2,rRUN,RC2,rLote,loteAtivo,rStatus,""Ativo"")=0,"""",SUMIFS(rValor,rAnalito,selAnalito,rNivel,2,rRUN,RC2,rLote,loteAtivo,rStatus,""Ativo"")))"
"Calc";"AX54";"selecao";"=IF(RC2="""","""",IF(COUNTIFS(rAnalito,selAnalito,rNivel,3,rRUN,RC2,rLote,loteAtivo,rStatus,""Ativo"")=0,"""",SUMIFS(rValor,rAnalito,selAnalito,rNivel,3,rRUN,RC2,rLote,loteAtivo,rStatus,""Ativo"")))"
"Calc";"B55";"selecao";"=IF(selAnalito="""","""",IFERROR(AGGREGATE(15,6,rRUN/((rAnalito=selAnalito)*(rFirst=1)*((""""&rLote)=(""""&loteAtivo))),RC1),""""))"
"Calc";"C55";"selecao";"=IF(RC2="""","""",MAXIFS(rData,rAnalito,selAnalito,rRUN,RC2,rLote,loteAtivo,rStatus,""Ativo""))"
"Calc";"F55";"selecao";"=IF(RC2="""","""",IF(COUNTIFS(rAnalito,selAnalito,rNivel,1,rRUN,RC2,rLote,loteAtivo,rStatus,""Ativo"")=0,"""",SUMIFS(rValor,rAnalito,selAnalito,rNivel,1,rRUN,RC2,rLote,loteAtivo,rStatus,""Ativo"")))"
"Calc";"AB55";"selecao";"=IF(RC2="""","""",IF(COUNTIFS(rAnalito,selAnalito,rNivel,2,rRUN,RC2,rLote,loteAtivo,rStatus,""Ativo"")=0,"""",SUMIFS(rValor,rAnalito,selAnalito,rNivel,2,rRUN,RC2,rLote,loteAtivo,rStatus,""Ativo"")))"
"Calc";"AX55";"selecao";"=IF(RC2="""","""",IF(COUNTIFS(rAnalito,selAnalito,rNivel,3,rRUN,RC2,rLote,loteAtivo,rStatus,""Ativo"")=0,"""",SUMIFS(rValor,rAnalito,selAnalito,rNivel,3,rRUN,RC2,rLote,loteAtivo,rStatus,""Ativo"")))"
"Calc";"B56";"selecao";"=IF(selAnalito="""","""",IFERROR(AGGREGATE(15,6,rRUN/((rAnalito=selAnalito)*(rFirst=1)*((""""&rLote)=(""""&loteAtivo))),RC1),""""))"
"Calc";"C56";"selecao";"=IF(RC2="""","""",MAXIFS(rData,rAnalito,selAnalito,rRUN,RC2,rLote,loteAtivo,rStatus,""Ativo""))"
"Calc";"F56";"selecao";"=IF(RC2="""","""",IF(COUNTIFS(rAnalito,selAnalito,rNivel,1,rRUN,RC2,rLote,loteAtivo,rStatus,""Ativo"")=0,"""",SUMIFS(rValor,rAnalito,selAnalito,rNivel,1,rRUN,RC2,rLote,loteAtivo,rStatus,""Ativo"")))"
"Calc";"AB56";"selecao";"=IF(RC2="""","""",IF(COUNTIFS(rAnalito,selAnalito,rNivel,2,rRUN,RC2,rLote,loteAtivo,rStatus,""Ativo"")=0,"""",SUMIFS(rValor,rAnalito,selAnalito,rNivel,2,rRUN,RC2,rLote,loteAtivo,rStatus,""Ativo"")))"
"Calc";"AX56";"selecao";"=IF(RC2="""","""",IF(COUNTIFS(rAnalito,selAnalito,rNivel,3,rRUN,RC2,rLote,loteAtivo,rStatus,""Ativo"")=0,"""",SUMIFS(rValor,rAnalito,selAnalito,rNivel,3,rRUN,RC2,rLote,loteAtivo,rStatus,""Ativo"")))"
"Calc";"B57";"selecao";"=IF(selAnalito="""","""",IFERROR(AGGREGATE(15,6,rRUN/((rAnalito=selAnalito)*(rFirst=1)*((""""&rLote)=(""""&loteAtivo))),RC1),""""))"
"Calc";"C57";"selecao";"=IF(RC2="""","""",MAXIFS(rData,rAnalito,selAnalito,rRUN,RC2,rLote,loteAtivo,rStatus,""Ativo""))"
"Calc";"F57";"selecao";"=IF(RC2="""","""",IF(COUNTIFS(rAnalito,selAnalito,rNivel,1,rRUN,RC2,rLote,loteAtivo,rStatus,""Ativo"")=0,"""",SUMIFS(rValor,rAnalito,selAnalito,rNivel,1,rRUN,RC2,rLote,loteAtivo,rStatus,""Ativo"")))"
"Calc";"AB57";"selecao";"=IF(RC2="""","""",IF(COUNTIFS(rAnalito,selAnalito,rNivel,2,rRUN,RC2,rLote,loteAtivo,rStatus,""Ativo"")=0,"""",SUMIFS(rValor,rAnalito,selAnalito,rNivel,2,rRUN,RC2,rLote,loteAtivo,rStatus,""Ativo"")))"
"Calc";"AX57";"selecao";"=IF(RC2="""","""",IF(COUNTIFS(rAnalito,selAnalito,rNivel,3,rRUN,RC2,rLote,loteAtivo,rStatus,""Ativo"")=0,"""",SUMIFS(rValor,rAnalito,selAnalito,rNivel,3,rRUN,RC2,rLote,loteAtivo,rStatus,""Ativo"")))"
"Calc";"B58";"selecao";"=IF(selAnalito="""","""",IFERROR(AGGREGATE(15,6,rRUN/((rAnalito=selAnalito)*(rFirst=1)*((""""&rLote)=(""""&loteAtivo))),RC1),""""))"
"Calc";"C58";"selecao";"=IF(RC2="""","""",MAXIFS(rData,rAnalito,selAnalito,rRUN,RC2,rLote,loteAtivo,rStatus,""Ativo""))"
"Calc";"F58";"selecao";"=IF(RC2="""","""",IF(COUNTIFS(rAnalito,selAnalito,rNivel,1,rRUN,RC2,rLote,loteAtivo,rStatus,""Ativo"")=0,"""",SUMIFS(rValor,rAnalito,selAnalito,rNivel,1,rRUN,RC2,rLote,loteAtivo,rStatus,""Ativo"")))"
"Calc";"AB58";"selecao";"=IF(RC2="""","""",IF(COUNTIFS(rAnalito,selAnalito,rNivel,2,rRUN,RC2,rLote,loteAtivo,rStatus,""Ativo"")=0,"""",SUMIFS(rValor,rAnalito,selAnalito,rNivel,2,rRUN,RC2,rLote,loteAtivo,rStatus,""Ativo"")))"
"Calc";"AX58";"selecao";"=IF(RC2="""","""",IF(COUNTIFS(rAnalito,selAnalito,rNivel,3,rRUN,RC2,rLote,loteAtivo,rStatus,""Ativo"")=0,"""",SUMIFS(rValor,rAnalito,selAnalito,rNivel,3,rRUN,RC2,rLote,loteAtivo,rStatus,""Ativo"")))"
"Calc";"B59";"selecao";"=IF(selAnalito="""","""",IFERROR(AGGREGATE(15,6,rRUN/((rAnalito=selAnalito)*(rFirst=1)*((""""&rLote)=(""""&loteAtivo))),RC1),""""))"
"Calc";"C59";"selecao";"=IF(RC2="""","""",MAXIFS(rData,rAnalito,selAnalito,rRUN,RC2,rLote,loteAtivo,rStatus,""Ativo""))"
"Calc";"F59";"selecao";"=IF(RC2="""","""",IF(COUNTIFS(rAnalito,selAnalito,rNivel,1,rRUN,RC2,rLote,loteAtivo,rStatus,""Ativo"")=0,"""",SUMIFS(rValor,rAnalito,selAnalito,rNivel,1,rRUN,RC2,rLote,loteAtivo,rStatus,""Ativo"")))"
"Calc";"AB59";"selecao";"=IF(RC2="""","""",IF(COUNTIFS(rAnalito,selAnalito,rNivel,2,rRUN,RC2,rLote,loteAtivo,rStatus,""Ativo"")=0,"""",SUMIFS(rValor,rAnalito,selAnalito,rNivel,2,rRUN,RC2,rLote,loteAtivo,rStatus,""Ativo"")))"
"Calc";"AX59";"selecao";"=IF(RC2="""","""",IF(COUNTIFS(rAnalito,selAnalito,rNivel,3,rRUN,RC2,rLote,loteAtivo,rStatus,""Ativo"")=0,"""",SUMIFS(rValor,rAnalito,selAnalito,rNivel,3,rRUN,RC2,rLote,loteAtivo,rStatus,""Ativo"")))"
"Calc";"B60";"selecao";"=IF(selAnalito="""","""",IFERROR(AGGREGATE(15,6,rRUN/((rAnalito=selAnalito)*(rFirst=1)*((""""&rLote)=(""""&loteAtivo))),RC1),""""))"
"Calc";"C60";"selecao";"=IF(RC2="""","""",MAXIFS(rData,rAnalito,selAnalito,rRUN,RC2,rLote,loteAtivo,rStatus,""Ativo""))"
"Calc";"F60";"selecao";"=IF(RC2="""","""",IF(COUNTIFS(rAnalito,selAnalito,rNivel,1,rRUN,RC2,rLote,loteAtivo,rStatus,""Ativo"")=0,"""",SUMIFS(rValor,rAnalito,selAnalito,rNivel,1,rRUN,RC2,rLote,loteAtivo,rStatus,""Ativo"")))"
"Calc";"AB60";"selecao";"=IF(RC2="""","""",IF(COUNTIFS(rAnalito,selAnalito,rNivel,2,rRUN,RC2,rLote,loteAtivo,rStatus,""Ativo"")=0,"""",SUMIFS(rValor,rAnalito,selAnalito,rNivel,2,rRUN,RC2,rLote,loteAtivo,rStatus,""Ativo"")))"
"Calc";"AX60";"selecao";"=IF(RC2="""","""",IF(COUNTIFS(rAnalito,selAnalito,rNivel,3,rRUN,RC2,rLote,loteAtivo,rStatus,""Ativo"")=0,"""",SUMIFS(rValor,rAnalito,selAnalito,rNivel,3,rRUN,RC2,rLote,loteAtivo,rStatus,""Ativo"")))"
"Calc";"B61";"selecao";"=IF(selAnalito="""","""",IFERROR(AGGREGATE(15,6,rRUN/((rAnalito=selAnalito)*(rFirst=1)*((""""&rLote)=(""""&loteAtivo))),RC1),""""))"
"Calc";"C61";"selecao";"=IF(RC2="""","""",MAXIFS(rData,rAnalito,selAnalito,rRUN,RC2,rLote,loteAtivo,rStatus,""Ativo""))"
"Calc";"F61";"selecao";"=IF(RC2="""","""",IF(COUNTIFS(rAnalito,selAnalito,rNivel,1,rRUN,RC2,rLote,loteAtivo,rStatus,""Ativo"")=0,"""",SUMIFS(rValor,rAnalito,selAnalito,rNivel,1,rRUN,RC2,rLote,loteAtivo,rStatus,""Ativo"")))"
"Calc";"AB61";"selecao";"=IF(RC2="""","""",IF(COUNTIFS(rAnalito,selAnalito,rNivel,2,rRUN,RC2,rLote,loteAtivo,rStatus,""Ativo"")=0,"""",SUMIFS(rValor,rAnalito,selAnalito,rNivel,2,rRUN,RC2,rLote,loteAtivo,rStatus,""Ativo"")))"
"Calc";"AX61";"selecao";"=IF(RC2="""","""",IF(COUNTIFS(rAnalito,selAnalito,rNivel,3,rRUN,RC2,rLote,loteAtivo,rStatus,""Ativo"")=0,"""",SUMIFS(rValor,rAnalito,selAnalito,rNivel,3,rRUN,RC2,rLote,loteAtivo,rStatus,""Ativo"")))"
"Calc";"B62";"selecao";"=IF(selAnalito="""","""",IFERROR(AGGREGATE(15,6,rRUN/((rAnalito=selAnalito)*(rFirst=1)*((""""&rLote)=(""""&loteAtivo))),RC1),""""))"
"Calc";"C62";"selecao";"=IF(RC2="""","""",MAXIFS(rData,rAnalito,selAnalito,rRUN,RC2,rLote,loteAtivo,rStatus,""Ativo""))"
"Calc";"F62";"selecao";"=IF(RC2="""","""",IF(COUNTIFS(rAnalito,selAnalito,rNivel,1,rRUN,RC2,rLote,loteAtivo,rStatus,""Ativo"")=0,"""",SUMIFS(rValor,rAnalito,selAnalito,rNivel,1,rRUN,RC2,rLote,loteAtivo,rStatus,""Ativo"")))"
"Calc";"AB62";"selecao";"=IF(RC2="""","""",IF(COUNTIFS(rAnalito,selAnalito,rNivel,2,rRUN,RC2,rLote,loteAtivo,rStatus,""Ativo"")=0,"""",SUMIFS(rValor,rAnalito,selAnalito,rNivel,2,rRUN,RC2,rLote,loteAtivo,rStatus,""Ativo"")))"
"Calc";"AX62";"selecao";"=IF(RC2="""","""",IF(COUNTIFS(rAnalito,selAnalito,rNivel,3,rRUN,RC2,rLote,loteAtivo,rStatus,""Ativo"")=0,"""",SUMIFS(rValor,rAnalito,selAnalito,rNivel,3,rRUN,RC2,rLote,loteAtivo,rStatus,""Ativo"")))"
"Calc";"B63";"selecao";"=IF(selAnalito="""","""",IFERROR(AGGREGATE(15,6,rRUN/((rAnalito=selAnalito)*(rFirst=1)*((""""&rLote)=(""""&loteAtivo))),RC1),""""))"
"Calc";"C63";"selecao";"=IF(RC2="""","""",MAXIFS(rData,rAnalito,selAnalito,rRUN,RC2,rLote,loteAtivo,rStatus,""Ativo""))"
"Calc";"F63";"selecao";"=IF(RC2="""","""",IF(COUNTIFS(rAnalito,selAnalito,rNivel,1,rRUN,RC2,rLote,loteAtivo,rStatus,""Ativo"")=0,"""",SUMIFS(rValor,rAnalito,selAnalito,rNivel,1,rRUN,RC2,rLote,loteAtivo,rStatus,""Ativo"")))"
"Calc";"AB63";"selecao";"=IF(RC2="""","""",IF(COUNTIFS(rAnalito,selAnalito,rNivel,2,rRUN,RC2,rLote,loteAtivo,rStatus,""Ativo"")=0,"""",SUMIFS(rValor,rAnalito,selAnalito,rNivel,2,rRUN,RC2,rLote,loteAtivo,rStatus,""Ativo"")))"
"Calc";"AX63";"selecao";"=IF(RC2="""","""",IF(COUNTIFS(rAnalito,selAnalito,rNivel,3,rRUN,RC2,rLote,loteAtivo,rStatus,""Ativo"")=0,"""",SUMIFS(rValor,rAnalito,selAnalito,rNivel,3,rRUN,RC2,rLote,loteAtivo,rStatus,""Ativo"")))"
"Calc";"B64";"selecao";"=IF(selAnalito="""","""",IFERROR(AGGREGATE(15,6,rRUN/((rAnalito=selAnalito)*(rFirst=1)*((""""&rLote)=(""""&loteAtivo))),RC1),""""))"
"Calc";"C64";"selecao";"=IF(RC2="""","""",MAXIFS(rData,rAnalito,selAnalito,rRUN,RC2,rLote,loteAtivo,rStatus,""Ativo""))"
"Calc";"F64";"selecao";"=IF(RC2="""","""",IF(COUNTIFS(rAnalito,selAnalito,rNivel,1,rRUN,RC2,rLote,loteAtivo,rStatus,""Ativo"")=0,"""",SUMIFS(rValor,rAnalito,selAnalito,rNivel,1,rRUN,RC2,rLote,loteAtivo,rStatus,""Ativo"")))"
"Calc";"AB64";"selecao";"=IF(RC2="""","""",IF(COUNTIFS(rAnalito,selAnalito,rNivel,2,rRUN,RC2,rLote,loteAtivo,rStatus,""Ativo"")=0,"""",SUMIFS(rValor,rAnalito,selAnalito,rNivel,2,rRUN,RC2,rLote,loteAtivo,rStatus,""Ativo"")))"
"Calc";"AX64";"selecao";"=IF(RC2="""","""",IF(COUNTIFS(rAnalito,selAnalito,rNivel,3,rRUN,RC2,rLote,loteAtivo,rStatus,""Ativo"")=0,"""",SUMIFS(rValor,rAnalito,selAnalito,rNivel,3,rRUN,RC2,rLote,loteAtivo,rStatus,""Ativo"")))"
"Calc";"B65";"selecao";"=IF(selAnalito="""","""",IFERROR(AGGREGATE(15,6,rRUN/((rAnalito=selAnalito)*(rFirst=1)*((""""&rLote)=(""""&loteAtivo))),RC1),""""))"
"Calc";"C65";"selecao";"=IF(RC2="""","""",MAXIFS(rData,rAnalito,selAnalito,rRUN,RC2,rLote,loteAtivo,rStatus,""Ativo""))"
"Calc";"F65";"selecao";"=IF(RC2="""","""",IF(COUNTIFS(rAnalito,selAnalito,rNivel,1,rRUN,RC2,rLote,loteAtivo,rStatus,""Ativo"")=0,"""",SUMIFS(rValor,rAnalito,selAnalito,rNivel,1,rRUN,RC2,rLote,loteAtivo,rStatus,""Ativo"")))"
"Calc";"AB65";"selecao";"=IF(RC2="""","""",IF(COUNTIFS(rAnalito,selAnalito,rNivel,2,rRUN,RC2,rLote,loteAtivo,rStatus,""Ativo"")=0,"""",SUMIFS(rValor,rAnalito,selAnalito,rNivel,2,rRUN,RC2,rLote,loteAtivo,rStatus,""Ativo"")))"
"Calc";"AX65";"selecao";"=IF(RC2="""","""",IF(COUNTIFS(rAnalito,selAnalito,rNivel,3,rRUN,RC2,rLote,loteAtivo,rStatus,""Ativo"")=0,"""",SUMIFS(rValor,rAnalito,selAnalito,rNivel,3,rRUN,RC2,rLote,loteAtivo,rStatus,""Ativo"")))"
"Calc";"B66";"selecao";"=IF(selAnalito="""","""",IFERROR(AGGREGATE(15,6,rRUN/((rAnalito=selAnalito)*(rFirst=1)*((""""&rLote)=(""""&loteAtivo))),RC1),""""))"
"Calc";"C66";"selecao";"=IF(RC2="""","""",MAXIFS(rData,rAnalito,selAnalito,rRUN,RC2,rLote,loteAtivo,rStatus,""Ativo""))"
"Calc";"F66";"selecao";"=IF(RC2="""","""",IF(COUNTIFS(rAnalito,selAnalito,rNivel,1,rRUN,RC2,rLote,loteAtivo,rStatus,""Ativo"")=0,"""",SUMIFS(rValor,rAnalito,selAnalito,rNivel,1,rRUN,RC2,rLote,loteAtivo,rStatus,""Ativo"")))"
"Calc";"AB66";"selecao";"=IF(RC2="""","""",IF(COUNTIFS(rAnalito,selAnalito,rNivel,2,rRUN,RC2,rLote,loteAtivo,rStatus,""Ativo"")=0,"""",SUMIFS(rValor,rAnalito,selAnalito,rNivel,2,rRUN,RC2,rLote,loteAtivo,rStatus,""Ativo"")))"
"Calc";"AX66";"selecao";"=IF(RC2="""","""",IF(COUNTIFS(rAnalito,selAnalito,rNivel,3,rRUN,RC2,rLote,loteAtivo,rStatus,""Ativo"")=0,"""",SUMIFS(rValor,rAnalito,selAnalito,rNivel,3,rRUN,RC2,rLote,loteAtivo,rStatus,""Ativo"")))"
"Calc";"B67";"selecao";"=IF(selAnalito="""","""",IFERROR(AGGREGATE(15,6,rRUN/((rAnalito=selAnalito)*(rFirst=1)*((""""&rLote)=(""""&loteAtivo))),RC1),""""))"
"Calc";"C67";"selecao";"=IF(RC2="""","""",MAXIFS(rData,rAnalito,selAnalito,rRUN,RC2,rLote,loteAtivo,rStatus,""Ativo""))"
"Calc";"F67";"selecao";"=IF(RC2="""","""",IF(COUNTIFS(rAnalito,selAnalito,rNivel,1,rRUN,RC2,rLote,loteAtivo,rStatus,""Ativo"")=0,"""",SUMIFS(rValor,rAnalito,selAnalito,rNivel,1,rRUN,RC2,rLote,loteAtivo,rStatus,""Ativo"")))"
"Calc";"AB67";"selecao";"=IF(RC2="""","""",IF(COUNTIFS(rAnalito,selAnalito,rNivel,2,rRUN,RC2,rLote,loteAtivo,rStatus,""Ativo"")=0,"""",SUMIFS(rValor,rAnalito,selAnalito,rNivel,2,rRUN,RC2,rLote,loteAtivo,rStatus,""Ativo"")))"
"Calc";"AX67";"selecao";"=IF(RC2="""","""",IF(COUNTIFS(rAnalito,selAnalito,rNivel,3,rRUN,RC2,rLote,loteAtivo,rStatus,""Ativo"")=0,"""",SUMIFS(rValor,rAnalito,selAnalito,rNivel,3,rRUN,RC2,rLote,loteAtivo,rStatus,""Ativo"")))"
"Calc";"B68";"selecao";"=IF(selAnalito="""","""",IFERROR(AGGREGATE(15,6,rRUN/((rAnalito=selAnalito)*(rFirst=1)*((""""&rLote)=(""""&loteAtivo))),RC1),""""))"
"Calc";"C68";"selecao";"=IF(RC2="""","""",MAXIFS(rData,rAnalito,selAnalito,rRUN,RC2,rLote,loteAtivo,rStatus,""Ativo""))"
"Calc";"F68";"selecao";"=IF(RC2="""","""",IF(COUNTIFS(rAnalito,selAnalito,rNivel,1,rRUN,RC2,rLote,loteAtivo,rStatus,""Ativo"")=0,"""",SUMIFS(rValor,rAnalito,selAnalito,rNivel,1,rRUN,RC2,rLote,loteAtivo,rStatus,""Ativo"")))"
"Calc";"AB68";"selecao";"=IF(RC2="""","""",IF(COUNTIFS(rAnalito,selAnalito,rNivel,2,rRUN,RC2,rLote,loteAtivo,rStatus,""Ativo"")=0,"""",SUMIFS(rValor,rAnalito,selAnalito,rNivel,2,rRUN,RC2,rLote,loteAtivo,rStatus,""Ativo"")))"
"Calc";"AX68";"selecao";"=IF(RC2="""","""",IF(COUNTIFS(rAnalito,selAnalito,rNivel,3,rRUN,RC2,rLote,loteAtivo,rStatus,""Ativo"")=0,"""",SUMIFS(rValor,rAnalito,selAnalito,rNivel,3,rRUN,RC2,rLote,loteAtivo,rStatus,""Ativo"")))"
"Calc";"B69";"selecao";"=IF(selAnalito="""","""",IFERROR(AGGREGATE(15,6,rRUN/((rAnalito=selAnalito)*(rFirst=1)*((""""&rLote)=(""""&loteAtivo))),RC1),""""))"
"Calc";"C69";"selecao";"=IF(RC2="""","""",MAXIFS(rData,rAnalito,selAnalito,rRUN,RC2,rLote,loteAtivo,rStatus,""Ativo""))"
"Calc";"F69";"selecao";"=IF(RC2="""","""",IF(COUNTIFS(rAnalito,selAnalito,rNivel,1,rRUN,RC2,rLote,loteAtivo,rStatus,""Ativo"")=0,"""",SUMIFS(rValor,rAnalito,selAnalito,rNivel,1,rRUN,RC2,rLote,loteAtivo,rStatus,""Ativo"")))"
"Calc";"AB69";"selecao";"=IF(RC2="""","""",IF(COUNTIFS(rAnalito,selAnalito,rNivel,2,rRUN,RC2,rLote,loteAtivo,rStatus,""Ativo"")=0,"""",SUMIFS(rValor,rAnalito,selAnalito,rNivel,2,rRUN,RC2,rLote,loteAtivo,rStatus,""Ativo"")))"
"Calc";"AX69";"selecao";"=IF(RC2="""","""",IF(COUNTIFS(rAnalito,selAnalito,rNivel,3,rRUN,RC2,rLote,loteAtivo,rStatus,""Ativo"")=0,"""",SUMIFS(rValor,rAnalito,selAnalito,rNivel,3,rRUN,RC2,rLote,loteAtivo,rStatus,""Ativo"")))"
"Calc";"B70";"selecao";"=IF(selAnalito="""","""",IFERROR(AGGREGATE(15,6,rRUN/((rAnalito=selAnalito)*(rFirst=1)*((""""&rLote)=(""""&loteAtivo))),RC1),""""))"
"Calc";"C70";"selecao";"=IF(RC2="""","""",MAXIFS(rData,rAnalito,selAnalito,rRUN,RC2,rLote,loteAtivo,rStatus,""Ativo""))"
"Calc";"F70";"selecao";"=IF(RC2="""","""",IF(COUNTIFS(rAnalito,selAnalito,rNivel,1,rRUN,RC2,rLote,loteAtivo,rStatus,""Ativo"")=0,"""",SUMIFS(rValor,rAnalito,selAnalito,rNivel,1,rRUN,RC2,rLote,loteAtivo,rStatus,""Ativo"")))"
"Calc";"AB70";"selecao";"=IF(RC2="""","""",IF(COUNTIFS(rAnalito,selAnalito,rNivel,2,rRUN,RC2,rLote,loteAtivo,rStatus,""Ativo"")=0,"""",SUMIFS(rValor,rAnalito,selAnalito,rNivel,2,rRUN,RC2,rLote,loteAtivo,rStatus,""Ativo"")))"
"Calc";"AX70";"selecao";"=IF(RC2="""","""",IF(COUNTIFS(rAnalito,selAnalito,rNivel,3,rRUN,RC2,rLote,loteAtivo,rStatus,""Ativo"")=0,"""",SUMIFS(rValor,rAnalito,selAnalito,rNivel,3,rRUN,RC2,rLote,loteAtivo,rStatus,""Ativo"")))"
"Calc";"B71";"selecao";"=IF(selAnalito="""","""",IFERROR(AGGREGATE(15,6,rRUN/((rAnalito=selAnalito)*(rFirst=1)*((""""&rLote)=(""""&loteAtivo))),RC1),""""))"
"Calc";"C71";"selecao";"=IF(RC2="""","""",MAXIFS(rData,rAnalito,selAnalito,rRUN,RC2,rLote,loteAtivo,rStatus,""Ativo""))"
"Calc";"F71";"selecao";"=IF(RC2="""","""",IF(COUNTIFS(rAnalito,selAnalito,rNivel,1,rRUN,RC2,rLote,loteAtivo,rStatus,""Ativo"")=0,"""",SUMIFS(rValor,rAnalito,selAnalito,rNivel,1,rRUN,RC2,rLote,loteAtivo,rStatus,""Ativo"")))"
"Calc";"AB71";"selecao";"=IF(RC2="""","""",IF(COUNTIFS(rAnalito,selAnalito,rNivel,2,rRUN,RC2,rLote,loteAtivo,rStatus,""Ativo"")=0,"""",SUMIFS(rValor,rAnalito,selAnalito,rNivel,2,rRUN,RC2,rLote,loteAtivo,rStatus,""Ativo"")))"
"Calc";"AX71";"selecao";"=IF(RC2="""","""",IF(COUNTIFS(rAnalito,selAnalito,rNivel,3,rRUN,RC2,rLote,loteAtivo,rStatus,""Ativo"")=0,"""",SUMIFS(rValor,rAnalito,selAnalito,rNivel,3,rRUN,RC2,rLote,loteAtivo,rStatus,""Ativo"")))"
"Calc";"B72";"selecao";"=IF(selAnalito="""","""",IFERROR(AGGREGATE(15,6,rRUN/((rAnalito=selAnalito)*(rFirst=1)*((""""&rLote)=(""""&loteAtivo))),RC1),""""))"
"Calc";"C72";"selecao";"=IF(RC2="""","""",MAXIFS(rData,rAnalito,selAnalito,rRUN,RC2,rLote,loteAtivo,rStatus,""Ativo""))"
"Calc";"F72";"selecao";"=IF(RC2="""","""",IF(COUNTIFS(rAnalito,selAnalito,rNivel,1,rRUN,RC2,rLote,loteAtivo,rStatus,""Ativo"")=0,"""",SUMIFS(rValor,rAnalito,selAnalito,rNivel,1,rRUN,RC2,rLote,loteAtivo,rStatus,""Ativo"")))"
"Calc";"AB72";"selecao";"=IF(RC2="""","""",IF(COUNTIFS(rAnalito,selAnalito,rNivel,2,rRUN,RC2,rLote,loteAtivo,rStatus,""Ativo"")=0,"""",SUMIFS(rValor,rAnalito,selAnalito,rNivel,2,rRUN,RC2,rLote,loteAtivo,rStatus,""Ativo"")))"
"Calc";"AX72";"selecao";"=IF(RC2="""","""",IF(COUNTIFS(rAnalito,selAnalito,rNivel,3,rRUN,RC2,rLote,loteAtivo,rStatus,""Ativo"")=0,"""",SUMIFS(rValor,rAnalito,selAnalito,rNivel,3,rRUN,RC2,rLote,loteAtivo,rStatus,""Ativo"")))"
"Calc";"B73";"selecao";"=IF(selAnalito="""","""",IFERROR(AGGREGATE(15,6,rRUN/((rAnalito=selAnalito)*(rFirst=1)*((""""&rLote)=(""""&loteAtivo))),RC1),""""))"
"Calc";"C73";"selecao";"=IF(RC2="""","""",MAXIFS(rData,rAnalito,selAnalito,rRUN,RC2,rLote,loteAtivo,rStatus,""Ativo""))"
"Calc";"F73";"selecao";"=IF(RC2="""","""",IF(COUNTIFS(rAnalito,selAnalito,rNivel,1,rRUN,RC2,rLote,loteAtivo,rStatus,""Ativo"")=0,"""",SUMIFS(rValor,rAnalito,selAnalito,rNivel,1,rRUN,RC2,rLote,loteAtivo,rStatus,""Ativo"")))"
"Calc";"AB73";"selecao";"=IF(RC2="""","""",IF(COUNTIFS(rAnalito,selAnalito,rNivel,2,rRUN,RC2,rLote,loteAtivo,rStatus,""Ativo"")=0,"""",SUMIFS(rValor,rAnalito,selAnalito,rNivel,2,rRUN,RC2,rLote,loteAtivo,rStatus,""Ativo"")))"
"Calc";"AX73";"selecao";"=IF(RC2="""","""",IF(COUNTIFS(rAnalito,selAnalito,rNivel,3,rRUN,RC2,rLote,loteAtivo,rStatus,""Ativo"")=0,"""",SUMIFS(rValor,rAnalito,selAnalito,rNivel,3,rRUN,RC2,rLote,loteAtivo,rStatus,""Ativo"")))"
"Calc";"B74";"selecao";"=IF(selAnalito="""","""",IFERROR(AGGREGATE(15,6,rRUN/((rAnalito=selAnalito)*(rFirst=1)*((""""&rLote)=(""""&loteAtivo))),RC1),""""))"
"Calc";"C74";"selecao";"=IF(RC2="""","""",MAXIFS(rData,rAnalito,selAnalito,rRUN,RC2,rLote,loteAtivo,rStatus,""Ativo""))"
"Calc";"F74";"selecao";"=IF(RC2="""","""",IF(COUNTIFS(rAnalito,selAnalito,rNivel,1,rRUN,RC2,rLote,loteAtivo,rStatus,""Ativo"")=0,"""",SUMIFS(rValor,rAnalito,selAnalito,rNivel,1,rRUN,RC2,rLote,loteAtivo,rStatus,""Ativo"")))"
"Calc";"AB74";"selecao";"=IF(RC2="""","""",IF(COUNTIFS(rAnalito,selAnalito,rNivel,2,rRUN,RC2,rLote,loteAtivo,rStatus,""Ativo"")=0,"""",SUMIFS(rValor,rAnalito,selAnalito,rNivel,2,rRUN,RC2,rLote,loteAtivo,rStatus,""Ativo"")))"
"Calc";"AX74";"selecao";"=IF(RC2="""","""",IF(COUNTIFS(rAnalito,selAnalito,rNivel,3,rRUN,RC2,rLote,loteAtivo,rStatus,""Ativo"")=0,"""",SUMIFS(rValor,rAnalito,selAnalito,rNivel,3,rRUN,RC2,rLote,loteAtivo,rStatus,""Ativo"")))"
"Calc";"B75";"selecao";"=IF(selAnalito="""","""",IFERROR(AGGREGATE(15,6,rRUN/((rAnalito=selAnalito)*(rFirst=1)*((""""&rLote)=(""""&loteAtivo))),RC1),""""))"
"Calc";"C75";"selecao";"=IF(RC2="""","""",MAXIFS(rData,rAnalito,selAnalito,rRUN,RC2,rLote,loteAtivo,rStatus,""Ativo""))"
"Calc";"F75";"selecao";"=IF(RC2="""","""",IF(COUNTIFS(rAnalito,selAnalito,rNivel,1,rRUN,RC2,rLote,loteAtivo,rStatus,""Ativo"")=0,"""",SUMIFS(rValor,rAnalito,selAnalito,rNivel,1,rRUN,RC2,rLote,loteAtivo,rStatus,""Ativo"")))"
"Calc";"AB75";"selecao";"=IF(RC2="""","""",IF(COUNTIFS(rAnalito,selAnalito,rNivel,2,rRUN,RC2,rLote,loteAtivo,rStatus,""Ativo"")=0,"""",SUMIFS(rValor,rAnalito,selAnalito,rNivel,2,rRUN,RC2,rLote,loteAtivo,rStatus,""Ativo"")))"
"Calc";"AX75";"selecao";"=IF(RC2="""","""",IF(COUNTIFS(rAnalito,selAnalito,rNivel,3,rRUN,RC2,rLote,loteAtivo,rStatus,""Ativo"")=0,"""",SUMIFS(rValor,rAnalito,selAnalito,rNivel,3,rRUN,RC2,rLote,loteAtivo,rStatus,""Ativo"")))"
"Calc";"B76";"selecao";"=IF(selAnalito="""","""",IFERROR(AGGREGATE(15,6,rRUN/((rAnalito=selAnalito)*(rFirst=1)*((""""&rLote)=(""""&loteAtivo))),RC1),""""))"
"Calc";"C76";"selecao";"=IF(RC2="""","""",MAXIFS(rData,rAnalito,selAnalito,rRUN,RC2,rLote,loteAtivo,rStatus,""Ativo""))"
"Calc";"F76";"selecao";"=IF(RC2="""","""",IF(COUNTIFS(rAnalito,selAnalito,rNivel,1,rRUN,RC2,rLote,loteAtivo,rStatus,""Ativo"")=0,"""",SUMIFS(rValor,rAnalito,selAnalito,rNivel,1,rRUN,RC2,rLote,loteAtivo,rStatus,""Ativo"")))"
"Calc";"AB76";"selecao";"=IF(RC2="""","""",IF(COUNTIFS(rAnalito,selAnalito,rNivel,2,rRUN,RC2,rLote,loteAtivo,rStatus,""Ativo"")=0,"""",SUMIFS(rValor,rAnalito,selAnalito,rNivel,2,rRUN,RC2,rLote,loteAtivo,rStatus,""Ativo"")))"
"Calc";"AX76";"selecao";"=IF(RC2="""","""",IF(COUNTIFS(rAnalito,selAnalito,rNivel,3,rRUN,RC2,rLote,loteAtivo,rStatus,""Ativo"")=0,"""",SUMIFS(rValor,rAnalito,selAnalito,rNivel,3,rRUN,RC2,rLote,loteAtivo,rStatus,""Ativo"")))"
"Calc";"B77";"selecao";"=IF(selAnalito="""","""",IFERROR(AGGREGATE(15,6,rRUN/((rAnalito=selAnalito)*(rFirst=1)*((""""&rLote)=(""""&loteAtivo))),RC1),""""))"
"Calc";"C77";"selecao";"=IF(RC2="""","""",MAXIFS(rData,rAnalito,selAnalito,rRUN,RC2,rLote,loteAtivo,rStatus,""Ativo""))"
"Calc";"F77";"selecao";"=IF(RC2="""","""",IF(COUNTIFS(rAnalito,selAnalito,rNivel,1,rRUN,RC2,rLote,loteAtivo,rStatus,""Ativo"")=0,"""",SUMIFS(rValor,rAnalito,selAnalito,rNivel,1,rRUN,RC2,rLote,loteAtivo,rStatus,""Ativo"")))"
"Calc";"AB77";"selecao";"=IF(RC2="""","""",IF(COUNTIFS(rAnalito,selAnalito,rNivel,2,rRUN,RC2,rLote,loteAtivo,rStatus,""Ativo"")=0,"""",SUMIFS(rValor,rAnalito,selAnalito,rNivel,2,rRUN,RC2,rLote,loteAtivo,rStatus,""Ativo"")))"
"Calc";"AX77";"selecao";"=IF(RC2="""","""",IF(COUNTIFS(rAnalito,selAnalito,rNivel,3,rRUN,RC2,rLote,loteAtivo,rStatus,""Ativo"")=0,"""",SUMIFS(rValor,rAnalito,selAnalito,rNivel,3,rRUN,RC2,rLote,loteAtivo,rStatus,""Ativo"")))"
"Calc";"B78";"selecao";"=IF(selAnalito="""","""",IFERROR(AGGREGATE(15,6,rRUN/((rAnalito=selAnalito)*(rFirst=1)*((""""&rLote)=(""""&loteAtivo))),RC1),""""))"
"Calc";"C78";"selecao";"=IF(RC2="""","""",MAXIFS(rData,rAnalito,selAnalito,rRUN,RC2,rLote,loteAtivo,rStatus,""Ativo""))"
"Calc";"F78";"selecao";"=IF(RC2="""","""",IF(COUNTIFS(rAnalito,selAnalito,rNivel,1,rRUN,RC2,rLote,loteAtivo,rStatus,""Ativo"")=0,"""",SUMIFS(rValor,rAnalito,selAnalito,rNivel,1,rRUN,RC2,rLote,loteAtivo,rStatus,""Ativo"")))"
"Calc";"AB78";"selecao";"=IF(RC2="""","""",IF(COUNTIFS(rAnalito,selAnalito,rNivel,2,rRUN,RC2,rLote,loteAtivo,rStatus,""Ativo"")=0,"""",SUMIFS(rValor,rAnalito,selAnalito,rNivel,2,rRUN,RC2,rLote,loteAtivo,rStatus,""Ativo"")))"
"Calc";"AX78";"selecao";"=IF(RC2="""","""",IF(COUNTIFS(rAnalito,selAnalito,rNivel,3,rRUN,RC2,rLote,loteAtivo,rStatus,""Ativo"")=0,"""",SUMIFS(rValor,rAnalito,selAnalito,rNivel,3,rRUN,RC2,rLote,loteAtivo,rStatus,""Ativo"")))"
"Calc";"B79";"selecao";"=IF(selAnalito="""","""",IFERROR(AGGREGATE(15,6,rRUN/((rAnalito=selAnalito)*(rFirst=1)*((""""&rLote)=(""""&loteAtivo))),RC1),""""))"
"Calc";"C79";"selecao";"=IF(RC2="""","""",MAXIFS(rData,rAnalito,selAnalito,rRUN,RC2,rLote,loteAtivo,rStatus,""Ativo""))"
"Calc";"F79";"selecao";"=IF(RC2="""","""",IF(COUNTIFS(rAnalito,selAnalito,rNivel,1,rRUN,RC2,rLote,loteAtivo,rStatus,""Ativo"")=0,"""",SUMIFS(rValor,rAnalito,selAnalito,rNivel,1,rRUN,RC2,rLote,loteAtivo,rStatus,""Ativo"")))"
"Calc";"AB79";"selecao";"=IF(RC2="""","""",IF(COUNTIFS(rAnalito,selAnalito,rNivel,2,rRUN,RC2,rLote,loteAtivo,rStatus,""Ativo"")=0,"""",SUMIFS(rValor,rAnalito,selAnalito,rNivel,2,rRUN,RC2,rLote,loteAtivo,rStatus,""Ativo"")))"
"Calc";"AX79";"selecao";"=IF(RC2="""","""",IF(COUNTIFS(rAnalito,selAnalito,rNivel,3,rRUN,RC2,rLote,loteAtivo,rStatus,""Ativo"")=0,"""",SUMIFS(rValor,rAnalito,selAnalito,rNivel,3,rRUN,RC2,rLote,loteAtivo,rStatus,""Ativo"")))"
"Calc";"B80";"selecao";"=IF(selAnalito="""","""",IFERROR(AGGREGATE(15,6,rRUN/((rAnalito=selAnalito)*(rFirst=1)*((""""&rLote)=(""""&loteAtivo))),RC1),""""))"
"Calc";"C80";"selecao";"=IF(RC2="""","""",MAXIFS(rData,rAnalito,selAnalito,rRUN,RC2,rLote,loteAtivo,rStatus,""Ativo""))"
"Calc";"F80";"selecao";"=IF(RC2="""","""",IF(COUNTIFS(rAnalito,selAnalito,rNivel,1,rRUN,RC2,rLote,loteAtivo,rStatus,""Ativo"")=0,"""",SUMIFS(rValor,rAnalito,selAnalito,rNivel,1,rRUN,RC2,rLote,loteAtivo,rStatus,""Ativo"")))"
"Calc";"AB80";"selecao";"=IF(RC2="""","""",IF(COUNTIFS(rAnalito,selAnalito,rNivel,2,rRUN,RC2,rLote,loteAtivo,rStatus,""Ativo"")=0,"""",SUMIFS(rValor,rAnalito,selAnalito,rNivel,2,rRUN,RC2,rLote,loteAtivo,rStatus,""Ativo"")))"
"Calc";"AX80";"selecao";"=IF(RC2="""","""",IF(COUNTIFS(rAnalito,selAnalito,rNivel,3,rRUN,RC2,rLote,loteAtivo,rStatus,""Ativo"")=0,"""",SUMIFS(rValor,rAnalito,selAnalito,rNivel,3,rRUN,RC2,rLote,loteAtivo,rStatus,""Ativo"")))"
"Calc";"B81";"selecao";"=IF(selAnalito="""","""",IFERROR(AGGREGATE(15,6,rRUN/((rAnalito=selAnalito)*(rFirst=1)*((""""&rLote)=(""""&loteAtivo))),RC1),""""))"
"Calc";"C81";"selecao";"=IF(RC2="""","""",MAXIFS(rData,rAnalito,selAnalito,rRUN,RC2,rLote,loteAtivo,rStatus,""Ativo""))"
"Calc";"F81";"selecao";"=IF(RC2="""","""",IF(COUNTIFS(rAnalito,selAnalito,rNivel,1,rRUN,RC2,rLote,loteAtivo,rStatus,""Ativo"")=0,"""",SUMIFS(rValor,rAnalito,selAnalito,rNivel,1,rRUN,RC2,rLote,loteAtivo,rStatus,""Ativo"")))"
"Calc";"AB81";"selecao";"=IF(RC2="""","""",IF(COUNTIFS(rAnalito,selAnalito,rNivel,2,rRUN,RC2,rLote,loteAtivo,rStatus,""Ativo"")=0,"""",SUMIFS(rValor,rAnalito,selAnalito,rNivel,2,rRUN,RC2,rLote,loteAtivo,rStatus,""Ativo"")))"
"Calc";"AX81";"selecao";"=IF(RC2="""","""",IF(COUNTIFS(rAnalito,selAnalito,rNivel,3,rRUN,RC2,rLote,loteAtivo,rStatus,""Ativo"")=0,"""",SUMIFS(rValor,rAnalito,selAnalito,rNivel,3,rRUN,RC2,rLote,loteAtivo,rStatus,""Ativo"")))"
"Calc";"B82";"selecao";"=IF(selAnalito="""","""",IFERROR(AGGREGATE(15,6,rRUN/((rAnalito=selAnalito)*(rFirst=1)*((""""&rLote)=(""""&loteAtivo))),RC1),""""))"
"Calc";"C82";"selecao";"=IF(RC2="""","""",MAXIFS(rData,rAnalito,selAnalito,rRUN,RC2,rLote,loteAtivo,rStatus,""Ativo""))"
"Calc";"F82";"selecao";"=IF(RC2="""","""",IF(COUNTIFS(rAnalito,selAnalito,rNivel,1,rRUN,RC2,rLote,loteAtivo,rStatus,""Ativo"")=0,"""",SUMIFS(rValor,rAnalito,selAnalito,rNivel,1,rRUN,RC2,rLote,loteAtivo,rStatus,""Ativo"")))"
"Calc";"AB82";"selecao";"=IF(RC2="""","""",IF(COUNTIFS(rAnalito,selAnalito,rNivel,2,rRUN,RC2,rLote,loteAtivo,rStatus,""Ativo"")=0,"""",SUMIFS(rValor,rAnalito,selAnalito,rNivel,2,rRUN,RC2,rLote,loteAtivo,rStatus,""Ativo"")))"
"Calc";"AX82";"selecao";"=IF(RC2="""","""",IF(COUNTIFS(rAnalito,selAnalito,rNivel,3,rRUN,RC2,rLote,loteAtivo,rStatus,""Ativo"")=0,"""",SUMIFS(rValor,rAnalito,selAnalito,rNivel,3,rRUN,RC2,rLote,loteAtivo,rStatus,""Ativo"")))"
"Calc";"B83";"selecao";"=IF(selAnalito="""","""",IFERROR(AGGREGATE(15,6,rRUN/((rAnalito=selAnalito)*(rFirst=1)*((""""&rLote)=(""""&loteAtivo))),RC1),""""))"
"Calc";"C83";"selecao";"=IF(RC2="""","""",MAXIFS(rData,rAnalito,selAnalito,rRUN,RC2,rLote,loteAtivo,rStatus,""Ativo""))"
"Calc";"F83";"selecao";"=IF(RC2="""","""",IF(COUNTIFS(rAnalito,selAnalito,rNivel,1,rRUN,RC2,rLote,loteAtivo,rStatus,""Ativo"")=0,"""",SUMIFS(rValor,rAnalito,selAnalito,rNivel,1,rRUN,RC2,rLote,loteAtivo,rStatus,""Ativo"")))"
"Calc";"AB83";"selecao";"=IF(RC2="""","""",IF(COUNTIFS(rAnalito,selAnalito,rNivel,2,rRUN,RC2,rLote,loteAtivo,rStatus,""Ativo"")=0,"""",SUMIFS(rValor,rAnalito,selAnalito,rNivel,2,rRUN,RC2,rLote,loteAtivo,rStatus,""Ativo"")))"
"Calc";"AX83";"selecao";"=IF(RC2="""","""",IF(COUNTIFS(rAnalito,selAnalito,rNivel,3,rRUN,RC2,rLote,loteAtivo,rStatus,""Ativo"")=0,"""",SUMIFS(rValor,rAnalito,selAnalito,rNivel,3,rRUN,RC2,rLote,loteAtivo,rStatus,""Ativo"")))"
"Calc";"B84";"selecao";"=IF(selAnalito="""","""",IFERROR(AGGREGATE(15,6,rRUN/((rAnalito=selAnalito)*(rFirst=1)*((""""&rLote)=(""""&loteAtivo))),RC1),""""))"
"Calc";"C84";"selecao";"=IF(RC2="""","""",MAXIFS(rData,rAnalito,selAnalito,rRUN,RC2,rLote,loteAtivo,rStatus,""Ativo""))"
"Calc";"F84";"selecao";"=IF(RC2="""","""",IF(COUNTIFS(rAnalito,selAnalito,rNivel,1,rRUN,RC2,rLote,loteAtivo,rStatus,""Ativo"")=0,"""",SUMIFS(rValor,rAnalito,selAnalito,rNivel,1,rRUN,RC2,rLote,loteAtivo,rStatus,""Ativo"")))"
"Calc";"AB84";"selecao";"=IF(RC2="""","""",IF(COUNTIFS(rAnalito,selAnalito,rNivel,2,rRUN,RC2,rLote,loteAtivo,rStatus,""Ativo"")=0,"""",SUMIFS(rValor,rAnalito,selAnalito,rNivel,2,rRUN,RC2,rLote,loteAtivo,rStatus,""Ativo"")))"
"Calc";"AX84";"selecao";"=IF(RC2="""","""",IF(COUNTIFS(rAnalito,selAnalito,rNivel,3,rRUN,RC2,rLote,loteAtivo,rStatus,""Ativo"")=0,"""",SUMIFS(rValor,rAnalito,selAnalito,rNivel,3,rRUN,RC2,rLote,loteAtivo,rStatus,""Ativo"")))"
"Calc";"B85";"selecao";"=IF(selAnalito="""","""",IFERROR(AGGREGATE(15,6,rRUN/((rAnalito=selAnalito)*(rFirst=1)*((""""&rLote)=(""""&loteAtivo))),RC1),""""))"
"Calc";"C85";"selecao";"=IF(RC2="""","""",MAXIFS(rData,rAnalito,selAnalito,rRUN,RC2,rLote,loteAtivo,rStatus,""Ativo""))"
"Calc";"F85";"selecao";"=IF(RC2="""","""",IF(COUNTIFS(rAnalito,selAnalito,rNivel,1,rRUN,RC2,rLote,loteAtivo,rStatus,""Ativo"")=0,"""",SUMIFS(rValor,rAnalito,selAnalito,rNivel,1,rRUN,RC2,rLote,loteAtivo,rStatus,""Ativo"")))"
"Calc";"AB85";"selecao";"=IF(RC2="""","""",IF(COUNTIFS(rAnalito,selAnalito,rNivel,2,rRUN,RC2,rLote,loteAtivo,rStatus,""Ativo"")=0,"""",SUMIFS(rValor,rAnalito,selAnalito,rNivel,2,rRUN,RC2,rLote,loteAtivo,rStatus,""Ativo"")))"
"Calc";"AX85";"selecao";"=IF(RC2="""","""",IF(COUNTIFS(rAnalito,selAnalito,rNivel,3,rRUN,RC2,rLote,loteAtivo,rStatus,""Ativo"")=0,"""",SUMIFS(rValor,rAnalito,selAnalito,rNivel,3,rRUN,RC2,rLote,loteAtivo,rStatus,""Ativo"")))"
"Calc";"B86";"selecao";"=IF(selAnalito="""","""",IFERROR(AGGREGATE(15,6,rRUN/((rAnalito=selAnalito)*(rFirst=1)*((""""&rLote)=(""""&loteAtivo))),RC1),""""))"
"Calc";"C86";"selecao";"=IF(RC2="""","""",MAXIFS(rData,rAnalito,selAnalito,rRUN,RC2,rLote,loteAtivo,rStatus,""Ativo""))"
"Calc";"F86";"selecao";"=IF(RC2="""","""",IF(COUNTIFS(rAnalito,selAnalito,rNivel,1,rRUN,RC2,rLote,loteAtivo,rStatus,""Ativo"")=0,"""",SUMIFS(rValor,rAnalito,selAnalito,rNivel,1,rRUN,RC2,rLote,loteAtivo,rStatus,""Ativo"")))"
"Calc";"AB86";"selecao";"=IF(RC2="""","""",IF(COUNTIFS(rAnalito,selAnalito,rNivel,2,rRUN,RC2,rLote,loteAtivo,rStatus,""Ativo"")=0,"""",SUMIFS(rValor,rAnalito,selAnalito,rNivel,2,rRUN,RC2,rLote,loteAtivo,rStatus,""Ativo"")))"
"Calc";"AX86";"selecao";"=IF(RC2="""","""",IF(COUNTIFS(rAnalito,selAnalito,rNivel,3,rRUN,RC2,rLote,loteAtivo,rStatus,""Ativo"")=0,"""",SUMIFS(rValor,rAnalito,selAnalito,rNivel,3,rRUN,RC2,rLote,loteAtivo,rStatus,""Ativo"")))"
"Calc";"B87";"selecao";"=IF(selAnalito="""","""",IFERROR(AGGREGATE(15,6,rRUN/((rAnalito=selAnalito)*(rFirst=1)*((""""&rLote)=(""""&loteAtivo))),RC1),""""))"
"Calc";"C87";"selecao";"=IF(RC2="""","""",MAXIFS(rData,rAnalito,selAnalito,rRUN,RC2,rLote,loteAtivo,rStatus,""Ativo""))"
"Calc";"F87";"selecao";"=IF(RC2="""","""",IF(COUNTIFS(rAnalito,selAnalito,rNivel,1,rRUN,RC2,rLote,loteAtivo,rStatus,""Ativo"")=0,"""",SUMIFS(rValor,rAnalito,selAnalito,rNivel,1,rRUN,RC2,rLote,loteAtivo,rStatus,""Ativo"")))"
"Calc";"AB87";"selecao";"=IF(RC2="""","""",IF(COUNTIFS(rAnalito,selAnalito,rNivel,2,rRUN,RC2,rLote,loteAtivo,rStatus,""Ativo"")=0,"""",SUMIFS(rValor,rAnalito,selAnalito,rNivel,2,rRUN,RC2,rLote,loteAtivo,rStatus,""Ativo"")))"
"Calc";"AX87";"selecao";"=IF(RC2="""","""",IF(COUNTIFS(rAnalito,selAnalito,rNivel,3,rRUN,RC2,rLote,loteAtivo,rStatus,""Ativo"")=0,"""",SUMIFS(rValor,rAnalito,selAnalito,rNivel,3,rRUN,RC2,rLote,loteAtivo,rStatus,""Ativo"")))"
"Calc";"B88";"selecao";"=IF(selAnalito="""","""",IFERROR(AGGREGATE(15,6,rRUN/((rAnalito=selAnalito)*(rFirst=1)*((""""&rLote)=(""""&loteAtivo))),RC1),""""))"
"Calc";"C88";"selecao";"=IF(RC2="""","""",MAXIFS(rData,rAnalito,selAnalito,rRUN,RC2,rLote,loteAtivo,rStatus,""Ativo""))"
"Calc";"F88";"selecao";"=IF(RC2="""","""",IF(COUNTIFS(rAnalito,selAnalito,rNivel,1,rRUN,RC2,rLote,loteAtivo,rStatus,""Ativo"")=0,"""",SUMIFS(rValor,rAnalito,selAnalito,rNivel,1,rRUN,RC2,rLote,loteAtivo,rStatus,""Ativo"")))"
"Calc";"AB88";"selecao";"=IF(RC2="""","""",IF(COUNTIFS(rAnalito,selAnalito,rNivel,2,rRUN,RC2,rLote,loteAtivo,rStatus,""Ativo"")=0,"""",SUMIFS(rValor,rAnalito,selAnalito,rNivel,2,rRUN,RC2,rLote,loteAtivo,rStatus,""Ativo"")))"
"Calc";"AX88";"selecao";"=IF(RC2="""","""",IF(COUNTIFS(rAnalito,selAnalito,rNivel,3,rRUN,RC2,rLote,loteAtivo,rStatus,""Ativo"")=0,"""",SUMIFS(rValor,rAnalito,selAnalito,rNivel,3,rRUN,RC2,rLote,loteAtivo,rStatus,""Ativo"")))"
"Calc";"B89";"selecao";"=IF(selAnalito="""","""",IFERROR(AGGREGATE(15,6,rRUN/((rAnalito=selAnalito)*(rFirst=1)*((""""&rLote)=(""""&loteAtivo))),RC1),""""))"
"Calc";"C89";"selecao";"=IF(RC2="""","""",MAXIFS(rData,rAnalito,selAnalito,rRUN,RC2,rLote,loteAtivo,rStatus,""Ativo""))"
"Calc";"F89";"selecao";"=IF(RC2="""","""",IF(COUNTIFS(rAnalito,selAnalito,rNivel,1,rRUN,RC2,rLote,loteAtivo,rStatus,""Ativo"")=0,"""",SUMIFS(rValor,rAnalito,selAnalito,rNivel,1,rRUN,RC2,rLote,loteAtivo,rStatus,""Ativo"")))"
"Calc";"AB89";"selecao";"=IF(RC2="""","""",IF(COUNTIFS(rAnalito,selAnalito,rNivel,2,rRUN,RC2,rLote,loteAtivo,rStatus,""Ativo"")=0,"""",SUMIFS(rValor,rAnalito,selAnalito,rNivel,2,rRUN,RC2,rLote,loteAtivo,rStatus,""Ativo"")))"
"Calc";"AX89";"selecao";"=IF(RC2="""","""",IF(COUNTIFS(rAnalito,selAnalito,rNivel,3,rRUN,RC2,rLote,loteAtivo,rStatus,""Ativo"")=0,"""",SUMIFS(rValor,rAnalito,selAnalito,rNivel,3,rRUN,RC2,rLote,loteAtivo,rStatus,""Ativo"")))"
"Calc";"B90";"selecao";"=IF(selAnalito="""","""",IFERROR(AGGREGATE(15,6,rRUN/((rAnalito=selAnalito)*(rFirst=1)*((""""&rLote)=(""""&loteAtivo))),RC1),""""))"
"Calc";"C90";"selecao";"=IF(RC2="""","""",MAXIFS(rData,rAnalito,selAnalito,rRUN,RC2,rLote,loteAtivo,rStatus,""Ativo""))"
"Calc";"F90";"selecao";"=IF(RC2="""","""",IF(COUNTIFS(rAnalito,selAnalito,rNivel,1,rRUN,RC2,rLote,loteAtivo,rStatus,""Ativo"")=0,"""",SUMIFS(rValor,rAnalito,selAnalito,rNivel,1,rRUN,RC2,rLote,loteAtivo,rStatus,""Ativo"")))"
"Calc";"AB90";"selecao";"=IF(RC2="""","""",IF(COUNTIFS(rAnalito,selAnalito,rNivel,2,rRUN,RC2,rLote,loteAtivo,rStatus,""Ativo"")=0,"""",SUMIFS(rValor,rAnalito,selAnalito,rNivel,2,rRUN,RC2,rLote,loteAtivo,rStatus,""Ativo"")))"
"Calc";"AX90";"selecao";"=IF(RC2="""","""",IF(COUNTIFS(rAnalito,selAnalito,rNivel,3,rRUN,RC2,rLote,loteAtivo,rStatus,""Ativo"")=0,"""",SUMIFS(rValor,rAnalito,selAnalito,rNivel,3,rRUN,RC2,rLote,loteAtivo,rStatus,""Ativo"")))"
"Calc";"B91";"selecao";"=IF(selAnalito="""","""",IFERROR(AGGREGATE(15,6,rRUN/((rAnalito=selAnalito)*(rFirst=1)*((""""&rLote)=(""""&loteAtivo))),RC1),""""))"
"Calc";"C91";"selecao";"=IF(RC2="""","""",MAXIFS(rData,rAnalito,selAnalito,rRUN,RC2,rLote,loteAtivo,rStatus,""Ativo""))"
"Calc";"F91";"selecao";"=IF(RC2="""","""",IF(COUNTIFS(rAnalito,selAnalito,rNivel,1,rRUN,RC2,rLote,loteAtivo,rStatus,""Ativo"")=0,"""",SUMIFS(rValor,rAnalito,selAnalito,rNivel,1,rRUN,RC2,rLote,loteAtivo,rStatus,""Ativo"")))"
"Calc";"AB91";"selecao";"=IF(RC2="""","""",IF(COUNTIFS(rAnalito,selAnalito,rNivel,2,rRUN,RC2,rLote,loteAtivo,rStatus,""Ativo"")=0,"""",SUMIFS(rValor,rAnalito,selAnalito,rNivel,2,rRUN,RC2,rLote,loteAtivo,rStatus,""Ativo"")))"
"Calc";"AX91";"selecao";"=IF(RC2="""","""",IF(COUNTIFS(rAnalito,selAnalito,rNivel,3,rRUN,RC2,rLote,loteAtivo,rStatus,""Ativo"")=0,"""",SUMIFS(rValor,rAnalito,selAnalito,rNivel,3,rRUN,RC2,rLote,loteAtivo,rStatus,""Ativo"")))"
"Calc";"B92";"selecao";"=IF(selAnalito="""","""",IFERROR(AGGREGATE(15,6,rRUN/((rAnalito=selAnalito)*(rFirst=1)*((""""&rLote)=(""""&loteAtivo))),RC1),""""))"
"Calc";"C92";"selecao";"=IF(RC2="""","""",MAXIFS(rData,rAnalito,selAnalito,rRUN,RC2,rLote,loteAtivo,rStatus,""Ativo""))"
"Calc";"F92";"selecao";"=IF(RC2="""","""",IF(COUNTIFS(rAnalito,selAnalito,rNivel,1,rRUN,RC2,rLote,loteAtivo,rStatus,""Ativo"")=0,"""",SUMIFS(rValor,rAnalito,selAnalito,rNivel,1,rRUN,RC2,rLote,loteAtivo,rStatus,""Ativo"")))"
"Calc";"AB92";"selecao";"=IF(RC2="""","""",IF(COUNTIFS(rAnalito,selAnalito,rNivel,2,rRUN,RC2,rLote,loteAtivo,rStatus,""Ativo"")=0,"""",SUMIFS(rValor,rAnalito,selAnalito,rNivel,2,rRUN,RC2,rLote,loteAtivo,rStatus,""Ativo"")))"
"Calc";"AX92";"selecao";"=IF(RC2="""","""",IF(COUNTIFS(rAnalito,selAnalito,rNivel,3,rRUN,RC2,rLote,loteAtivo,rStatus,""Ativo"")=0,"""",SUMIFS(rValor,rAnalito,selAnalito,rNivel,3,rRUN,RC2,rLote,loteAtivo,rStatus,""Ativo"")))"
"Calc";"B93";"selecao";"=IF(selAnalito="""","""",IFERROR(AGGREGATE(15,6,rRUN/((rAnalito=selAnalito)*(rFirst=1)*((""""&rLote)=(""""&loteAtivo))),RC1),""""))"
"Calc";"C93";"selecao";"=IF(RC2="""","""",MAXIFS(rData,rAnalito,selAnalito,rRUN,RC2,rLote,loteAtivo,rStatus,""Ativo""))"
"Calc";"F93";"selecao";"=IF(RC2="""","""",IF(COUNTIFS(rAnalito,selAnalito,rNivel,1,rRUN,RC2,rLote,loteAtivo,rStatus,""Ativo"")=0,"""",SUMIFS(rValor,rAnalito,selAnalito,rNivel,1,rRUN,RC2,rLote,loteAtivo,rStatus,""Ativo"")))"
"Calc";"AB93";"selecao";"=IF(RC2="""","""",IF(COUNTIFS(rAnalito,selAnalito,rNivel,2,rRUN,RC2,rLote,loteAtivo,rStatus,""Ativo"")=0,"""",SUMIFS(rValor,rAnalito,selAnalito,rNivel,2,rRUN,RC2,rLote,loteAtivo,rStatus,""Ativo"")))"
"Calc";"AX93";"selecao";"=IF(RC2="""","""",IF(COUNTIFS(rAnalito,selAnalito,rNivel,3,rRUN,RC2,rLote,loteAtivo,rStatus,""Ativo"")=0,"""",SUMIFS(rValor,rAnalito,selAnalito,rNivel,3,rRUN,RC2,rLote,loteAtivo,rStatus,""Ativo"")))"
"Calc";"B94";"selecao";"=IF(selAnalito="""","""",IFERROR(AGGREGATE(15,6,rRUN/((rAnalito=selAnalito)*(rFirst=1)*((""""&rLote)=(""""&loteAtivo))),RC1),""""))"
"Calc";"C94";"selecao";"=IF(RC2="""","""",MAXIFS(rData,rAnalito,selAnalito,rRUN,RC2,rLote,loteAtivo,rStatus,""Ativo""))"
"Calc";"F94";"selecao";"=IF(RC2="""","""",IF(COUNTIFS(rAnalito,selAnalito,rNivel,1,rRUN,RC2,rLote,loteAtivo,rStatus,""Ativo"")=0,"""",SUMIFS(rValor,rAnalito,selAnalito,rNivel,1,rRUN,RC2,rLote,loteAtivo,rStatus,""Ativo"")))"
"Calc";"AB94";"selecao";"=IF(RC2="""","""",IF(COUNTIFS(rAnalito,selAnalito,rNivel,2,rRUN,RC2,rLote,loteAtivo,rStatus,""Ativo"")=0,"""",SUMIFS(rValor,rAnalito,selAnalito,rNivel,2,rRUN,RC2,rLote,loteAtivo,rStatus,""Ativo"")))"
"Calc";"AX94";"selecao";"=IF(RC2="""","""",IF(COUNTIFS(rAnalito,selAnalito,rNivel,3,rRUN,RC2,rLote,loteAtivo,rStatus,""Ativo"")=0,"""",SUMIFS(rValor,rAnalito,selAnalito,rNivel,3,rRUN,RC2,rLote,loteAtivo,rStatus,""Ativo"")))"
"Calc";"B95";"selecao";"=IF(selAnalito="""","""",IFERROR(AGGREGATE(15,6,rRUN/((rAnalito=selAnalito)*(rFirst=1)*((""""&rLote)=(""""&loteAtivo))),RC1),""""))"
"Calc";"C95";"selecao";"=IF(RC2="""","""",MAXIFS(rData,rAnalito,selAnalito,rRUN,RC2,rLote,loteAtivo,rStatus,""Ativo""))"
"Calc";"F95";"selecao";"=IF(RC2="""","""",IF(COUNTIFS(rAnalito,selAnalito,rNivel,1,rRUN,RC2,rLote,loteAtivo,rStatus,""Ativo"")=0,"""",SUMIFS(rValor,rAnalito,selAnalito,rNivel,1,rRUN,RC2,rLote,loteAtivo,rStatus,""Ativo"")))"
"Calc";"AB95";"selecao";"=IF(RC2="""","""",IF(COUNTIFS(rAnalito,selAnalito,rNivel,2,rRUN,RC2,rLote,loteAtivo,rStatus,""Ativo"")=0,"""",SUMIFS(rValor,rAnalito,selAnalito,rNivel,2,rRUN,RC2,rLote,loteAtivo,rStatus,""Ativo"")))"
"Calc";"AX95";"selecao";"=IF(RC2="""","""",IF(COUNTIFS(rAnalito,selAnalito,rNivel,3,rRUN,RC2,rLote,loteAtivo,rStatus,""Ativo"")=0,"""",SUMIFS(rValor,rAnalito,selAnalito,rNivel,3,rRUN,RC2,rLote,loteAtivo,rStatus,""Ativo"")))"
"Calc";"B96";"selecao";"=IF(selAnalito="""","""",IFERROR(AGGREGATE(15,6,rRUN/((rAnalito=selAnalito)*(rFirst=1)*((""""&rLote)=(""""&loteAtivo))),RC1),""""))"
"Calc";"C96";"selecao";"=IF(RC2="""","""",MAXIFS(rData,rAnalito,selAnalito,rRUN,RC2,rLote,loteAtivo,rStatus,""Ativo""))"
"Calc";"F96";"selecao";"=IF(RC2="""","""",IF(COUNTIFS(rAnalito,selAnalito,rNivel,1,rRUN,RC2,rLote,loteAtivo,rStatus,""Ativo"")=0,"""",SUMIFS(rValor,rAnalito,selAnalito,rNivel,1,rRUN,RC2,rLote,loteAtivo,rStatus,""Ativo"")))"
"Calc";"AB96";"selecao";"=IF(RC2="""","""",IF(COUNTIFS(rAnalito,selAnalito,rNivel,2,rRUN,RC2,rLote,loteAtivo,rStatus,""Ativo"")=0,"""",SUMIFS(rValor,rAnalito,selAnalito,rNivel,2,rRUN,RC2,rLote,loteAtivo,rStatus,""Ativo"")))"
"Calc";"AX96";"selecao";"=IF(RC2="""","""",IF(COUNTIFS(rAnalito,selAnalito,rNivel,3,rRUN,RC2,rLote,loteAtivo,rStatus,""Ativo"")=0,"""",SUMIFS(rValor,rAnalito,selAnalito,rNivel,3,rRUN,RC2,rLote,loteAtivo,rStatus,""Ativo"")))"
"Calc";"B97";"selecao";"=IF(selAnalito="""","""",IFERROR(AGGREGATE(15,6,rRUN/((rAnalito=selAnalito)*(rFirst=1)*((""""&rLote)=(""""&loteAtivo))),RC1),""""))"
"Calc";"C97";"selecao";"=IF(RC2="""","""",MAXIFS(rData,rAnalito,selAnalito,rRUN,RC2,rLote,loteAtivo,rStatus,""Ativo""))"
"Calc";"F97";"selecao";"=IF(RC2="""","""",IF(COUNTIFS(rAnalito,selAnalito,rNivel,1,rRUN,RC2,rLote,loteAtivo,rStatus,""Ativo"")=0,"""",SUMIFS(rValor,rAnalito,selAnalito,rNivel,1,rRUN,RC2,rLote,loteAtivo,rStatus,""Ativo"")))"
"Calc";"AB97";"selecao";"=IF(RC2="""","""",IF(COUNTIFS(rAnalito,selAnalito,rNivel,2,rRUN,RC2,rLote,loteAtivo,rStatus,""Ativo"")=0,"""",SUMIFS(rValor,rAnalito,selAnalito,rNivel,2,rRUN,RC2,rLote,loteAtivo,rStatus,""Ativo"")))"
"Calc";"AX97";"selecao";"=IF(RC2="""","""",IF(COUNTIFS(rAnalito,selAnalito,rNivel,3,rRUN,RC2,rLote,loteAtivo,rStatus,""Ativo"")=0,"""",SUMIFS(rValor,rAnalito,selAnalito,rNivel,3,rRUN,RC2,rLote,loteAtivo,rStatus,""Ativo"")))"
"Calc";"B98";"selecao";"=IF(selAnalito="""","""",IFERROR(AGGREGATE(15,6,rRUN/((rAnalito=selAnalito)*(rFirst=1)*((""""&rLote)=(""""&loteAtivo))),RC1),""""))"
"Calc";"C98";"selecao";"=IF(RC2="""","""",MAXIFS(rData,rAnalito,selAnalito,rRUN,RC2,rLote,loteAtivo,rStatus,""Ativo""))"
"Calc";"F98";"selecao";"=IF(RC2="""","""",IF(COUNTIFS(rAnalito,selAnalito,rNivel,1,rRUN,RC2,rLote,loteAtivo,rStatus,""Ativo"")=0,"""",SUMIFS(rValor,rAnalito,selAnalito,rNivel,1,rRUN,RC2,rLote,loteAtivo,rStatus,""Ativo"")))"
"Calc";"AB98";"selecao";"=IF(RC2="""","""",IF(COUNTIFS(rAnalito,selAnalito,rNivel,2,rRUN,RC2,rLote,loteAtivo,rStatus,""Ativo"")=0,"""",SUMIFS(rValor,rAnalito,selAnalito,rNivel,2,rRUN,RC2,rLote,loteAtivo,rStatus,""Ativo"")))"
"Calc";"AX98";"selecao";"=IF(RC2="""","""",IF(COUNTIFS(rAnalito,selAnalito,rNivel,3,rRUN,RC2,rLote,loteAtivo,rStatus,""Ativo"")=0,"""",SUMIFS(rValor,rAnalito,selAnalito,rNivel,3,rRUN,RC2,rLote,loteAtivo,rStatus,""Ativo"")))"
"Calc";"B99";"selecao";"=IF(selAnalito="""","""",IFERROR(AGGREGATE(15,6,rRUN/((rAnalito=selAnalito)*(rFirst=1)*((""""&rLote)=(""""&loteAtivo))),RC1),""""))"
"Calc";"C99";"selecao";"=IF(RC2="""","""",MAXIFS(rData,rAnalito,selAnalito,rRUN,RC2,rLote,loteAtivo,rStatus,""Ativo""))"
"Calc";"F99";"selecao";"=IF(RC2="""","""",IF(COUNTIFS(rAnalito,selAnalito,rNivel,1,rRUN,RC2,rLote,loteAtivo,rStatus,""Ativo"")=0,"""",SUMIFS(rValor,rAnalito,selAnalito,rNivel,1,rRUN,RC2,rLote,loteAtivo,rStatus,""Ativo"")))"
"Calc";"AB99";"selecao";"=IF(RC2="""","""",IF(COUNTIFS(rAnalito,selAnalito,rNivel,2,rRUN,RC2,rLote,loteAtivo,rStatus,""Ativo"")=0,"""",SUMIFS(rValor,rAnalito,selAnalito,rNivel,2,rRUN,RC2,rLote,loteAtivo,rStatus,""Ativo"")))"
"Calc";"AX99";"selecao";"=IF(RC2="""","""",IF(COUNTIFS(rAnalito,selAnalito,rNivel,3,rRUN,RC2,rLote,loteAtivo,rStatus,""Ativo"")=0,"""",SUMIFS(rValor,rAnalito,selAnalito,rNivel,3,rRUN,RC2,rLote,loteAtivo,rStatus,""Ativo"")))"
"Calc";"B100";"selecao";"=IF(selAnalito="""","""",IFERROR(AGGREGATE(15,6,rRUN/((rAnalito=selAnalito)*(rFirst=1)*((""""&rLote)=(""""&loteAtivo))),RC1),""""))"
"Calc";"C100";"selecao";"=IF(RC2="""","""",MAXIFS(rData,rAnalito,selAnalito,rRUN,RC2,rLote,loteAtivo,rStatus,""Ativo""))"
"Calc";"F100";"selecao";"=IF(RC2="""","""",IF(COUNTIFS(rAnalito,selAnalito,rNivel,1,rRUN,RC2,rLote,loteAtivo,rStatus,""Ativo"")=0,"""",SUMIFS(rValor,rAnalito,selAnalito,rNivel,1,rRUN,RC2,rLote,loteAtivo,rStatus,""Ativo"")))"
"Calc";"AB100";"selecao";"=IF(RC2="""","""",IF(COUNTIFS(rAnalito,selAnalito,rNivel,2,rRUN,RC2,rLote,loteAtivo,rStatus,""Ativo"")=0,"""",SUMIFS(rValor,rAnalito,selAnalito,rNivel,2,rRUN,RC2,rLote,loteAtivo,rStatus,""Ativo"")))"
"Calc";"AX100";"selecao";"=IF(RC2="""","""",IF(COUNTIFS(rAnalito,selAnalito,rNivel,3,rRUN,RC2,rLote,loteAtivo,rStatus,""Ativo"")=0,"""",SUMIFS(rValor,rAnalito,selAnalito,rNivel,3,rRUN,RC2,rLote,loteAtivo,rStatus,""Ativo"")))"
"Calc";"B101";"selecao";"=IF(selAnalito="""","""",IFERROR(AGGREGATE(15,6,rRUN/((rAnalito=selAnalito)*(rFirst=1)*((""""&rLote)=(""""&loteAtivo))),RC1),""""))"
"Calc";"C101";"selecao";"=IF(RC2="""","""",MAXIFS(rData,rAnalito,selAnalito,rRUN,RC2,rLote,loteAtivo,rStatus,""Ativo""))"
"Calc";"F101";"selecao";"=IF(RC2="""","""",IF(COUNTIFS(rAnalito,selAnalito,rNivel,1,rRUN,RC2,rLote,loteAtivo,rStatus,""Ativo"")=0,"""",SUMIFS(rValor,rAnalito,selAnalito,rNivel,1,rRUN,RC2,rLote,loteAtivo,rStatus,""Ativo"")))"
"Calc";"AB101";"selecao";"=IF(RC2="""","""",IF(COUNTIFS(rAnalito,selAnalito,rNivel,2,rRUN,RC2,rLote,loteAtivo,rStatus,""Ativo"")=0,"""",SUMIFS(rValor,rAnalito,selAnalito,rNivel,2,rRUN,RC2,rLote,loteAtivo,rStatus,""Ativo"")))"
"Calc";"AX101";"selecao";"=IF(RC2="""","""",IF(COUNTIFS(rAnalito,selAnalito,rNivel,3,rRUN,RC2,rLote,loteAtivo,rStatus,""Ativo"")=0,"""",SUMIFS(rValor,rAnalito,selAnalito,rNivel,3,rRUN,RC2,rLote,loteAtivo,rStatus,""Ativo"")))"
"Calc";"B102";"selecao";"=IF(selAnalito="""","""",IFERROR(AGGREGATE(15,6,rRUN/((rAnalito=selAnalito)*(rFirst=1)*((""""&rLote)=(""""&loteAtivo))),RC1),""""))"
"Calc";"C102";"selecao";"=IF(RC2="""","""",MAXIFS(rData,rAnalito,selAnalito,rRUN,RC2,rLote,loteAtivo,rStatus,""Ativo""))"
"Calc";"F102";"selecao";"=IF(RC2="""","""",IF(COUNTIFS(rAnalito,selAnalito,rNivel,1,rRUN,RC2,rLote,loteAtivo,rStatus,""Ativo"")=0,"""",SUMIFS(rValor,rAnalito,selAnalito,rNivel,1,rRUN,RC2,rLote,loteAtivo,rStatus,""Ativo"")))"
"Calc";"AB102";"selecao";"=IF(RC2="""","""",IF(COUNTIFS(rAnalito,selAnalito,rNivel,2,rRUN,RC2,rLote,loteAtivo,rStatus,""Ativo"")=0,"""",SUMIFS(rValor,rAnalito,selAnalito,rNivel,2,rRUN,RC2,rLote,loteAtivo,rStatus,""Ativo"")))"
"Calc";"AX102";"selecao";"=IF(RC2="""","""",IF(COUNTIFS(rAnalito,selAnalito,rNivel,3,rRUN,RC2,rLote,loteAtivo,rStatus,""Ativo"")=0,"""",SUMIFS(rValor,rAnalito,selAnalito,rNivel,3,rRUN,RC2,rLote,loteAtivo,rStatus,""Ativo"")))"
"Calc";"B103";"selecao";"=IF(selAnalito="""","""",IFERROR(AGGREGATE(15,6,rRUN/((rAnalito=selAnalito)*(rFirst=1)*((""""&rLote)=(""""&loteAtivo))),RC1),""""))"
"Calc";"C103";"selecao";"=IF(RC2="""","""",MAXIFS(rData,rAnalito,selAnalito,rRUN,RC2,rLote,loteAtivo,rStatus,""Ativo""))"
"Calc";"F103";"selecao";"=IF(RC2="""","""",IF(COUNTIFS(rAnalito,selAnalito,rNivel,1,rRUN,RC2,rLote,loteAtivo,rStatus,""Ativo"")=0,"""",SUMIFS(rValor,rAnalito,selAnalito,rNivel,1,rRUN,RC2,rLote,loteAtivo,rStatus,""Ativo"")))"
"Calc";"AB103";"selecao";"=IF(RC2="""","""",IF(COUNTIFS(rAnalito,selAnalito,rNivel,2,rRUN,RC2,rLote,loteAtivo,rStatus,""Ativo"")=0,"""",SUMIFS(rValor,rAnalito,selAnalito,rNivel,2,rRUN,RC2,rLote,loteAtivo,rStatus,""Ativo"")))"
"Calc";"AX103";"selecao";"=IF(RC2="""","""",IF(COUNTIFS(rAnalito,selAnalito,rNivel,3,rRUN,RC2,rLote,loteAtivo,rStatus,""Ativo"")=0,"""",SUMIFS(rValor,rAnalito,selAnalito,rNivel,3,rRUN,RC2,rLote,loteAtivo,rStatus,""Ativo"")))"
"Calc";"B104";"selecao";"=IF(selAnalito="""","""",IFERROR(AGGREGATE(15,6,rRUN/((rAnalito=selAnalito)*(rFirst=1)*((""""&rLote)=(""""&loteAtivo))),RC1),""""))"
"Calc";"C104";"selecao";"=IF(RC2="""","""",MAXIFS(rData,rAnalito,selAnalito,rRUN,RC2,rLote,loteAtivo,rStatus,""Ativo""))"
"Calc";"F104";"selecao";"=IF(RC2="""","""",IF(COUNTIFS(rAnalito,selAnalito,rNivel,1,rRUN,RC2,rLote,loteAtivo,rStatus,""Ativo"")=0,"""",SUMIFS(rValor,rAnalito,selAnalito,rNivel,1,rRUN,RC2,rLote,loteAtivo,rStatus,""Ativo"")))"
"Calc";"AB104";"selecao";"=IF(RC2="""","""",IF(COUNTIFS(rAnalito,selAnalito,rNivel,2,rRUN,RC2,rLote,loteAtivo,rStatus,""Ativo"")=0,"""",SUMIFS(rValor,rAnalito,selAnalito,rNivel,2,rRUN,RC2,rLote,loteAtivo,rStatus,""Ativo"")))"
"Calc";"AX104";"selecao";"=IF(RC2="""","""",IF(COUNTIFS(rAnalito,selAnalito,rNivel,3,rRUN,RC2,rLote,loteAtivo,rStatus,""Ativo"")=0,"""",SUMIFS(rValor,rAnalito,selAnalito,rNivel,3,rRUN,RC2,rLote,loteAtivo,rStatus,""Ativo"")))"
"Calc";"B105";"selecao";"=IF(selAnalito="""","""",IFERROR(AGGREGATE(15,6,rRUN/((rAnalito=selAnalito)*(rFirst=1)*((""""&rLote)=(""""&loteAtivo))),RC1),""""))"
"Calc";"C105";"selecao";"=IF(RC2="""","""",MAXIFS(rData,rAnalito,selAnalito,rRUN,RC2,rLote,loteAtivo,rStatus,""Ativo""))"
"Calc";"F105";"selecao";"=IF(RC2="""","""",IF(COUNTIFS(rAnalito,selAnalito,rNivel,1,rRUN,RC2,rLote,loteAtivo,rStatus,""Ativo"")=0,"""",SUMIFS(rValor,rAnalito,selAnalito,rNivel,1,rRUN,RC2,rLote,loteAtivo,rStatus,""Ativo"")))"
"Calc";"AB105";"selecao";"=IF(RC2="""","""",IF(COUNTIFS(rAnalito,selAnalito,rNivel,2,rRUN,RC2,rLote,loteAtivo,rStatus,""Ativo"")=0,"""",SUMIFS(rValor,rAnalito,selAnalito,rNivel,2,rRUN,RC2,rLote,loteAtivo,rStatus,""Ativo"")))"
"Calc";"AX105";"selecao";"=IF(RC2="""","""",IF(COUNTIFS(rAnalito,selAnalito,rNivel,3,rRUN,RC2,rLote,loteAtivo,rStatus,""Ativo"")=0,"""",SUMIFS(rValor,rAnalito,selAnalito,rNivel,3,rRUN,RC2,rLote,loteAtivo,rStatus,""Ativo"")))"
"Calc";"B106";"selecao";"=IF(selAnalito="""","""",IFERROR(AGGREGATE(15,6,rRUN/((rAnalito=selAnalito)*(rFirst=1)*((""""&rLote)=(""""&loteAtivo))),RC1),""""))"
"Calc";"C106";"selecao";"=IF(RC2="""","""",MAXIFS(rData,rAnalito,selAnalito,rRUN,RC2,rLote,loteAtivo,rStatus,""Ativo""))"
"Calc";"F106";"selecao";"=IF(RC2="""","""",IF(COUNTIFS(rAnalito,selAnalito,rNivel,1,rRUN,RC2,rLote,loteAtivo,rStatus,""Ativo"")=0,"""",SUMIFS(rValor,rAnalito,selAnalito,rNivel,1,rRUN,RC2,rLote,loteAtivo,rStatus,""Ativo"")))"
"Calc";"AB106";"selecao";"=IF(RC2="""","""",IF(COUNTIFS(rAnalito,selAnalito,rNivel,2,rRUN,RC2,rLote,loteAtivo,rStatus,""Ativo"")=0,"""",SUMIFS(rValor,rAnalito,selAnalito,rNivel,2,rRUN,RC2,rLote,loteAtivo,rStatus,""Ativo"")))"
"Calc";"AX106";"selecao";"=IF(RC2="""","""",IF(COUNTIFS(rAnalito,selAnalito,rNivel,3,rRUN,RC2,rLote,loteAtivo,rStatus,""Ativo"")=0,"""",SUMIFS(rValor,rAnalito,selAnalito,rNivel,3,rRUN,RC2,rLote,loteAtivo,rStatus,""Ativo"")))"
"Calc";"B107";"selecao";"=IF(selAnalito="""","""",IFERROR(AGGREGATE(15,6,rRUN/((rAnalito=selAnalito)*(rFirst=1)*((""""&rLote)=(""""&loteAtivo))),RC1),""""))"
"Calc";"C107";"selecao";"=IF(RC2="""","""",MAXIFS(rData,rAnalito,selAnalito,rRUN,RC2,rLote,loteAtivo,rStatus,""Ativo""))"
"Calc";"F107";"selecao";"=IF(RC2="""","""",IF(COUNTIFS(rAnalito,selAnalito,rNivel,1,rRUN,RC2,rLote,loteAtivo,rStatus,""Ativo"")=0,"""",SUMIFS(rValor,rAnalito,selAnalito,rNivel,1,rRUN,RC2,rLote,loteAtivo,rStatus,""Ativo"")))"
"Calc";"AB107";"selecao";"=IF(RC2="""","""",IF(COUNTIFS(rAnalito,selAnalito,rNivel,2,rRUN,RC2,rLote,loteAtivo,rStatus,""Ativo"")=0,"""",SUMIFS(rValor,rAnalito,selAnalito,rNivel,2,rRUN,RC2,rLote,loteAtivo,rStatus,""Ativo"")))"
"Calc";"AX107";"selecao";"=IF(RC2="""","""",IF(COUNTIFS(rAnalito,selAnalito,rNivel,3,rRUN,RC2,rLote,loteAtivo,rStatus,""Ativo"")=0,"""",SUMIFS(rValor,rAnalito,selAnalito,rNivel,3,rRUN,RC2,rLote,loteAtivo,rStatus,""Ativo"")))"
"Calc";"B108";"selecao";"=IF(selAnalito="""","""",IFERROR(AGGREGATE(15,6,rRUN/((rAnalito=selAnalito)*(rFirst=1)*((""""&rLote)=(""""&loteAtivo))),RC1),""""))"
"Calc";"C108";"selecao";"=IF(RC2="""","""",MAXIFS(rData,rAnalito,selAnalito,rRUN,RC2,rLote,loteAtivo,rStatus,""Ativo""))"
"Calc";"F108";"selecao";"=IF(RC2="""","""",IF(COUNTIFS(rAnalito,selAnalito,rNivel,1,rRUN,RC2,rLote,loteAtivo,rStatus,""Ativo"")=0,"""",SUMIFS(rValor,rAnalito,selAnalito,rNivel,1,rRUN,RC2,rLote,loteAtivo,rStatus,""Ativo"")))"
"Calc";"AB108";"selecao";"=IF(RC2="""","""",IF(COUNTIFS(rAnalito,selAnalito,rNivel,2,rRUN,RC2,rLote,loteAtivo,rStatus,""Ativo"")=0,"""",SUMIFS(rValor,rAnalito,selAnalito,rNivel,2,rRUN,RC2,rLote,loteAtivo,rStatus,""Ativo"")))"
"Calc";"AX108";"selecao";"=IF(RC2="""","""",IF(COUNTIFS(rAnalito,selAnalito,rNivel,3,rRUN,RC2,rLote,loteAtivo,rStatus,""Ativo"")=0,"""",SUMIFS(rValor,rAnalito,selAnalito,rNivel,3,rRUN,RC2,rLote,loteAtivo,rStatus,""Ativo"")))"
"Calc";"B109";"selecao";"=IF(selAnalito="""","""",IFERROR(AGGREGATE(15,6,rRUN/((rAnalito=selAnalito)*(rFirst=1)*((""""&rLote)=(""""&loteAtivo))),RC1),""""))"
"Calc";"C109";"selecao";"=IF(RC2="""","""",MAXIFS(rData,rAnalito,selAnalito,rRUN,RC2,rLote,loteAtivo,rStatus,""Ativo""))"
"Calc";"F109";"selecao";"=IF(RC2="""","""",IF(COUNTIFS(rAnalito,selAnalito,rNivel,1,rRUN,RC2,rLote,loteAtivo,rStatus,""Ativo"")=0,"""",SUMIFS(rValor,rAnalito,selAnalito,rNivel,1,rRUN,RC2,rLote,loteAtivo,rStatus,""Ativo"")))"
"Calc";"AB109";"selecao";"=IF(RC2="""","""",IF(COUNTIFS(rAnalito,selAnalito,rNivel,2,rRUN,RC2,rLote,loteAtivo,rStatus,""Ativo"")=0,"""",SUMIFS(rValor,rAnalito,selAnalito,rNivel,2,rRUN,RC2,rLote,loteAtivo,rStatus,""Ativo"")))"
"Calc";"AX109";"selecao";"=IF(RC2="""","""",IF(COUNTIFS(rAnalito,selAnalito,rNivel,3,rRUN,RC2,rLote,loteAtivo,rStatus,""Ativo"")=0,"""",SUMIFS(rValor,rAnalito,selAnalito,rNivel,3,rRUN,RC2,rLote,loteAtivo,rStatus,""Ativo"")))"
"Calc";"B110";"selecao";"=IF(selAnalito="""","""",IFERROR(AGGREGATE(15,6,rRUN/((rAnalito=selAnalito)*(rFirst=1)*((""""&rLote)=(""""&loteAtivo))),RC1),""""))"
"Calc";"C110";"selecao";"=IF(RC2="""","""",MAXIFS(rData,rAnalito,selAnalito,rRUN,RC2,rLote,loteAtivo,rStatus,""Ativo""))"
"Calc";"F110";"selecao";"=IF(RC2="""","""",IF(COUNTIFS(rAnalito,selAnalito,rNivel,1,rRUN,RC2,rLote,loteAtivo,rStatus,""Ativo"")=0,"""",SUMIFS(rValor,rAnalito,selAnalito,rNivel,1,rRUN,RC2,rLote,loteAtivo,rStatus,""Ativo"")))"
"Calc";"AB110";"selecao";"=IF(RC2="""","""",IF(COUNTIFS(rAnalito,selAnalito,rNivel,2,rRUN,RC2,rLote,loteAtivo,rStatus,""Ativo"")=0,"""",SUMIFS(rValor,rAnalito,selAnalito,rNivel,2,rRUN,RC2,rLote,loteAtivo,rStatus,""Ativo"")))"
"Calc";"AX110";"selecao";"=IF(RC2="""","""",IF(COUNTIFS(rAnalito,selAnalito,rNivel,3,rRUN,RC2,rLote,loteAtivo,rStatus,""Ativo"")=0,"""",SUMIFS(rValor,rAnalito,selAnalito,rNivel,3,rRUN,RC2,rLote,loteAtivo,rStatus,""Ativo"")))"
"Calc";"B111";"selecao";"=IF(selAnalito="""","""",IFERROR(AGGREGATE(15,6,rRUN/((rAnalito=selAnalito)*(rFirst=1)*((""""&rLote)=(""""&loteAtivo))),RC1),""""))"
"Calc";"C111";"selecao";"=IF(RC2="""","""",MAXIFS(rData,rAnalito,selAnalito,rRUN,RC2,rLote,loteAtivo,rStatus,""Ativo""))"
"Calc";"F111";"selecao";"=IF(RC2="""","""",IF(COUNTIFS(rAnalito,selAnalito,rNivel,1,rRUN,RC2,rLote,loteAtivo,rStatus,""Ativo"")=0,"""",SUMIFS(rValor,rAnalito,selAnalito,rNivel,1,rRUN,RC2,rLote,loteAtivo,rStatus,""Ativo"")))"
"Calc";"AB111";"selecao";"=IF(RC2="""","""",IF(COUNTIFS(rAnalito,selAnalito,rNivel,2,rRUN,RC2,rLote,loteAtivo,rStatus,""Ativo"")=0,"""",SUMIFS(rValor,rAnalito,selAnalito,rNivel,2,rRUN,RC2,rLote,loteAtivo,rStatus,""Ativo"")))"
"Calc";"AX111";"selecao";"=IF(RC2="""","""",IF(COUNTIFS(rAnalito,selAnalito,rNivel,3,rRUN,RC2,rLote,loteAtivo,rStatus,""Ativo"")=0,"""",SUMIFS(rValor,rAnalito,selAnalito,rNivel,3,rRUN,RC2,rLote,loteAtivo,rStatus,""Ativo"")))"
"Calc";"B112";"selecao";"=IF(selAnalito="""","""",IFERROR(AGGREGATE(15,6,rRUN/((rAnalito=selAnalito)*(rFirst=1)*((""""&rLote)=(""""&loteAtivo))),RC1),""""))"
"Calc";"C112";"selecao";"=IF(RC2="""","""",MAXIFS(rData,rAnalito,selAnalito,rRUN,RC2,rLote,loteAtivo,rStatus,""Ativo""))"
"Calc";"F112";"selecao";"=IF(RC2="""","""",IF(COUNTIFS(rAnalito,selAnalito,rNivel,1,rRUN,RC2,rLote,loteAtivo,rStatus,""Ativo"")=0,"""",SUMIFS(rValor,rAnalito,selAnalito,rNivel,1,rRUN,RC2,rLote,loteAtivo,rStatus,""Ativo"")))"
"Calc";"AB112";"selecao";"=IF(RC2="""","""",IF(COUNTIFS(rAnalito,selAnalito,rNivel,2,rRUN,RC2,rLote,loteAtivo,rStatus,""Ativo"")=0,"""",SUMIFS(rValor,rAnalito,selAnalito,rNivel,2,rRUN,RC2,rLote,loteAtivo,rStatus,""Ativo"")))"
"Calc";"AX112";"selecao";"=IF(RC2="""","""",IF(COUNTIFS(rAnalito,selAnalito,rNivel,3,rRUN,RC2,rLote,loteAtivo,rStatus,""Ativo"")=0,"""",SUMIFS(rValor,rAnalito,selAnalito,rNivel,3,rRUN,RC2,rLote,loteAtivo,rStatus,""Ativo"")))"
"Calc";"B113";"selecao";"=IF(selAnalito="""","""",IFERROR(AGGREGATE(15,6,rRUN/((rAnalito=selAnalito)*(rFirst=1)*((""""&rLote)=(""""&loteAtivo))),RC1),""""))"
"Calc";"C113";"selecao";"=IF(RC2="""","""",MAXIFS(rData,rAnalito,selAnalito,rRUN,RC2,rLote,loteAtivo,rStatus,""Ativo""))"
"Calc";"F113";"selecao";"=IF(RC2="""","""",IF(COUNTIFS(rAnalito,selAnalito,rNivel,1,rRUN,RC2,rLote,loteAtivo,rStatus,""Ativo"")=0,"""",SUMIFS(rValor,rAnalito,selAnalito,rNivel,1,rRUN,RC2,rLote,loteAtivo,rStatus,""Ativo"")))"
"Calc";"AB113";"selecao";"=IF(RC2="""","""",IF(COUNTIFS(rAnalito,selAnalito,rNivel,2,rRUN,RC2,rLote,loteAtivo,rStatus,""Ativo"")=0,"""",SUMIFS(rValor,rAnalito,selAnalito,rNivel,2,rRUN,RC2,rLote,loteAtivo,rStatus,""Ativo"")))"
"Calc";"AX113";"selecao";"=IF(RC2="""","""",IF(COUNTIFS(rAnalito,selAnalito,rNivel,3,rRUN,RC2,rLote,loteAtivo,rStatus,""Ativo"")=0,"""",SUMIFS(rValor,rAnalito,selAnalito,rNivel,3,rRUN,RC2,rLote,loteAtivo,rStatus,""Ativo"")))"
"Calc";"B114";"selecao";"=IF(selAnalito="""","""",IFERROR(AGGREGATE(15,6,rRUN/((rAnalito=selAnalito)*(rFirst=1)*((""""&rLote)=(""""&loteAtivo))),RC1),""""))"
"Calc";"C114";"selecao";"=IF(RC2="""","""",MAXIFS(rData,rAnalito,selAnalito,rRUN,RC2,rLote,loteAtivo,rStatus,""Ativo""))"
"Calc";"F114";"selecao";"=IF(RC2="""","""",IF(COUNTIFS(rAnalito,selAnalito,rNivel,1,rRUN,RC2,rLote,loteAtivo,rStatus,""Ativo"")=0,"""",SUMIFS(rValor,rAnalito,selAnalito,rNivel,1,rRUN,RC2,rLote,loteAtivo,rStatus,""Ativo"")))"
"Calc";"AB114";"selecao";"=IF(RC2="""","""",IF(COUNTIFS(rAnalito,selAnalito,rNivel,2,rRUN,RC2,rLote,loteAtivo,rStatus,""Ativo"")=0,"""",SUMIFS(rValor,rAnalito,selAnalito,rNivel,2,rRUN,RC2,rLote,loteAtivo,rStatus,""Ativo"")))"
"Calc";"AX114";"selecao";"=IF(RC2="""","""",IF(COUNTIFS(rAnalito,selAnalito,rNivel,3,rRUN,RC2,rLote,loteAtivo,rStatus,""Ativo"")=0,"""",SUMIFS(rValor,rAnalito,selAnalito,rNivel,3,rRUN,RC2,rLote,loteAtivo,rStatus,""Ativo"")))"
"Calc";"B115";"selecao";"=IF(selAnalito="""","""",IFERROR(AGGREGATE(15,6,rRUN/((rAnalito=selAnalito)*(rFirst=1)*((""""&rLote)=(""""&loteAtivo))),RC1),""""))"
"Calc";"C115";"selecao";"=IF(RC2="""","""",MAXIFS(rData,rAnalito,selAnalito,rRUN,RC2,rLote,loteAtivo,rStatus,""Ativo""))"
"Calc";"F115";"selecao";"=IF(RC2="""","""",IF(COUNTIFS(rAnalito,selAnalito,rNivel,1,rRUN,RC2,rLote,loteAtivo,rStatus,""Ativo"")=0,"""",SUMIFS(rValor,rAnalito,selAnalito,rNivel,1,rRUN,RC2,rLote,loteAtivo,rStatus,""Ativo"")))"
"Calc";"AB115";"selecao";"=IF(RC2="""","""",IF(COUNTIFS(rAnalito,selAnalito,rNivel,2,rRUN,RC2,rLote,loteAtivo,rStatus,""Ativo"")=0,"""",SUMIFS(rValor,rAnalito,selAnalito,rNivel,2,rRUN,RC2,rLote,loteAtivo,rStatus,""Ativo"")))"
"Calc";"AX115";"selecao";"=IF(RC2="""","""",IF(COUNTIFS(rAnalito,selAnalito,rNivel,3,rRUN,RC2,rLote,loteAtivo,rStatus,""Ativo"")=0,"""",SUMIFS(rValor,rAnalito,selAnalito,rNivel,3,rRUN,RC2,rLote,loteAtivo,rStatus,""Ativo"")))"
"Calc";"B116";"selecao";"=IF(selAnalito="""","""",IFERROR(AGGREGATE(15,6,rRUN/((rAnalito=selAnalito)*(rFirst=1)*((""""&rLote)=(""""&loteAtivo))),RC1),""""))"
"Calc";"C116";"selecao";"=IF(RC2="""","""",MAXIFS(rData,rAnalito,selAnalito,rRUN,RC2,rLote,loteAtivo,rStatus,""Ativo""))"
"Calc";"F116";"selecao";"=IF(RC2="""","""",IF(COUNTIFS(rAnalito,selAnalito,rNivel,1,rRUN,RC2,rLote,loteAtivo,rStatus,""Ativo"")=0,"""",SUMIFS(rValor,rAnalito,selAnalito,rNivel,1,rRUN,RC2,rLote,loteAtivo,rStatus,""Ativo"")))"
"Calc";"AB116";"selecao";"=IF(RC2="""","""",IF(COUNTIFS(rAnalito,selAnalito,rNivel,2,rRUN,RC2,rLote,loteAtivo,rStatus,""Ativo"")=0,"""",SUMIFS(rValor,rAnalito,selAnalito,rNivel,2,rRUN,RC2,rLote,loteAtivo,rStatus,""Ativo"")))"
"Calc";"AX116";"selecao";"=IF(RC2="""","""",IF(COUNTIFS(rAnalito,selAnalito,rNivel,3,rRUN,RC2,rLote,loteAtivo,rStatus,""Ativo"")=0,"""",SUMIFS(rValor,rAnalito,selAnalito,rNivel,3,rRUN,RC2,rLote,loteAtivo,rStatus,""Ativo"")))"
"Calc";"B117";"selecao";"=IF(selAnalito="""","""",IFERROR(AGGREGATE(15,6,rRUN/((rAnalito=selAnalito)*(rFirst=1)*((""""&rLote)=(""""&loteAtivo))),RC1),""""))"
"Calc";"C117";"selecao";"=IF(RC2="""","""",MAXIFS(rData,rAnalito,selAnalito,rRUN,RC2,rLote,loteAtivo,rStatus,""Ativo""))"
"Calc";"F117";"selecao";"=IF(RC2="""","""",IF(COUNTIFS(rAnalito,selAnalito,rNivel,1,rRUN,RC2,rLote,loteAtivo,rStatus,""Ativo"")=0,"""",SUMIFS(rValor,rAnalito,selAnalito,rNivel,1,rRUN,RC2,rLote,loteAtivo,rStatus,""Ativo"")))"
"Calc";"AB117";"selecao";"=IF(RC2="""","""",IF(COUNTIFS(rAnalito,selAnalito,rNivel,2,rRUN,RC2,rLote,loteAtivo,rStatus,""Ativo"")=0,"""",SUMIFS(rValor,rAnalito,selAnalito,rNivel,2,rRUN,RC2,rLote,loteAtivo,rStatus,""Ativo"")))"
"Calc";"AX117";"selecao";"=IF(RC2="""","""",IF(COUNTIFS(rAnalito,selAnalito,rNivel,3,rRUN,RC2,rLote,loteAtivo,rStatus,""Ativo"")=0,"""",SUMIFS(rValor,rAnalito,selAnalito,rNivel,3,rRUN,RC2,rLote,loteAtivo,rStatus,""Ativo"")))"
"Calc";"B118";"selecao";"=IF(selAnalito="""","""",IFERROR(AGGREGATE(15,6,rRUN/((rAnalito=selAnalito)*(rFirst=1)*((""""&rLote)=(""""&loteAtivo))),RC1),""""))"
"Calc";"C118";"selecao";"=IF(RC2="""","""",MAXIFS(rData,rAnalito,selAnalito,rRUN,RC2,rLote,loteAtivo,rStatus,""Ativo""))"
"Calc";"F118";"selecao";"=IF(RC2="""","""",IF(COUNTIFS(rAnalito,selAnalito,rNivel,1,rRUN,RC2,rLote,loteAtivo,rStatus,""Ativo"")=0,"""",SUMIFS(rValor,rAnalito,selAnalito,rNivel,1,rRUN,RC2,rLote,loteAtivo,rStatus,""Ativo"")))"
"Calc";"AB118";"selecao";"=IF(RC2="""","""",IF(COUNTIFS(rAnalito,selAnalito,rNivel,2,rRUN,RC2,rLote,loteAtivo,rStatus,""Ativo"")=0,"""",SUMIFS(rValor,rAnalito,selAnalito,rNivel,2,rRUN,RC2,rLote,loteAtivo,rStatus,""Ativo"")))"
"Calc";"AX118";"selecao";"=IF(RC2="""","""",IF(COUNTIFS(rAnalito,selAnalito,rNivel,3,rRUN,RC2,rLote,loteAtivo,rStatus,""Ativo"")=0,"""",SUMIFS(rValor,rAnalito,selAnalito,rNivel,3,rRUN,RC2,rLote,loteAtivo,rStatus,""Ativo"")))"
"Calc";"B119";"selecao";"=IF(selAnalito="""","""",IFERROR(AGGREGATE(15,6,rRUN/((rAnalito=selAnalito)*(rFirst=1)*((""""&rLote)=(""""&loteAtivo))),RC1),""""))"
"Calc";"C119";"selecao";"=IF(RC2="""","""",MAXIFS(rData,rAnalito,selAnalito,rRUN,RC2,rLote,loteAtivo,rStatus,""Ativo""))"
"Calc";"F119";"selecao";"=IF(RC2="""","""",IF(COUNTIFS(rAnalito,selAnalito,rNivel,1,rRUN,RC2,rLote,loteAtivo,rStatus,""Ativo"")=0,"""",SUMIFS(rValor,rAnalito,selAnalito,rNivel,1,rRUN,RC2,rLote,loteAtivo,rStatus,""Ativo"")))"
"Calc";"AB119";"selecao";"=IF(RC2="""","""",IF(COUNTIFS(rAnalito,selAnalito,rNivel,2,rRUN,RC2,rLote,loteAtivo,rStatus,""Ativo"")=0,"""",SUMIFS(rValor,rAnalito,selAnalito,rNivel,2,rRUN,RC2,rLote,loteAtivo,rStatus,""Ativo"")))"
"Calc";"AX119";"selecao";"=IF(RC2="""","""",IF(COUNTIFS(rAnalito,selAnalito,rNivel,3,rRUN,RC2,rLote,loteAtivo,rStatus,""Ativo"")=0,"""",SUMIFS(rValor,rAnalito,selAnalito,rNivel,3,rRUN,RC2,rLote,loteAtivo,rStatus,""Ativo"")))"
"Calc";"B120";"selecao";"=IF(selAnalito="""","""",IFERROR(AGGREGATE(15,6,rRUN/((rAnalito=selAnalito)*(rFirst=1)*((""""&rLote)=(""""&loteAtivo))),RC1),""""))"
"Calc";"C120";"selecao";"=IF(RC2="""","""",MAXIFS(rData,rAnalito,selAnalito,rRUN,RC2,rLote,loteAtivo,rStatus,""Ativo""))"
"Calc";"F120";"selecao";"=IF(RC2="""","""",IF(COUNTIFS(rAnalito,selAnalito,rNivel,1,rRUN,RC2,rLote,loteAtivo,rStatus,""Ativo"")=0,"""",SUMIFS(rValor,rAnalito,selAnalito,rNivel,1,rRUN,RC2,rLote,loteAtivo,rStatus,""Ativo"")))"
"Calc";"AB120";"selecao";"=IF(RC2="""","""",IF(COUNTIFS(rAnalito,selAnalito,rNivel,2,rRUN,RC2,rLote,loteAtivo,rStatus,""Ativo"")=0,"""",SUMIFS(rValor,rAnalito,selAnalito,rNivel,2,rRUN,RC2,rLote,loteAtivo,rStatus,""Ativo"")))"
"Calc";"AX120";"selecao";"=IF(RC2="""","""",IF(COUNTIFS(rAnalito,selAnalito,rNivel,3,rRUN,RC2,rLote,loteAtivo,rStatus,""Ativo"")=0,"""",SUMIFS(rValor,rAnalito,selAnalito,rNivel,3,rRUN,RC2,rLote,loteAtivo,rStatus,""Ativo"")))"
"Calc";"B121";"selecao";"=IF(selAnalito="""","""",IFERROR(AGGREGATE(15,6,rRUN/((rAnalito=selAnalito)*(rFirst=1)*((""""&rLote)=(""""&loteAtivo))),RC1),""""))"
"Calc";"C121";"selecao";"=IF(RC2="""","""",MAXIFS(rData,rAnalito,selAnalito,rRUN,RC2,rLote,loteAtivo,rStatus,""Ativo""))"
"Calc";"F121";"selecao";"=IF(RC2="""","""",IF(COUNTIFS(rAnalito,selAnalito,rNivel,1,rRUN,RC2,rLote,loteAtivo,rStatus,""Ativo"")=0,"""",SUMIFS(rValor,rAnalito,selAnalito,rNivel,1,rRUN,RC2,rLote,loteAtivo,rStatus,""Ativo"")))"
"Calc";"AB121";"selecao";"=IF(RC2="""","""",IF(COUNTIFS(rAnalito,selAnalito,rNivel,2,rRUN,RC2,rLote,loteAtivo,rStatus,""Ativo"")=0,"""",SUMIFS(rValor,rAnalito,selAnalito,rNivel,2,rRUN,RC2,rLote,loteAtivo,rStatus,""Ativo"")))"
"Calc";"AX121";"selecao";"=IF(RC2="""","""",IF(COUNTIFS(rAnalito,selAnalito,rNivel,3,rRUN,RC2,rLote,loteAtivo,rStatus,""Ativo"")=0,"""",SUMIFS(rValor,rAnalito,selAnalito,rNivel,3,rRUN,RC2,rLote,loteAtivo,rStatus,""Ativo"")))"
"Calc";"B122";"selecao";"=IF(selAnalito="""","""",IFERROR(AGGREGATE(15,6,rRUN/((rAnalito=selAnalito)*(rFirst=1)*((""""&rLote)=(""""&loteAtivo))),RC1),""""))"
"Calc";"C122";"selecao";"=IF(RC2="""","""",MAXIFS(rData,rAnalito,selAnalito,rRUN,RC2,rLote,loteAtivo,rStatus,""Ativo""))"
"Calc";"F122";"selecao";"=IF(RC2="""","""",IF(COUNTIFS(rAnalito,selAnalito,rNivel,1,rRUN,RC2,rLote,loteAtivo,rStatus,""Ativo"")=0,"""",SUMIFS(rValor,rAnalito,selAnalito,rNivel,1,rRUN,RC2,rLote,loteAtivo,rStatus,""Ativo"")))"
"Calc";"AB122";"selecao";"=IF(RC2="""","""",IF(COUNTIFS(rAnalito,selAnalito,rNivel,2,rRUN,RC2,rLote,loteAtivo,rStatus,""Ativo"")=0,"""",SUMIFS(rValor,rAnalito,selAnalito,rNivel,2,rRUN,RC2,rLote,loteAtivo,rStatus,""Ativo"")))"
"Calc";"AX122";"selecao";"=IF(RC2="""","""",IF(COUNTIFS(rAnalito,selAnalito,rNivel,3,rRUN,RC2,rLote,loteAtivo,rStatus,""Ativo"")=0,"""",SUMIFS(rValor,rAnalito,selAnalito,rNivel,3,rRUN,RC2,rLote,loteAtivo,rStatus,""Ativo"")))"
"Calc";"B123";"selecao";"=IF(selAnalito="""","""",IFERROR(AGGREGATE(15,6,rRUN/((rAnalito=selAnalito)*(rFirst=1)*((""""&rLote)=(""""&loteAtivo))),RC1),""""))"
"Calc";"C123";"selecao";"=IF(RC2="""","""",MAXIFS(rData,rAnalito,selAnalito,rRUN,RC2,rLote,loteAtivo,rStatus,""Ativo""))"
"Calc";"F123";"selecao";"=IF(RC2="""","""",IF(COUNTIFS(rAnalito,selAnalito,rNivel,1,rRUN,RC2,rLote,loteAtivo,rStatus,""Ativo"")=0,"""",SUMIFS(rValor,rAnalito,selAnalito,rNivel,1,rRUN,RC2,rLote,loteAtivo,rStatus,""Ativo"")))"
"Calc";"AB123";"selecao";"=IF(RC2="""","""",IF(COUNTIFS(rAnalito,selAnalito,rNivel,2,rRUN,RC2,rLote,loteAtivo,rStatus,""Ativo"")=0,"""",SUMIFS(rValor,rAnalito,selAnalito,rNivel,2,rRUN,RC2,rLote,loteAtivo,rStatus,""Ativo"")))"
"Calc";"AX123";"selecao";"=IF(RC2="""","""",IF(COUNTIFS(rAnalito,selAnalito,rNivel,3,rRUN,RC2,rLote,loteAtivo,rStatus,""Ativo"")=0,"""",SUMIFS(rValor,rAnalito,selAnalito,rNivel,3,rRUN,RC2,rLote,loteAtivo,rStatus,""Ativo"")))"
"Calc";"B124";"selecao";"=IF(selAnalito="""","""",IFERROR(AGGREGATE(15,6,rRUN/((rAnalito=selAnalito)*(rFirst=1)*((""""&rLote)=(""""&loteAtivo))),RC1),""""))"
"Calc";"C124";"selecao";"=IF(RC2="""","""",MAXIFS(rData,rAnalito,selAnalito,rRUN,RC2,rLote,loteAtivo,rStatus,""Ativo""))"
"Calc";"F124";"selecao";"=IF(RC2="""","""",IF(COUNTIFS(rAnalito,selAnalito,rNivel,1,rRUN,RC2,rLote,loteAtivo,rStatus,""Ativo"")=0,"""",SUMIFS(rValor,rAnalito,selAnalito,rNivel,1,rRUN,RC2,rLote,loteAtivo,rStatus,""Ativo"")))"
"Calc";"AB124";"selecao";"=IF(RC2="""","""",IF(COUNTIFS(rAnalito,selAnalito,rNivel,2,rRUN,RC2,rLote,loteAtivo,rStatus,""Ativo"")=0,"""",SUMIFS(rValor,rAnalito,selAnalito,rNivel,2,rRUN,RC2,rLote,loteAtivo,rStatus,""Ativo"")))"
"Calc";"AX124";"selecao";"=IF(RC2="""","""",IF(COUNTIFS(rAnalito,selAnalito,rNivel,3,rRUN,RC2,rLote,loteAtivo,rStatus,""Ativo"")=0,"""",SUMIFS(rValor,rAnalito,selAnalito,rNivel,3,rRUN,RC2,rLote,loteAtivo,rStatus,""Ativo"")))"
"Calc";"B125";"selecao";"=IF(selAnalito="""","""",IFERROR(AGGREGATE(15,6,rRUN/((rAnalito=selAnalito)*(rFirst=1)*((""""&rLote)=(""""&loteAtivo))),RC1),""""))"
"Calc";"C125";"selecao";"=IF(RC2="""","""",MAXIFS(rData,rAnalito,selAnalito,rRUN,RC2,rLote,loteAtivo,rStatus,""Ativo""))"
"Calc";"F125";"selecao";"=IF(RC2="""","""",IF(COUNTIFS(rAnalito,selAnalito,rNivel,1,rRUN,RC2,rLote,loteAtivo,rStatus,""Ativo"")=0,"""",SUMIFS(rValor,rAnalito,selAnalito,rNivel,1,rRUN,RC2,rLote,loteAtivo,rStatus,""Ativo"")))"
"Calc";"AB125";"selecao";"=IF(RC2="""","""",IF(COUNTIFS(rAnalito,selAnalito,rNivel,2,rRUN,RC2,rLote,loteAtivo,rStatus,""Ativo"")=0,"""",SUMIFS(rValor,rAnalito,selAnalito,rNivel,2,rRUN,RC2,rLote,loteAtivo,rStatus,""Ativo"")))"
"Calc";"AX125";"selecao";"=IF(RC2="""","""",IF(COUNTIFS(rAnalito,selAnalito,rNivel,3,rRUN,RC2,rLote,loteAtivo,rStatus,""Ativo"")=0,"""",SUMIFS(rValor,rAnalito,selAnalito,rNivel,3,rRUN,RC2,rLote,loteAtivo,rStatus,""Ativo"")))"
"Calc";"B126";"selecao";"=IF(selAnalito="""","""",IFERROR(AGGREGATE(15,6,rRUN/((rAnalito=selAnalito)*(rFirst=1)*((""""&rLote)=(""""&loteAtivo))),RC1),""""))"
"Calc";"C126";"selecao";"=IF(RC2="""","""",MAXIFS(rData,rAnalito,selAnalito,rRUN,RC2,rLote,loteAtivo,rStatus,""Ativo""))"
"Calc";"F126";"selecao";"=IF(RC2="""","""",IF(COUNTIFS(rAnalito,selAnalito,rNivel,1,rRUN,RC2,rLote,loteAtivo,rStatus,""Ativo"")=0,"""",SUMIFS(rValor,rAnalito,selAnalito,rNivel,1,rRUN,RC2,rLote,loteAtivo,rStatus,""Ativo"")))"
"Calc";"AB126";"selecao";"=IF(RC2="""","""",IF(COUNTIFS(rAnalito,selAnalito,rNivel,2,rRUN,RC2,rLote,loteAtivo,rStatus,""Ativo"")=0,"""",SUMIFS(rValor,rAnalito,selAnalito,rNivel,2,rRUN,RC2,rLote,loteAtivo,rStatus,""Ativo"")))"
"Calc";"AX126";"selecao";"=IF(RC2="""","""",IF(COUNTIFS(rAnalito,selAnalito,rNivel,3,rRUN,RC2,rLote,loteAtivo,rStatus,""Ativo"")=0,"""",SUMIFS(rValor,rAnalito,selAnalito,rNivel,3,rRUN,RC2,rLote,loteAtivo,rStatus,""Ativo"")))"
"Calc";"B127";"selecao";"=IF(selAnalito="""","""",IFERROR(AGGREGATE(15,6,rRUN/((rAnalito=selAnalito)*(rFirst=1)*((""""&rLote)=(""""&loteAtivo))),RC1),""""))"
"Calc";"C127";"selecao";"=IF(RC2="""","""",MAXIFS(rData,rAnalito,selAnalito,rRUN,RC2,rLote,loteAtivo,rStatus,""Ativo""))"
"Calc";"F127";"selecao";"=IF(RC2="""","""",IF(COUNTIFS(rAnalito,selAnalito,rNivel,1,rRUN,RC2,rLote,loteAtivo,rStatus,""Ativo"")=0,"""",SUMIFS(rValor,rAnalito,selAnalito,rNivel,1,rRUN,RC2,rLote,loteAtivo,rStatus,""Ativo"")))"
"Calc";"AB127";"selecao";"=IF(RC2="""","""",IF(COUNTIFS(rAnalito,selAnalito,rNivel,2,rRUN,RC2,rLote,loteAtivo,rStatus,""Ativo"")=0,"""",SUMIFS(rValor,rAnalito,selAnalito,rNivel,2,rRUN,RC2,rLote,loteAtivo,rStatus,""Ativo"")))"
"Calc";"AX127";"selecao";"=IF(RC2="""","""",IF(COUNTIFS(rAnalito,selAnalito,rNivel,3,rRUN,RC2,rLote,loteAtivo,rStatus,""Ativo"")=0,"""",SUMIFS(rValor,rAnalito,selAnalito,rNivel,3,rRUN,RC2,rLote,loteAtivo,rStatus,""Ativo"")))"
"Calc";"B128";"selecao";"=IF(selAnalito="""","""",IFERROR(AGGREGATE(15,6,rRUN/((rAnalito=selAnalito)*(rFirst=1)*((""""&rLote)=(""""&loteAtivo))),RC1),""""))"
"Calc";"C128";"selecao";"=IF(RC2="""","""",MAXIFS(rData,rAnalito,selAnalito,rRUN,RC2,rLote,loteAtivo,rStatus,""Ativo""))"
"Calc";"F128";"selecao";"=IF(RC2="""","""",IF(COUNTIFS(rAnalito,selAnalito,rNivel,1,rRUN,RC2,rLote,loteAtivo,rStatus,""Ativo"")=0,"""",SUMIFS(rValor,rAnalito,selAnalito,rNivel,1,rRUN,RC2,rLote,loteAtivo,rStatus,""Ativo"")))"
"Calc";"AB128";"selecao";"=IF(RC2="""","""",IF(COUNTIFS(rAnalito,selAnalito,rNivel,2,rRUN,RC2,rLote,loteAtivo,rStatus,""Ativo"")=0,"""",SUMIFS(rValor,rAnalito,selAnalito,rNivel,2,rRUN,RC2,rLote,loteAtivo,rStatus,""Ativo"")))"
"Calc";"AX128";"selecao";"=IF(RC2="""","""",IF(COUNTIFS(rAnalito,selAnalito,rNivel,3,rRUN,RC2,rLote,loteAtivo,rStatus,""Ativo"")=0,"""",SUMIFS(rValor,rAnalito,selAnalito,rNivel,3,rRUN,RC2,rLote,loteAtivo,rStatus,""Ativo"")))"
"Calc";"B129";"selecao";"=IF(selAnalito="""","""",IFERROR(AGGREGATE(15,6,rRUN/((rAnalito=selAnalito)*(rFirst=1)*((""""&rLote)=(""""&loteAtivo))),RC1),""""))"
"Calc";"C129";"selecao";"=IF(RC2="""","""",MAXIFS(rData,rAnalito,selAnalito,rRUN,RC2,rLote,loteAtivo,rStatus,""Ativo""))"
"Calc";"F129";"selecao";"=IF(RC2="""","""",IF(COUNTIFS(rAnalito,selAnalito,rNivel,1,rRUN,RC2,rLote,loteAtivo,rStatus,""Ativo"")=0,"""",SUMIFS(rValor,rAnalito,selAnalito,rNivel,1,rRUN,RC2,rLote,loteAtivo,rStatus,""Ativo"")))"
"Calc";"AB129";"selecao";"=IF(RC2="""","""",IF(COUNTIFS(rAnalito,selAnalito,rNivel,2,rRUN,RC2,rLote,loteAtivo,rStatus,""Ativo"")=0,"""",SUMIFS(rValor,rAnalito,selAnalito,rNivel,2,rRUN,RC2,rLote,loteAtivo,rStatus,""Ativo"")))"
"Calc";"AX129";"selecao";"=IF(RC2="""","""",IF(COUNTIFS(rAnalito,selAnalito,rNivel,3,rRUN,RC2,rLote,loteAtivo,rStatus,""Ativo"")=0,"""",SUMIFS(rValor,rAnalito,selAnalito,rNivel,3,rRUN,RC2,rLote,loteAtivo,rStatus,""Ativo"")))"
"Calc";"B130";"selecao";"=IF(selAnalito="""","""",IFERROR(AGGREGATE(15,6,rRUN/((rAnalito=selAnalito)*(rFirst=1)*((""""&rLote)=(""""&loteAtivo))),RC1),""""))"
"Calc";"C130";"selecao";"=IF(RC2="""","""",MAXIFS(rData,rAnalito,selAnalito,rRUN,RC2,rLote,loteAtivo,rStatus,""Ativo""))"
"Calc";"F130";"selecao";"=IF(RC2="""","""",IF(COUNTIFS(rAnalito,selAnalito,rNivel,1,rRUN,RC2,rLote,loteAtivo,rStatus,""Ativo"")=0,"""",SUMIFS(rValor,rAnalito,selAnalito,rNivel,1,rRUN,RC2,rLote,loteAtivo,rStatus,""Ativo"")))"
"Calc";"AB130";"selecao";"=IF(RC2="""","""",IF(COUNTIFS(rAnalito,selAnalito,rNivel,2,rRUN,RC2,rLote,loteAtivo,rStatus,""Ativo"")=0,"""",SUMIFS(rValor,rAnalito,selAnalito,rNivel,2,rRUN,RC2,rLote,loteAtivo,rStatus,""Ativo"")))"
"Calc";"AX130";"selecao";"=IF(RC2="""","""",IF(COUNTIFS(rAnalito,selAnalito,rNivel,3,rRUN,RC2,rLote,loteAtivo,rStatus,""Ativo"")=0,"""",SUMIFS(rValor,rAnalito,selAnalito,rNivel,3,rRUN,RC2,rLote,loteAtivo,rStatus,""Ativo"")))"
"Calc";"B131";"selecao";"=IF(selAnalito="""","""",IFERROR(AGGREGATE(15,6,rRUN/((rAnalito=selAnalito)*(rFirst=1)*((""""&rLote)=(""""&loteAtivo))),RC1),""""))"
"Calc";"C131";"selecao";"=IF(RC2="""","""",MAXIFS(rData,rAnalito,selAnalito,rRUN,RC2,rLote,loteAtivo,rStatus,""Ativo""))"
"Calc";"F131";"selecao";"=IF(RC2="""","""",IF(COUNTIFS(rAnalito,selAnalito,rNivel,1,rRUN,RC2,rLote,loteAtivo,rStatus,""Ativo"")=0,"""",SUMIFS(rValor,rAnalito,selAnalito,rNivel,1,rRUN,RC2,rLote,loteAtivo,rStatus,""Ativo"")))"
"Calc";"AB131";"selecao";"=IF(RC2="""","""",IF(COUNTIFS(rAnalito,selAnalito,rNivel,2,rRUN,RC2,rLote,loteAtivo,rStatus,""Ativo"")=0,"""",SUMIFS(rValor,rAnalito,selAnalito,rNivel,2,rRUN,RC2,rLote,loteAtivo,rStatus,""Ativo"")))"
"Calc";"AX131";"selecao";"=IF(RC2="""","""",IF(COUNTIFS(rAnalito,selAnalito,rNivel,3,rRUN,RC2,rLote,loteAtivo,rStatus,""Ativo"")=0,"""",SUMIFS(rValor,rAnalito,selAnalito,rNivel,3,rRUN,RC2,rLote,loteAtivo,rStatus,""Ativo"")))"
"Calc";"B132";"selecao";"=IF(selAnalito="""","""",IFERROR(AGGREGATE(15,6,rRUN/((rAnalito=selAnalito)*(rFirst=1)*((""""&rLote)=(""""&loteAtivo))),RC1),""""))"
"Calc";"C132";"selecao";"=IF(RC2="""","""",MAXIFS(rData,rAnalito,selAnalito,rRUN,RC2,rLote,loteAtivo,rStatus,""Ativo""))"
"Calc";"F132";"selecao";"=IF(RC2="""","""",IF(COUNTIFS(rAnalito,selAnalito,rNivel,1,rRUN,RC2,rLote,loteAtivo,rStatus,""Ativo"")=0,"""",SUMIFS(rValor,rAnalito,selAnalito,rNivel,1,rRUN,RC2,rLote,loteAtivo,rStatus,""Ativo"")))"
"Calc";"AB132";"selecao";"=IF(RC2="""","""",IF(COUNTIFS(rAnalito,selAnalito,rNivel,2,rRUN,RC2,rLote,loteAtivo,rStatus,""Ativo"")=0,"""",SUMIFS(rValor,rAnalito,selAnalito,rNivel,2,rRUN,RC2,rLote,loteAtivo,rStatus,""Ativo"")))"
"Calc";"AX132";"selecao";"=IF(RC2="""","""",IF(COUNTIFS(rAnalito,selAnalito,rNivel,3,rRUN,RC2,rLote,loteAtivo,rStatus,""Ativo"")=0,"""",SUMIFS(rValor,rAnalito,selAnalito,rNivel,3,rRUN,RC2,rLote,loteAtivo,rStatus,""Ativo"")))"
"Calc";"B133";"selecao";"=IF(selAnalito="""","""",IFERROR(AGGREGATE(15,6,rRUN/((rAnalito=selAnalito)*(rFirst=1)*((""""&rLote)=(""""&loteAtivo))),RC1),""""))"
"Calc";"C133";"selecao";"=IF(RC2="""","""",MAXIFS(rData,rAnalito,selAnalito,rRUN,RC2,rLote,loteAtivo,rStatus,""Ativo""))"
"Calc";"F133";"selecao";"=IF(RC2="""","""",IF(COUNTIFS(rAnalito,selAnalito,rNivel,1,rRUN,RC2,rLote,loteAtivo,rStatus,""Ativo"")=0,"""",SUMIFS(rValor,rAnalito,selAnalito,rNivel,1,rRUN,RC2,rLote,loteAtivo,rStatus,""Ativo"")))"
"Calc";"AB133";"selecao";"=IF(RC2="""","""",IF(COUNTIFS(rAnalito,selAnalito,rNivel,2,rRUN,RC2,rLote,loteAtivo,rStatus,""Ativo"")=0,"""",SUMIFS(rValor,rAnalito,selAnalito,rNivel,2,rRUN,RC2,rLote,loteAtivo,rStatus,""Ativo"")))"
"Calc";"AX133";"selecao";"=IF(RC2="""","""",IF(COUNTIFS(rAnalito,selAnalito,rNivel,3,rRUN,RC2,rLote,loteAtivo,rStatus,""Ativo"")=0,"""",SUMIFS(rValor,rAnalito,selAnalito,rNivel,3,rRUN,RC2,rLote,loteAtivo,rStatus,""Ativo"")))"
"Calc";"B134";"selecao";"=IF(selAnalito="""","""",IFERROR(AGGREGATE(15,6,rRUN/((rAnalito=selAnalito)*(rFirst=1)*((""""&rLote)=(""""&loteAtivo))),RC1),""""))"
"Calc";"C134";"selecao";"=IF(RC2="""","""",MAXIFS(rData,rAnalito,selAnalito,rRUN,RC2,rLote,loteAtivo,rStatus,""Ativo""))"
"Calc";"F134";"selecao";"=IF(RC2="""","""",IF(COUNTIFS(rAnalito,selAnalito,rNivel,1,rRUN,RC2,rLote,loteAtivo,rStatus,""Ativo"")=0,"""",SUMIFS(rValor,rAnalito,selAnalito,rNivel,1,rRUN,RC2,rLote,loteAtivo,rStatus,""Ativo"")))"
"Calc";"AB134";"selecao";"=IF(RC2="""","""",IF(COUNTIFS(rAnalito,selAnalito,rNivel,2,rRUN,RC2,rLote,loteAtivo,rStatus,""Ativo"")=0,"""",SUMIFS(rValor,rAnalito,selAnalito,rNivel,2,rRUN,RC2,rLote,loteAtivo,rStatus,""Ativo"")))"
"Calc";"AX134";"selecao";"=IF(RC2="""","""",IF(COUNTIFS(rAnalito,selAnalito,rNivel,3,rRUN,RC2,rLote,loteAtivo,rStatus,""Ativo"")=0,"""",SUMIFS(rValor,rAnalito,selAnalito,rNivel,3,rRUN,RC2,rLote,loteAtivo,rStatus,""Ativo"")))"
"Calc";"B135";"selecao";"=IF(selAnalito="""","""",IFERROR(AGGREGATE(15,6,rRUN/((rAnalito=selAnalito)*(rFirst=1)*((""""&rLote)=(""""&loteAtivo))),RC1),""""))"
"Calc";"C135";"selecao";"=IF(RC2="""","""",MAXIFS(rData,rAnalito,selAnalito,rRUN,RC2,rLote,loteAtivo,rStatus,""Ativo""))"
"Calc";"F135";"selecao";"=IF(RC2="""","""",IF(COUNTIFS(rAnalito,selAnalito,rNivel,1,rRUN,RC2,rLote,loteAtivo,rStatus,""Ativo"")=0,"""",SUMIFS(rValor,rAnalito,selAnalito,rNivel,1,rRUN,RC2,rLote,loteAtivo,rStatus,""Ativo"")))"
"Calc";"AB135";"selecao";"=IF(RC2="""","""",IF(COUNTIFS(rAnalito,selAnalito,rNivel,2,rRUN,RC2,rLote,loteAtivo,rStatus,""Ativo"")=0,"""",SUMIFS(rValor,rAnalito,selAnalito,rNivel,2,rRUN,RC2,rLote,loteAtivo,rStatus,""Ativo"")))"
"Calc";"AX135";"selecao";"=IF(RC2="""","""",IF(COUNTIFS(rAnalito,selAnalito,rNivel,3,rRUN,RC2,rLote,loteAtivo,rStatus,""Ativo"")=0,"""",SUMIFS(rValor,rAnalito,selAnalito,rNivel,3,rRUN,RC2,rLote,loteAtivo,rStatus,""Ativo"")))"
"Calc";"B136";"selecao";"=IF(selAnalito="""","""",IFERROR(AGGREGATE(15,6,rRUN/((rAnalito=selAnalito)*(rFirst=1)*((""""&rLote)=(""""&loteAtivo))),RC1),""""))"
"Calc";"C136";"selecao";"=IF(RC2="""","""",MAXIFS(rData,rAnalito,selAnalito,rRUN,RC2,rLote,loteAtivo,rStatus,""Ativo""))"
"Calc";"F136";"selecao";"=IF(RC2="""","""",IF(COUNTIFS(rAnalito,selAnalito,rNivel,1,rRUN,RC2,rLote,loteAtivo,rStatus,""Ativo"")=0,"""",SUMIFS(rValor,rAnalito,selAnalito,rNivel,1,rRUN,RC2,rLote,loteAtivo,rStatus,""Ativo"")))"
"Calc";"AB136";"selecao";"=IF(RC2="""","""",IF(COUNTIFS(rAnalito,selAnalito,rNivel,2,rRUN,RC2,rLote,loteAtivo,rStatus,""Ativo"")=0,"""",SUMIFS(rValor,rAnalito,selAnalito,rNivel,2,rRUN,RC2,rLote,loteAtivo,rStatus,""Ativo"")))"
"Calc";"AX136";"selecao";"=IF(RC2="""","""",IF(COUNTIFS(rAnalito,selAnalito,rNivel,3,rRUN,RC2,rLote,loteAtivo,rStatus,""Ativo"")=0,"""",SUMIFS(rValor,rAnalito,selAnalito,rNivel,3,rRUN,RC2,rLote,loteAtivo,rStatus,""Ativo"")))"
"Calc";"B137";"selecao";"=IF(selAnalito="""","""",IFERROR(AGGREGATE(15,6,rRUN/((rAnalito=selAnalito)*(rFirst=1)*((""""&rLote)=(""""&loteAtivo))),RC1),""""))"
"Calc";"C137";"selecao";"=IF(RC2="""","""",MAXIFS(rData,rAnalito,selAnalito,rRUN,RC2,rLote,loteAtivo,rStatus,""Ativo""))"
"Calc";"F137";"selecao";"=IF(RC2="""","""",IF(COUNTIFS(rAnalito,selAnalito,rNivel,1,rRUN,RC2,rLote,loteAtivo,rStatus,""Ativo"")=0,"""",SUMIFS(rValor,rAnalito,selAnalito,rNivel,1,rRUN,RC2,rLote,loteAtivo,rStatus,""Ativo"")))"
"Calc";"AB137";"selecao";"=IF(RC2="""","""",IF(COUNTIFS(rAnalito,selAnalito,rNivel,2,rRUN,RC2,rLote,loteAtivo,rStatus,""Ativo"")=0,"""",SUMIFS(rValor,rAnalito,selAnalito,rNivel,2,rRUN,RC2,rLote,loteAtivo,rStatus,""Ativo"")))"
"Calc";"AX137";"selecao";"=IF(RC2="""","""",IF(COUNTIFS(rAnalito,selAnalito,rNivel,3,rRUN,RC2,rLote,loteAtivo,rStatus,""Ativo"")=0,"""",SUMIFS(rValor,rAnalito,selAnalito,rNivel,3,rRUN,RC2,rLote,loteAtivo,rStatus,""Ativo"")))"
"Calc";"B138";"selecao";"=IF(selAnalito="""","""",IFERROR(AGGREGATE(15,6,rRUN/((rAnalito=selAnalito)*(rFirst=1)*((""""&rLote)=(""""&loteAtivo))),RC1),""""))"
"Calc";"C138";"selecao";"=IF(RC2="""","""",MAXIFS(rData,rAnalito,selAnalito,rRUN,RC2,rLote,loteAtivo,rStatus,""Ativo""))"
"Calc";"F138";"selecao";"=IF(RC2="""","""",IF(COUNTIFS(rAnalito,selAnalito,rNivel,1,rRUN,RC2,rLote,loteAtivo,rStatus,""Ativo"")=0,"""",SUMIFS(rValor,rAnalito,selAnalito,rNivel,1,rRUN,RC2,rLote,loteAtivo,rStatus,""Ativo"")))"
"Calc";"AB138";"selecao";"=IF(RC2="""","""",IF(COUNTIFS(rAnalito,selAnalito,rNivel,2,rRUN,RC2,rLote,loteAtivo,rStatus,""Ativo"")=0,"""",SUMIFS(rValor,rAnalito,selAnalito,rNivel,2,rRUN,RC2,rLote,loteAtivo,rStatus,""Ativo"")))"
"Calc";"AX138";"selecao";"=IF(RC2="""","""",IF(COUNTIFS(rAnalito,selAnalito,rNivel,3,rRUN,RC2,rLote,loteAtivo,rStatus,""Ativo"")=0,"""",SUMIFS(rValor,rAnalito,selAnalito,rNivel,3,rRUN,RC2,rLote,loteAtivo,rStatus,""Ativo"")))"
"Calc";"B139";"selecao";"=IF(selAnalito="""","""",IFERROR(AGGREGATE(15,6,rRUN/((rAnalito=selAnalito)*(rFirst=1)*((""""&rLote)=(""""&loteAtivo))),RC1),""""))"
"Calc";"C139";"selecao";"=IF(RC2="""","""",MAXIFS(rData,rAnalito,selAnalito,rRUN,RC2,rLote,loteAtivo,rStatus,""Ativo""))"
"Calc";"F139";"selecao";"=IF(RC2="""","""",IF(COUNTIFS(rAnalito,selAnalito,rNivel,1,rRUN,RC2,rLote,loteAtivo,rStatus,""Ativo"")=0,"""",SUMIFS(rValor,rAnalito,selAnalito,rNivel,1,rRUN,RC2,rLote,loteAtivo,rStatus,""Ativo"")))"
"Calc";"AB139";"selecao";"=IF(RC2="""","""",IF(COUNTIFS(rAnalito,selAnalito,rNivel,2,rRUN,RC2,rLote,loteAtivo,rStatus,""Ativo"")=0,"""",SUMIFS(rValor,rAnalito,selAnalito,rNivel,2,rRUN,RC2,rLote,loteAtivo,rStatus,""Ativo"")))"
"Calc";"AX139";"selecao";"=IF(RC2="""","""",IF(COUNTIFS(rAnalito,selAnalito,rNivel,3,rRUN,RC2,rLote,loteAtivo,rStatus,""Ativo"")=0,"""",SUMIFS(rValor,rAnalito,selAnalito,rNivel,3,rRUN,RC2,rLote,loteAtivo,rStatus,""Ativo"")))"
"Calc";"B140";"selecao";"=IF(selAnalito="""","""",IFERROR(AGGREGATE(15,6,rRUN/((rAnalito=selAnalito)*(rFirst=1)*((""""&rLote)=(""""&loteAtivo))),RC1),""""))"
"Calc";"C140";"selecao";"=IF(RC2="""","""",MAXIFS(rData,rAnalito,selAnalito,rRUN,RC2,rLote,loteAtivo,rStatus,""Ativo""))"
"Calc";"F140";"selecao";"=IF(RC2="""","""",IF(COUNTIFS(rAnalito,selAnalito,rNivel,1,rRUN,RC2,rLote,loteAtivo,rStatus,""Ativo"")=0,"""",SUMIFS(rValor,rAnalito,selAnalito,rNivel,1,rRUN,RC2,rLote,loteAtivo,rStatus,""Ativo"")))"
"Calc";"AB140";"selecao";"=IF(RC2="""","""",IF(COUNTIFS(rAnalito,selAnalito,rNivel,2,rRUN,RC2,rLote,loteAtivo,rStatus,""Ativo"")=0,"""",SUMIFS(rValor,rAnalito,selAnalito,rNivel,2,rRUN,RC2,rLote,loteAtivo,rStatus,""Ativo"")))"
"Calc";"AX140";"selecao";"=IF(RC2="""","""",IF(COUNTIFS(rAnalito,selAnalito,rNivel,3,rRUN,RC2,rLote,loteAtivo,rStatus,""Ativo"")=0,"""",SUMIFS(rValor,rAnalito,selAnalito,rNivel,3,rRUN,RC2,rLote,loteAtivo,rStatus,""Ativo"")))"
"Calc";"B141";"selecao";"=IF(selAnalito="""","""",IFERROR(AGGREGATE(15,6,rRUN/((rAnalito=selAnalito)*(rFirst=1)*((""""&rLote)=(""""&loteAtivo))),RC1),""""))"
"Calc";"C141";"selecao";"=IF(RC2="""","""",MAXIFS(rData,rAnalito,selAnalito,rRUN,RC2,rLote,loteAtivo,rStatus,""Ativo""))"
"Calc";"F141";"selecao";"=IF(RC2="""","""",IF(COUNTIFS(rAnalito,selAnalito,rNivel,1,rRUN,RC2,rLote,loteAtivo,rStatus,""Ativo"")=0,"""",SUMIFS(rValor,rAnalito,selAnalito,rNivel,1,rRUN,RC2,rLote,loteAtivo,rStatus,""Ativo"")))"
"Calc";"AB141";"selecao";"=IF(RC2="""","""",IF(COUNTIFS(rAnalito,selAnalito,rNivel,2,rRUN,RC2,rLote,loteAtivo,rStatus,""Ativo"")=0,"""",SUMIFS(rValor,rAnalito,selAnalito,rNivel,2,rRUN,RC2,rLote,loteAtivo,rStatus,""Ativo"")))"
"Calc";"AX141";"selecao";"=IF(RC2="""","""",IF(COUNTIFS(rAnalito,selAnalito,rNivel,3,rRUN,RC2,rLote,loteAtivo,rStatus,""Ativo"")=0,"""",SUMIFS(rValor,rAnalito,selAnalito,rNivel,3,rRUN,RC2,rLote,loteAtivo,rStatus,""Ativo"")))"
"Calc";"B142";"selecao";"=IF(selAnalito="""","""",IFERROR(AGGREGATE(15,6,rRUN/((rAnalito=selAnalito)*(rFirst=1)*((""""&rLote)=(""""&loteAtivo))),RC1),""""))"
"Calc";"C142";"selecao";"=IF(RC2="""","""",MAXIFS(rData,rAnalito,selAnalito,rRUN,RC2,rLote,loteAtivo,rStatus,""Ativo""))"
"Calc";"F142";"selecao";"=IF(RC2="""","""",IF(COUNTIFS(rAnalito,selAnalito,rNivel,1,rRUN,RC2,rLote,loteAtivo,rStatus,""Ativo"")=0,"""",SUMIFS(rValor,rAnalito,selAnalito,rNivel,1,rRUN,RC2,rLote,loteAtivo,rStatus,""Ativo"")))"
"Calc";"AB142";"selecao";"=IF(RC2="""","""",IF(COUNTIFS(rAnalito,selAnalito,rNivel,2,rRUN,RC2,rLote,loteAtivo,rStatus,""Ativo"")=0,"""",SUMIFS(rValor,rAnalito,selAnalito,rNivel,2,rRUN,RC2,rLote,loteAtivo,rStatus,""Ativo"")))"
"Calc";"AX142";"selecao";"=IF(RC2="""","""",IF(COUNTIFS(rAnalito,selAnalito,rNivel,3,rRUN,RC2,rLote,loteAtivo,rStatus,""Ativo"")=0,"""",SUMIFS(rValor,rAnalito,selAnalito,rNivel,3,rRUN,RC2,rLote,loteAtivo,rStatus,""Ativo"")))"
"Calc";"B143";"selecao";"=IF(selAnalito="""","""",IFERROR(AGGREGATE(15,6,rRUN/((rAnalito=selAnalito)*(rFirst=1)*((""""&rLote)=(""""&loteAtivo))),RC1),""""))"
"Calc";"C143";"selecao";"=IF(RC2="""","""",MAXIFS(rData,rAnalito,selAnalito,rRUN,RC2,rLote,loteAtivo,rStatus,""Ativo""))"
"Calc";"F143";"selecao";"=IF(RC2="""","""",IF(COUNTIFS(rAnalito,selAnalito,rNivel,1,rRUN,RC2,rLote,loteAtivo,rStatus,""Ativo"")=0,"""",SUMIFS(rValor,rAnalito,selAnalito,rNivel,1,rRUN,RC2,rLote,loteAtivo,rStatus,""Ativo"")))"
"Calc";"AB143";"selecao";"=IF(RC2="""","""",IF(COUNTIFS(rAnalito,selAnalito,rNivel,2,rRUN,RC2,rLote,loteAtivo,rStatus,""Ativo"")=0,"""",SUMIFS(rValor,rAnalito,selAnalito,rNivel,2,rRUN,RC2,rLote,loteAtivo,rStatus,""Ativo"")))"
"Calc";"AX143";"selecao";"=IF(RC2="""","""",IF(COUNTIFS(rAnalito,selAnalito,rNivel,3,rRUN,RC2,rLote,loteAtivo,rStatus,""Ativo"")=0,"""",SUMIFS(rValor,rAnalito,selAnalito,rNivel,3,rRUN,RC2,rLote,loteAtivo,rStatus,""Ativo"")))"
"Calc";"B144";"selecao";"=IF(selAnalito="""","""",IFERROR(AGGREGATE(15,6,rRUN/((rAnalito=selAnalito)*(rFirst=1)*((""""&rLote)=(""""&loteAtivo))),RC1),""""))"
"Calc";"C144";"selecao";"=IF(RC2="""","""",MAXIFS(rData,rAnalito,selAnalito,rRUN,RC2,rLote,loteAtivo,rStatus,""Ativo""))"
"Calc";"F144";"selecao";"=IF(RC2="""","""",IF(COUNTIFS(rAnalito,selAnalito,rNivel,1,rRUN,RC2,rLote,loteAtivo,rStatus,""Ativo"")=0,"""",SUMIFS(rValor,rAnalito,selAnalito,rNivel,1,rRUN,RC2,rLote,loteAtivo,rStatus,""Ativo"")))"
"Calc";"AB144";"selecao";"=IF(RC2="""","""",IF(COUNTIFS(rAnalito,selAnalito,rNivel,2,rRUN,RC2,rLote,loteAtivo,rStatus,""Ativo"")=0,"""",SUMIFS(rValor,rAnalito,selAnalito,rNivel,2,rRUN,RC2,rLote,loteAtivo,rStatus,""Ativo"")))"
"Calc";"AX144";"selecao";"=IF(RC2="""","""",IF(COUNTIFS(rAnalito,selAnalito,rNivel,3,rRUN,RC2,rLote,loteAtivo,rStatus,""Ativo"")=0,"""",SUMIFS(rValor,rAnalito,selAnalito,rNivel,3,rRUN,RC2,rLote,loteAtivo,rStatus,""Ativo"")))"
"Calc";"B145";"selecao";"=IF(selAnalito="""","""",IFERROR(AGGREGATE(15,6,rRUN/((rAnalito=selAnalito)*(rFirst=1)*((""""&rLote)=(""""&loteAtivo))),RC1),""""))"
"Calc";"C145";"selecao";"=IF(RC2="""","""",MAXIFS(rData,rAnalito,selAnalito,rRUN,RC2,rLote,loteAtivo,rStatus,""Ativo""))"
"Calc";"F145";"selecao";"=IF(RC2="""","""",IF(COUNTIFS(rAnalito,selAnalito,rNivel,1,rRUN,RC2,rLote,loteAtivo,rStatus,""Ativo"")=0,"""",SUMIFS(rValor,rAnalito,selAnalito,rNivel,1,rRUN,RC2,rLote,loteAtivo,rStatus,""Ativo"")))"
"Calc";"AB145";"selecao";"=IF(RC2="""","""",IF(COUNTIFS(rAnalito,selAnalito,rNivel,2,rRUN,RC2,rLote,loteAtivo,rStatus,""Ativo"")=0,"""",SUMIFS(rValor,rAnalito,selAnalito,rNivel,2,rRUN,RC2,rLote,loteAtivo,rStatus,""Ativo"")))"
"Calc";"AX145";"selecao";"=IF(RC2="""","""",IF(COUNTIFS(rAnalito,selAnalito,rNivel,3,rRUN,RC2,rLote,loteAtivo,rStatus,""Ativo"")=0,"""",SUMIFS(rValor,rAnalito,selAnalito,rNivel,3,rRUN,RC2,rLote,loteAtivo,rStatus,""Ativo"")))"
"Calc";"B146";"selecao";"=IF(selAnalito="""","""",IFERROR(AGGREGATE(15,6,rRUN/((rAnalito=selAnalito)*(rFirst=1)*((""""&rLote)=(""""&loteAtivo))),RC1),""""))"
"Calc";"C146";"selecao";"=IF(RC2="""","""",MAXIFS(rData,rAnalito,selAnalito,rRUN,RC2,rLote,loteAtivo,rStatus,""Ativo""))"
"Calc";"F146";"selecao";"=IF(RC2="""","""",IF(COUNTIFS(rAnalito,selAnalito,rNivel,1,rRUN,RC2,rLote,loteAtivo,rStatus,""Ativo"")=0,"""",SUMIFS(rValor,rAnalito,selAnalito,rNivel,1,rRUN,RC2,rLote,loteAtivo,rStatus,""Ativo"")))"
"Calc";"AB146";"selecao";"=IF(RC2="""","""",IF(COUNTIFS(rAnalito,selAnalito,rNivel,2,rRUN,RC2,rLote,loteAtivo,rStatus,""Ativo"")=0,"""",SUMIFS(rValor,rAnalito,selAnalito,rNivel,2,rRUN,RC2,rLote,loteAtivo,rStatus,""Ativo"")))"
"Calc";"AX146";"selecao";"=IF(RC2="""","""",IF(COUNTIFS(rAnalito,selAnalito,rNivel,3,rRUN,RC2,rLote,loteAtivo,rStatus,""Ativo"")=0,"""",SUMIFS(rValor,rAnalito,selAnalito,rNivel,3,rRUN,RC2,rLote,loteAtivo,rStatus,""Ativo"")))"
"Calc";"B147";"selecao";"=IF(selAnalito="""","""",IFERROR(AGGREGATE(15,6,rRUN/((rAnalito=selAnalito)*(rFirst=1)*((""""&rLote)=(""""&loteAtivo))),RC1),""""))"
"Calc";"C147";"selecao";"=IF(RC2="""","""",MAXIFS(rData,rAnalito,selAnalito,rRUN,RC2,rLote,loteAtivo,rStatus,""Ativo""))"
"Calc";"F147";"selecao";"=IF(RC2="""","""",IF(COUNTIFS(rAnalito,selAnalito,rNivel,1,rRUN,RC2,rLote,loteAtivo,rStatus,""Ativo"")=0,"""",SUMIFS(rValor,rAnalito,selAnalito,rNivel,1,rRUN,RC2,rLote,loteAtivo,rStatus,""Ativo"")))"
"Calc";"AB147";"selecao";"=IF(RC2="""","""",IF(COUNTIFS(rAnalito,selAnalito,rNivel,2,rRUN,RC2,rLote,loteAtivo,rStatus,""Ativo"")=0,"""",SUMIFS(rValor,rAnalito,selAnalito,rNivel,2,rRUN,RC2,rLote,loteAtivo,rStatus,""Ativo"")))"
"Calc";"AX147";"selecao";"=IF(RC2="""","""",IF(COUNTIFS(rAnalito,selAnalito,rNivel,3,rRUN,RC2,rLote,loteAtivo,rStatus,""Ativo"")=0,"""",SUMIFS(rValor,rAnalito,selAnalito,rNivel,3,rRUN,RC2,rLote,loteAtivo,rStatus,""Ativo"")))"
"Calc";"B148";"selecao";"=IF(selAnalito="""","""",IFERROR(AGGREGATE(15,6,rRUN/((rAnalito=selAnalito)*(rFirst=1)*((""""&rLote)=(""""&loteAtivo))),RC1),""""))"
"Calc";"C148";"selecao";"=IF(RC2="""","""",MAXIFS(rData,rAnalito,selAnalito,rRUN,RC2,rLote,loteAtivo,rStatus,""Ativo""))"
"Calc";"F148";"selecao";"=IF(RC2="""","""",IF(COUNTIFS(rAnalito,selAnalito,rNivel,1,rRUN,RC2,rLote,loteAtivo,rStatus,""Ativo"")=0,"""",SUMIFS(rValor,rAnalito,selAnalito,rNivel,1,rRUN,RC2,rLote,loteAtivo,rStatus,""Ativo"")))"
"Calc";"AB148";"selecao";"=IF(RC2="""","""",IF(COUNTIFS(rAnalito,selAnalito,rNivel,2,rRUN,RC2,rLote,loteAtivo,rStatus,""Ativo"")=0,"""",SUMIFS(rValor,rAnalito,selAnalito,rNivel,2,rRUN,RC2,rLote,loteAtivo,rStatus,""Ativo"")))"
"Calc";"AX148";"selecao";"=IF(RC2="""","""",IF(COUNTIFS(rAnalito,selAnalito,rNivel,3,rRUN,RC2,rLote,loteAtivo,rStatus,""Ativo"")=0,"""",SUMIFS(rValor,rAnalito,selAnalito,rNivel,3,rRUN,RC2,rLote,loteAtivo,rStatus,""Ativo"")))"
"Calc";"B149";"selecao";"=IF(selAnalito="""","""",IFERROR(AGGREGATE(15,6,rRUN/((rAnalito=selAnalito)*(rFirst=1)*((""""&rLote)=(""""&loteAtivo))),RC1),""""))"
"Calc";"C149";"selecao";"=IF(RC2="""","""",MAXIFS(rData,rAnalito,selAnalito,rRUN,RC2,rLote,loteAtivo,rStatus,""Ativo""))"
"Calc";"F149";"selecao";"=IF(RC2="""","""",IF(COUNTIFS(rAnalito,selAnalito,rNivel,1,rRUN,RC2,rLote,loteAtivo,rStatus,""Ativo"")=0,"""",SUMIFS(rValor,rAnalito,selAnalito,rNivel,1,rRUN,RC2,rLote,loteAtivo,rStatus,""Ativo"")))"
"Calc";"AB149";"selecao";"=IF(RC2="""","""",IF(COUNTIFS(rAnalito,selAnalito,rNivel,2,rRUN,RC2,rLote,loteAtivo,rStatus,""Ativo"")=0,"""",SUMIFS(rValor,rAnalito,selAnalito,rNivel,2,rRUN,RC2,rLote,loteAtivo,rStatus,""Ativo"")))"
"Calc";"AX149";"selecao";"=IF(RC2="""","""",IF(COUNTIFS(rAnalito,selAnalito,rNivel,3,rRUN,RC2,rLote,loteAtivo,rStatus,""Ativo"")=0,"""",SUMIFS(rValor,rAnalito,selAnalito,rNivel,3,rRUN,RC2,rLote,loteAtivo,rStatus,""Ativo"")))"
"Calc";"B150";"selecao";"=IF(selAnalito="""","""",IFERROR(AGGREGATE(15,6,rRUN/((rAnalito=selAnalito)*(rFirst=1)*((""""&rLote)=(""""&loteAtivo))),RC1),""""))"
"Calc";"C150";"selecao";"=IF(RC2="""","""",MAXIFS(rData,rAnalito,selAnalito,rRUN,RC2,rLote,loteAtivo,rStatus,""Ativo""))"
"Calc";"F150";"selecao";"=IF(RC2="""","""",IF(COUNTIFS(rAnalito,selAnalito,rNivel,1,rRUN,RC2,rLote,loteAtivo,rStatus,""Ativo"")=0,"""",SUMIFS(rValor,rAnalito,selAnalito,rNivel,1,rRUN,RC2,rLote,loteAtivo,rStatus,""Ativo"")))"
"Calc";"AB150";"selecao";"=IF(RC2="""","""",IF(COUNTIFS(rAnalito,selAnalito,rNivel,2,rRUN,RC2,rLote,loteAtivo,rStatus,""Ativo"")=0,"""",SUMIFS(rValor,rAnalito,selAnalito,rNivel,2,rRUN,RC2,rLote,loteAtivo,rStatus,""Ativo"")))"
"Calc";"AX150";"selecao";"=IF(RC2="""","""",IF(COUNTIFS(rAnalito,selAnalito,rNivel,3,rRUN,RC2,rLote,loteAtivo,rStatus,""Ativo"")=0,"""",SUMIFS(rValor,rAnalito,selAnalito,rNivel,3,rRUN,RC2,rLote,loteAtivo,rStatus,""Ativo"")))"
"Calc";"B151";"selecao";"=IF(selAnalito="""","""",IFERROR(AGGREGATE(15,6,rRUN/((rAnalito=selAnalito)*(rFirst=1)*((""""&rLote)=(""""&loteAtivo))),RC1),""""))"
"Calc";"C151";"selecao";"=IF(RC2="""","""",MAXIFS(rData,rAnalito,selAnalito,rRUN,RC2,rLote,loteAtivo,rStatus,""Ativo""))"
"Calc";"F151";"selecao";"=IF(RC2="""","""",IF(COUNTIFS(rAnalito,selAnalito,rNivel,1,rRUN,RC2,rLote,loteAtivo,rStatus,""Ativo"")=0,"""",SUMIFS(rValor,rAnalito,selAnalito,rNivel,1,rRUN,RC2,rLote,loteAtivo,rStatus,""Ativo"")))"
"Calc";"AB151";"selecao";"=IF(RC2="""","""",IF(COUNTIFS(rAnalito,selAnalito,rNivel,2,rRUN,RC2,rLote,loteAtivo,rStatus,""Ativo"")=0,"""",SUMIFS(rValor,rAnalito,selAnalito,rNivel,2,rRUN,RC2,rLote,loteAtivo,rStatus,""Ativo"")))"
"Calc";"AX151";"selecao";"=IF(RC2="""","""",IF(COUNTIFS(rAnalito,selAnalito,rNivel,3,rRUN,RC2,rLote,loteAtivo,rStatus,""Ativo"")=0,"""",SUMIFS(rValor,rAnalito,selAnalito,rNivel,3,rRUN,RC2,rLote,loteAtivo,rStatus,""Ativo"")))"
"Calc";"B152";"selecao";"=IF(selAnalito="""","""",IFERROR(AGGREGATE(15,6,rRUN/((rAnalito=selAnalito)*(rFirst=1)*((""""&rLote)=(""""&loteAtivo))),RC1),""""))"
"Calc";"C152";"selecao";"=IF(RC2="""","""",MAXIFS(rData,rAnalito,selAnalito,rRUN,RC2,rLote,loteAtivo,rStatus,""Ativo""))"
"Calc";"F152";"selecao";"=IF(RC2="""","""",IF(COUNTIFS(rAnalito,selAnalito,rNivel,1,rRUN,RC2,rLote,loteAtivo,rStatus,""Ativo"")=0,"""",SUMIFS(rValor,rAnalito,selAnalito,rNivel,1,rRUN,RC2,rLote,loteAtivo,rStatus,""Ativo"")))"
"Calc";"AB152";"selecao";"=IF(RC2="""","""",IF(COUNTIFS(rAnalito,selAnalito,rNivel,2,rRUN,RC2,rLote,loteAtivo,rStatus,""Ativo"")=0,"""",SUMIFS(rValor,rAnalito,selAnalito,rNivel,2,rRUN,RC2,rLote,loteAtivo,rStatus,""Ativo"")))"
"Calc";"AX152";"selecao";"=IF(RC2="""","""",IF(COUNTIFS(rAnalito,selAnalito,rNivel,3,rRUN,RC2,rLote,loteAtivo,rStatus,""Ativo"")=0,"""",SUMIFS(rValor,rAnalito,selAnalito,rNivel,3,rRUN,RC2,rLote,loteAtivo,rStatus,""Ativo"")))"
"Calc";"B153";"selecao";"=IF(selAnalito="""","""",IFERROR(AGGREGATE(15,6,rRUN/((rAnalito=selAnalito)*(rFirst=1)*((""""&rLote)=(""""&loteAtivo))),RC1),""""))"
"Calc";"C153";"selecao";"=IF(RC2="""","""",MAXIFS(rData,rAnalito,selAnalito,rRUN,RC2,rLote,loteAtivo,rStatus,""Ativo""))"
"Calc";"F153";"selecao";"=IF(RC2="""","""",IF(COUNTIFS(rAnalito,selAnalito,rNivel,1,rRUN,RC2,rLote,loteAtivo,rStatus,""Ativo"")=0,"""",SUMIFS(rValor,rAnalito,selAnalito,rNivel,1,rRUN,RC2,rLote,loteAtivo,rStatus,""Ativo"")))"
"Calc";"AB153";"selecao";"=IF(RC2="""","""",IF(COUNTIFS(rAnalito,selAnalito,rNivel,2,rRUN,RC2,rLote,loteAtivo,rStatus,""Ativo"")=0,"""",SUMIFS(rValor,rAnalito,selAnalito,rNivel,2,rRUN,RC2,rLote,loteAtivo,rStatus,""Ativo"")))"
"Calc";"AX153";"selecao";"=IF(RC2="""","""",IF(COUNTIFS(rAnalito,selAnalito,rNivel,3,rRUN,RC2,rLote,loteAtivo,rStatus,""Ativo"")=0,"""",SUMIFS(rValor,rAnalito,selAnalito,rNivel,3,rRUN,RC2,rLote,loteAtivo,rStatus,""Ativo"")))"
"Calc";"B154";"selecao";"=IF(selAnalito="""","""",IFERROR(AGGREGATE(15,6,rRUN/((rAnalito=selAnalito)*(rFirst=1)*((""""&rLote)=(""""&loteAtivo))),RC1),""""))"
"Calc";"C154";"selecao";"=IF(RC2="""","""",MAXIFS(rData,rAnalito,selAnalito,rRUN,RC2,rLote,loteAtivo,rStatus,""Ativo""))"
"Calc";"F154";"selecao";"=IF(RC2="""","""",IF(COUNTIFS(rAnalito,selAnalito,rNivel,1,rRUN,RC2,rLote,loteAtivo,rStatus,""Ativo"")=0,"""",SUMIFS(rValor,rAnalito,selAnalito,rNivel,1,rRUN,RC2,rLote,loteAtivo,rStatus,""Ativo"")))"
"Calc";"AB154";"selecao";"=IF(RC2="""","""",IF(COUNTIFS(rAnalito,selAnalito,rNivel,2,rRUN,RC2,rLote,loteAtivo,rStatus,""Ativo"")=0,"""",SUMIFS(rValor,rAnalito,selAnalito,rNivel,2,rRUN,RC2,rLote,loteAtivo,rStatus,""Ativo"")))"
"Calc";"AX154";"selecao";"=IF(RC2="""","""",IF(COUNTIFS(rAnalito,selAnalito,rNivel,3,rRUN,RC2,rLote,loteAtivo,rStatus,""Ativo"")=0,"""",SUMIFS(rValor,rAnalito,selAnalito,rNivel,3,rRUN,RC2,rLote,loteAtivo,rStatus,""Ativo"")))"
"Calc";"B155";"selecao";"=IF(selAnalito="""","""",IFERROR(AGGREGATE(15,6,rRUN/((rAnalito=selAnalito)*(rFirst=1)*((""""&rLote)=(""""&loteAtivo))),RC1),""""))"
"Calc";"C155";"selecao";"=IF(RC2="""","""",MAXIFS(rData,rAnalito,selAnalito,rRUN,RC2,rLote,loteAtivo,rStatus,""Ativo""))"
"Calc";"F155";"selecao";"=IF(RC2="""","""",IF(COUNTIFS(rAnalito,selAnalito,rNivel,1,rRUN,RC2,rLote,loteAtivo,rStatus,""Ativo"")=0,"""",SUMIFS(rValor,rAnalito,selAnalito,rNivel,1,rRUN,RC2,rLote,loteAtivo,rStatus,""Ativo"")))"
"Calc";"AB155";"selecao";"=IF(RC2="""","""",IF(COUNTIFS(rAnalito,selAnalito,rNivel,2,rRUN,RC2,rLote,loteAtivo,rStatus,""Ativo"")=0,"""",SUMIFS(rValor,rAnalito,selAnalito,rNivel,2,rRUN,RC2,rLote,loteAtivo,rStatus,""Ativo"")))"
"Calc";"AX155";"selecao";"=IF(RC2="""","""",IF(COUNTIFS(rAnalito,selAnalito,rNivel,3,rRUN,RC2,rLote,loteAtivo,rStatus,""Ativo"")=0,"""",SUMIFS(rValor,rAnalito,selAnalito,rNivel,3,rRUN,RC2,rLote,loteAtivo,rStatus,""Ativo"")))"
"Calc";"B156";"selecao";"=IF(selAnalito="""","""",IFERROR(AGGREGATE(15,6,rRUN/((rAnalito=selAnalito)*(rFirst=1)*((""""&rLote)=(""""&loteAtivo))),RC1),""""))"
"Calc";"C156";"selecao";"=IF(RC2="""","""",MAXIFS(rData,rAnalito,selAnalito,rRUN,RC2,rLote,loteAtivo,rStatus,""Ativo""))"
"Calc";"F156";"selecao";"=IF(RC2="""","""",IF(COUNTIFS(rAnalito,selAnalito,rNivel,1,rRUN,RC2,rLote,loteAtivo,rStatus,""Ativo"")=0,"""",SUMIFS(rValor,rAnalito,selAnalito,rNivel,1,rRUN,RC2,rLote,loteAtivo,rStatus,""Ativo"")))"
"Calc";"AB156";"selecao";"=IF(RC2="""","""",IF(COUNTIFS(rAnalito,selAnalito,rNivel,2,rRUN,RC2,rLote,loteAtivo,rStatus,""Ativo"")=0,"""",SUMIFS(rValor,rAnalito,selAnalito,rNivel,2,rRUN,RC2,rLote,loteAtivo,rStatus,""Ativo"")))"
"Calc";"AX156";"selecao";"=IF(RC2="""","""",IF(COUNTIFS(rAnalito,selAnalito,rNivel,3,rRUN,RC2,rLote,loteAtivo,rStatus,""Ativo"")=0,"""",SUMIFS(rValor,rAnalito,selAnalito,rNivel,3,rRUN,RC2,rLote,loteAtivo,rStatus,""Ativo"")))"
"Calc";"B157";"selecao";"=IF(selAnalito="""","""",IFERROR(AGGREGATE(15,6,rRUN/((rAnalito=selAnalito)*(rFirst=1)*((""""&rLote)=(""""&loteAtivo))),RC1),""""))"
"Calc";"C157";"selecao";"=IF(RC2="""","""",MAXIFS(rData,rAnalito,selAnalito,rRUN,RC2,rLote,loteAtivo,rStatus,""Ativo""))"
"Calc";"F157";"selecao";"=IF(RC2="""","""",IF(COUNTIFS(rAnalito,selAnalito,rNivel,1,rRUN,RC2,rLote,loteAtivo,rStatus,""Ativo"")=0,"""",SUMIFS(rValor,rAnalito,selAnalito,rNivel,1,rRUN,RC2,rLote,loteAtivo,rStatus,""Ativo"")))"
"Calc";"AB157";"selecao";"=IF(RC2="""","""",IF(COUNTIFS(rAnalito,selAnalito,rNivel,2,rRUN,RC2,rLote,loteAtivo,rStatus,""Ativo"")=0,"""",SUMIFS(rValor,rAnalito,selAnalito,rNivel,2,rRUN,RC2,rLote,loteAtivo,rStatus,""Ativo"")))"
"Calc";"AX157";"selecao";"=IF(RC2="""","""",IF(COUNTIFS(rAnalito,selAnalito,rNivel,3,rRUN,RC2,rLote,loteAtivo,rStatus,""Ativo"")=0,"""",SUMIFS(rValor,rAnalito,selAnalito,rNivel,3,rRUN,RC2,rLote,loteAtivo,rStatus,""Ativo"")))"
"Calc";"B158";"selecao";"=IF(selAnalito="""","""",IFERROR(AGGREGATE(15,6,rRUN/((rAnalito=selAnalito)*(rFirst=1)*((""""&rLote)=(""""&loteAtivo))),RC1),""""))"
"Calc";"C158";"selecao";"=IF(RC2="""","""",MAXIFS(rData,rAnalito,selAnalito,rRUN,RC2,rLote,loteAtivo,rStatus,""Ativo""))"
"Calc";"F158";"selecao";"=IF(RC2="""","""",IF(COUNTIFS(rAnalito,selAnalito,rNivel,1,rRUN,RC2,rLote,loteAtivo,rStatus,""Ativo"")=0,"""",SUMIFS(rValor,rAnalito,selAnalito,rNivel,1,rRUN,RC2,rLote,loteAtivo,rStatus,""Ativo"")))"
"Calc";"AB158";"selecao";"=IF(RC2="""","""",IF(COUNTIFS(rAnalito,selAnalito,rNivel,2,rRUN,RC2,rLote,loteAtivo,rStatus,""Ativo"")=0,"""",SUMIFS(rValor,rAnalito,selAnalito,rNivel,2,rRUN,RC2,rLote,loteAtivo,rStatus,""Ativo"")))"
"Calc";"AX158";"selecao";"=IF(RC2="""","""",IF(COUNTIFS(rAnalito,selAnalito,rNivel,3,rRUN,RC2,rLote,loteAtivo,rStatus,""Ativo"")=0,"""",SUMIFS(rValor,rAnalito,selAnalito,rNivel,3,rRUN,RC2,rLote,loteAtivo,rStatus,""Ativo"")))"
"Calc";"B159";"selecao";"=IF(selAnalito="""","""",IFERROR(AGGREGATE(15,6,rRUN/((rAnalito=selAnalito)*(rFirst=1)*((""""&rLote)=(""""&loteAtivo))),RC1),""""))"
"Calc";"C159";"selecao";"=IF(RC2="""","""",MAXIFS(rData,rAnalito,selAnalito,rRUN,RC2,rLote,loteAtivo,rStatus,""Ativo""))"
"Calc";"F159";"selecao";"=IF(RC2="""","""",IF(COUNTIFS(rAnalito,selAnalito,rNivel,1,rRUN,RC2,rLote,loteAtivo,rStatus,""Ativo"")=0,"""",SUMIFS(rValor,rAnalito,selAnalito,rNivel,1,rRUN,RC2,rLote,loteAtivo,rStatus,""Ativo"")))"
"Calc";"AB159";"selecao";"=IF(RC2="""","""",IF(COUNTIFS(rAnalito,selAnalito,rNivel,2,rRUN,RC2,rLote,loteAtivo,rStatus,""Ativo"")=0,"""",SUMIFS(rValor,rAnalito,selAnalito,rNivel,2,rRUN,RC2,rLote,loteAtivo,rStatus,""Ativo"")))"
"Calc";"AX159";"selecao";"=IF(RC2="""","""",IF(COUNTIFS(rAnalito,selAnalito,rNivel,3,rRUN,RC2,rLote,loteAtivo,rStatus,""Ativo"")=0,"""",SUMIFS(rValor,rAnalito,selAnalito,rNivel,3,rRUN,RC2,rLote,loteAtivo,rStatus,""Ativo"")))"
"Calc";"B160";"selecao";"=IF(selAnalito="""","""",IFERROR(AGGREGATE(15,6,rRUN/((rAnalito=selAnalito)*(rFirst=1)*((""""&rLote)=(""""&loteAtivo))),RC1),""""))"
"Calc";"C160";"selecao";"=IF(RC2="""","""",MAXIFS(rData,rAnalito,selAnalito,rRUN,RC2,rLote,loteAtivo,rStatus,""Ativo""))"
"Calc";"F160";"selecao";"=IF(RC2="""","""",IF(COUNTIFS(rAnalito,selAnalito,rNivel,1,rRUN,RC2,rLote,loteAtivo,rStatus,""Ativo"")=0,"""",SUMIFS(rValor,rAnalito,selAnalito,rNivel,1,rRUN,RC2,rLote,loteAtivo,rStatus,""Ativo"")))"
"Calc";"AB160";"selecao";"=IF(RC2="""","""",IF(COUNTIFS(rAnalito,selAnalito,rNivel,2,rRUN,RC2,rLote,loteAtivo,rStatus,""Ativo"")=0,"""",SUMIFS(rValor,rAnalito,selAnalito,rNivel,2,rRUN,RC2,rLote,loteAtivo,rStatus,""Ativo"")))"
"Calc";"AX160";"selecao";"=IF(RC2="""","""",IF(COUNTIFS(rAnalito,selAnalito,rNivel,3,rRUN,RC2,rLote,loteAtivo,rStatus,""Ativo"")=0,"""",SUMIFS(rValor,rAnalito,selAnalito,rNivel,3,rRUN,RC2,rLote,loteAtivo,rStatus,""Ativo"")))"
"Calc";"B161";"selecao";"=IF(selAnalito="""","""",IFERROR(AGGREGATE(15,6,rRUN/((rAnalito=selAnalito)*(rFirst=1)*((""""&rLote)=(""""&loteAtivo))),RC1),""""))"
"Calc";"C161";"selecao";"=IF(RC2="""","""",MAXIFS(rData,rAnalito,selAnalito,rRUN,RC2,rLote,loteAtivo,rStatus,""Ativo""))"
"Calc";"F161";"selecao";"=IF(RC2="""","""",IF(COUNTIFS(rAnalito,selAnalito,rNivel,1,rRUN,RC2,rLote,loteAtivo,rStatus,""Ativo"")=0,"""",SUMIFS(rValor,rAnalito,selAnalito,rNivel,1,rRUN,RC2,rLote,loteAtivo,rStatus,""Ativo"")))"
"Calc";"AB161";"selecao";"=IF(RC2="""","""",IF(COUNTIFS(rAnalito,selAnalito,rNivel,2,rRUN,RC2,rLote,loteAtivo,rStatus,""Ativo"")=0,"""",SUMIFS(rValor,rAnalito,selAnalito,rNivel,2,rRUN,RC2,rLote,loteAtivo,rStatus,""Ativo"")))"
"Calc";"AX161";"selecao";"=IF(RC2="""","""",IF(COUNTIFS(rAnalito,selAnalito,rNivel,3,rRUN,RC2,rLote,loteAtivo,rStatus,""Ativo"")=0,"""",SUMIFS(rValor,rAnalito,selAnalito,rNivel,3,rRUN,RC2,rLote,loteAtivo,rStatus,""Ativo"")))"
"Calc";"B162";"selecao";"=IF(selAnalito="""","""",IFERROR(AGGREGATE(15,6,rRUN/((rAnalito=selAnalito)*(rFirst=1)*((""""&rLote)=(""""&loteAtivo))),RC1),""""))"
"Calc";"C162";"selecao";"=IF(RC2="""","""",MAXIFS(rData,rAnalito,selAnalito,rRUN,RC2,rLote,loteAtivo,rStatus,""Ativo""))"
"Calc";"F162";"selecao";"=IF(RC2="""","""",IF(COUNTIFS(rAnalito,selAnalito,rNivel,1,rRUN,RC2,rLote,loteAtivo,rStatus,""Ativo"")=0,"""",SUMIFS(rValor,rAnalito,selAnalito,rNivel,1,rRUN,RC2,rLote,loteAtivo,rStatus,""Ativo"")))"
"Calc";"AB162";"selecao";"=IF(RC2="""","""",IF(COUNTIFS(rAnalito,selAnalito,rNivel,2,rRUN,RC2,rLote,loteAtivo,rStatus,""Ativo"")=0,"""",SUMIFS(rValor,rAnalito,selAnalito,rNivel,2,rRUN,RC2,rLote,loteAtivo,rStatus,""Ativo"")))"
"Calc";"AX162";"selecao";"=IF(RC2="""","""",IF(COUNTIFS(rAnalito,selAnalito,rNivel,3,rRUN,RC2,rLote,loteAtivo,rStatus,""Ativo"")=0,"""",SUMIFS(rValor,rAnalito,selAnalito,rNivel,3,rRUN,RC2,rLote,loteAtivo,rStatus,""Ativo"")))"
"Calc";"B163";"selecao";"=IF(selAnalito="""","""",IFERROR(AGGREGATE(15,6,rRUN/((rAnalito=selAnalito)*(rFirst=1)*((""""&rLote)=(""""&loteAtivo))),RC1),""""))"
"Calc";"C163";"selecao";"=IF(RC2="""","""",MAXIFS(rData,rAnalito,selAnalito,rRUN,RC2,rLote,loteAtivo,rStatus,""Ativo""))"
"Calc";"F163";"selecao";"=IF(RC2="""","""",IF(COUNTIFS(rAnalito,selAnalito,rNivel,1,rRUN,RC2,rLote,loteAtivo,rStatus,""Ativo"")=0,"""",SUMIFS(rValor,rAnalito,selAnalito,rNivel,1,rRUN,RC2,rLote,loteAtivo,rStatus,""Ativo"")))"
"Calc";"AB163";"selecao";"=IF(RC2="""","""",IF(COUNTIFS(rAnalito,selAnalito,rNivel,2,rRUN,RC2,rLote,loteAtivo,rStatus,""Ativo"")=0,"""",SUMIFS(rValor,rAnalito,selAnalito,rNivel,2,rRUN,RC2,rLote,loteAtivo,rStatus,""Ativo"")))"
"Calc";"AX163";"selecao";"=IF(RC2="""","""",IF(COUNTIFS(rAnalito,selAnalito,rNivel,3,rRUN,RC2,rLote,loteAtivo,rStatus,""Ativo"")=0,"""",SUMIFS(rValor,rAnalito,selAnalito,rNivel,3,rRUN,RC2,rLote,loteAtivo,rStatus,""Ativo"")))"
"Calc";"B164";"selecao";"=IF(selAnalito="""","""",IFERROR(AGGREGATE(15,6,rRUN/((rAnalito=selAnalito)*(rFirst=1)*((""""&rLote)=(""""&loteAtivo))),RC1),""""))"
"Calc";"C164";"selecao";"=IF(RC2="""","""",MAXIFS(rData,rAnalito,selAnalito,rRUN,RC2,rLote,loteAtivo,rStatus,""Ativo""))"
"Calc";"F164";"selecao";"=IF(RC2="""","""",IF(COUNTIFS(rAnalito,selAnalito,rNivel,1,rRUN,RC2,rLote,loteAtivo,rStatus,""Ativo"")=0,"""",SUMIFS(rValor,rAnalito,selAnalito,rNivel,1,rRUN,RC2,rLote,loteAtivo,rStatus,""Ativo"")))"
"Calc";"AB164";"selecao";"=IF(RC2="""","""",IF(COUNTIFS(rAnalito,selAnalito,rNivel,2,rRUN,RC2,rLote,loteAtivo,rStatus,""Ativo"")=0,"""",SUMIFS(rValor,rAnalito,selAnalito,rNivel,2,rRUN,RC2,rLote,loteAtivo,rStatus,""Ativo"")))"
"Calc";"AX164";"selecao";"=IF(RC2="""","""",IF(COUNTIFS(rAnalito,selAnalito,rNivel,3,rRUN,RC2,rLote,loteAtivo,rStatus,""Ativo"")=0,"""",SUMIFS(rValor,rAnalito,selAnalito,rNivel,3,rRUN,RC2,rLote,loteAtivo,rStatus,""Ativo"")))"
"Calc";"B165";"selecao";"=IF(selAnalito="""","""",IFERROR(AGGREGATE(15,6,rRUN/((rAnalito=selAnalito)*(rFirst=1)*((""""&rLote)=(""""&loteAtivo))),RC1),""""))"
"Calc";"C165";"selecao";"=IF(RC2="""","""",MAXIFS(rData,rAnalito,selAnalito,rRUN,RC2,rLote,loteAtivo,rStatus,""Ativo""))"
"Calc";"F165";"selecao";"=IF(RC2="""","""",IF(COUNTIFS(rAnalito,selAnalito,rNivel,1,rRUN,RC2,rLote,loteAtivo,rStatus,""Ativo"")=0,"""",SUMIFS(rValor,rAnalito,selAnalito,rNivel,1,rRUN,RC2,rLote,loteAtivo,rStatus,""Ativo"")))"
"Calc";"AB165";"selecao";"=IF(RC2="""","""",IF(COUNTIFS(rAnalito,selAnalito,rNivel,2,rRUN,RC2,rLote,loteAtivo,rStatus,""Ativo"")=0,"""",SUMIFS(rValor,rAnalito,selAnalito,rNivel,2,rRUN,RC2,rLote,loteAtivo,rStatus,""Ativo"")))"
"Calc";"AX165";"selecao";"=IF(RC2="""","""",IF(COUNTIFS(rAnalito,selAnalito,rNivel,3,rRUN,RC2,rLote,loteAtivo,rStatus,""Ativo"")=0,"""",SUMIFS(rValor,rAnalito,selAnalito,rNivel,3,rRUN,RC2,rLote,loteAtivo,rStatus,""Ativo"")))"
"Calc";"B166";"selecao";"=IF(selAnalito="""","""",IFERROR(AGGREGATE(15,6,rRUN/((rAnalito=selAnalito)*(rFirst=1)*((""""&rLote)=(""""&loteAtivo))),RC1),""""))"
"Calc";"C166";"selecao";"=IF(RC2="""","""",MAXIFS(rData,rAnalito,selAnalito,rRUN,RC2,rLote,loteAtivo,rStatus,""Ativo""))"
"Calc";"F166";"selecao";"=IF(RC2="""","""",IF(COUNTIFS(rAnalito,selAnalito,rNivel,1,rRUN,RC2,rLote,loteAtivo,rStatus,""Ativo"")=0,"""",SUMIFS(rValor,rAnalito,selAnalito,rNivel,1,rRUN,RC2,rLote,loteAtivo,rStatus,""Ativo"")))"
"Calc";"AB166";"selecao";"=IF(RC2="""","""",IF(COUNTIFS(rAnalito,selAnalito,rNivel,2,rRUN,RC2,rLote,loteAtivo,rStatus,""Ativo"")=0,"""",SUMIFS(rValor,rAnalito,selAnalito,rNivel,2,rRUN,RC2,rLote,loteAtivo,rStatus,""Ativo"")))"
"Calc";"AX166";"selecao";"=IF(RC2="""","""",IF(COUNTIFS(rAnalito,selAnalito,rNivel,3,rRUN,RC2,rLote,loteAtivo,rStatus,""Ativo"")=0,"""",SUMIFS(rValor,rAnalito,selAnalito,rNivel,3,rRUN,RC2,rLote,loteAtivo,rStatus,""Ativo"")))"
"Calc";"B167";"selecao";"=IF(selAnalito="""","""",IFERROR(AGGREGATE(15,6,rRUN/((rAnalito=selAnalito)*(rFirst=1)*((""""&rLote)=(""""&loteAtivo))),RC1),""""))"
"Calc";"C167";"selecao";"=IF(RC2="""","""",MAXIFS(rData,rAnalito,selAnalito,rRUN,RC2,rLote,loteAtivo,rStatus,""Ativo""))"
"Calc";"F167";"selecao";"=IF(RC2="""","""",IF(COUNTIFS(rAnalito,selAnalito,rNivel,1,rRUN,RC2,rLote,loteAtivo,rStatus,""Ativo"")=0,"""",SUMIFS(rValor,rAnalito,selAnalito,rNivel,1,rRUN,RC2,rLote,loteAtivo,rStatus,""Ativo"")))"
"Calc";"AB167";"selecao";"=IF(RC2="""","""",IF(COUNTIFS(rAnalito,selAnalito,rNivel,2,rRUN,RC2,rLote,loteAtivo,rStatus,""Ativo"")=0,"""",SUMIFS(rValor,rAnalito,selAnalito,rNivel,2,rRUN,RC2,rLote,loteAtivo,rStatus,""Ativo"")))"
"Calc";"AX167";"selecao";"=IF(RC2="""","""",IF(COUNTIFS(rAnalito,selAnalito,rNivel,3,rRUN,RC2,rLote,loteAtivo,rStatus,""Ativo"")=0,"""",SUMIFS(rValor,rAnalito,selAnalito,rNivel,3,rRUN,RC2,rLote,loteAtivo,rStatus,""Ativo"")))"
"Calc";"B168";"selecao";"=IF(selAnalito="""","""",IFERROR(AGGREGATE(15,6,rRUN/((rAnalito=selAnalito)*(rFirst=1)*((""""&rLote)=(""""&loteAtivo))),RC1),""""))"
"Calc";"C168";"selecao";"=IF(RC2="""","""",MAXIFS(rData,rAnalito,selAnalito,rRUN,RC2,rLote,loteAtivo,rStatus,""Ativo""))"
"Calc";"F168";"selecao";"=IF(RC2="""","""",IF(COUNTIFS(rAnalito,selAnalito,rNivel,1,rRUN,RC2,rLote,loteAtivo,rStatus,""Ativo"")=0,"""",SUMIFS(rValor,rAnalito,selAnalito,rNivel,1,rRUN,RC2,rLote,loteAtivo,rStatus,""Ativo"")))"
"Calc";"AB168";"selecao";"=IF(RC2="""","""",IF(COUNTIFS(rAnalito,selAnalito,rNivel,2,rRUN,RC2,rLote,loteAtivo,rStatus,""Ativo"")=0,"""",SUMIFS(rValor,rAnalito,selAnalito,rNivel,2,rRUN,RC2,rLote,loteAtivo,rStatus,""Ativo"")))"
"Calc";"AX168";"selecao";"=IF(RC2="""","""",IF(COUNTIFS(rAnalito,selAnalito,rNivel,3,rRUN,RC2,rLote,loteAtivo,rStatus,""Ativo"")=0,"""",SUMIFS(rValor,rAnalito,selAnalito,rNivel,3,rRUN,RC2,rLote,loteAtivo,rStatus,""Ativo"")))"
"Calc";"B169";"selecao";"=IF(selAnalito="""","""",IFERROR(AGGREGATE(15,6,rRUN/((rAnalito=selAnalito)*(rFirst=1)*((""""&rLote)=(""""&loteAtivo))),RC1),""""))"
"Calc";"C169";"selecao";"=IF(RC2="""","""",MAXIFS(rData,rAnalito,selAnalito,rRUN,RC2,rLote,loteAtivo,rStatus,""Ativo""))"
"Calc";"F169";"selecao";"=IF(RC2="""","""",IF(COUNTIFS(rAnalito,selAnalito,rNivel,1,rRUN,RC2,rLote,loteAtivo,rStatus,""Ativo"")=0,"""",SUMIFS(rValor,rAnalito,selAnalito,rNivel,1,rRUN,RC2,rLote,loteAtivo,rStatus,""Ativo"")))"
"Calc";"AB169";"selecao";"=IF(RC2="""","""",IF(COUNTIFS(rAnalito,selAnalito,rNivel,2,rRUN,RC2,rLote,loteAtivo,rStatus,""Ativo"")=0,"""",SUMIFS(rValor,rAnalito,selAnalito,rNivel,2,rRUN,RC2,rLote,loteAtivo,rStatus,""Ativo"")))"
"Calc";"AX169";"selecao";"=IF(RC2="""","""",IF(COUNTIFS(rAnalito,selAnalito,rNivel,3,rRUN,RC2,rLote,loteAtivo,rStatus,""Ativo"")=0,"""",SUMIFS(rValor,rAnalito,selAnalito,rNivel,3,rRUN,RC2,rLote,loteAtivo,rStatus,""Ativo"")))"
"Calc";"B170";"selecao";"=IF(selAnalito="""","""",IFERROR(AGGREGATE(15,6,rRUN/((rAnalito=selAnalito)*(rFirst=1)*((""""&rLote)=(""""&loteAtivo))),RC1),""""))"
"Calc";"C170";"selecao";"=IF(RC2="""","""",MAXIFS(rData,rAnalito,selAnalito,rRUN,RC2,rLote,loteAtivo,rStatus,""Ativo""))"
"Calc";"F170";"selecao";"=IF(RC2="""","""",IF(COUNTIFS(rAnalito,selAnalito,rNivel,1,rRUN,RC2,rLote,loteAtivo,rStatus,""Ativo"")=0,"""",SUMIFS(rValor,rAnalito,selAnalito,rNivel,1,rRUN,RC2,rLote,loteAtivo,rStatus,""Ativo"")))"
"Calc";"AB170";"selecao";"=IF(RC2="""","""",IF(COUNTIFS(rAnalito,selAnalito,rNivel,2,rRUN,RC2,rLote,loteAtivo,rStatus,""Ativo"")=0,"""",SUMIFS(rValor,rAnalito,selAnalito,rNivel,2,rRUN,RC2,rLote,loteAtivo,rStatus,""Ativo"")))"
"Calc";"AX170";"selecao";"=IF(RC2="""","""",IF(COUNTIFS(rAnalito,selAnalito,rNivel,3,rRUN,RC2,rLote,loteAtivo,rStatus,""Ativo"")=0,"""",SUMIFS(rValor,rAnalito,selAnalito,rNivel,3,rRUN,RC2,rLote,loteAtivo,rStatus,""Ativo"")))"
"Calc";"B171";"selecao";"=IF(selAnalito="""","""",IFERROR(AGGREGATE(15,6,rRUN/((rAnalito=selAnalito)*(rFirst=1)*((""""&rLote)=(""""&loteAtivo))),RC1),""""))"
"Calc";"C171";"selecao";"=IF(RC2="""","""",MAXIFS(rData,rAnalito,selAnalito,rRUN,RC2,rLote,loteAtivo,rStatus,""Ativo""))"
"Calc";"F171";"selecao";"=IF(RC2="""","""",IF(COUNTIFS(rAnalito,selAnalito,rNivel,1,rRUN,RC2,rLote,loteAtivo,rStatus,""Ativo"")=0,"""",SUMIFS(rValor,rAnalito,selAnalito,rNivel,1,rRUN,RC2,rLote,loteAtivo,rStatus,""Ativo"")))"
"Calc";"AB171";"selecao";"=IF(RC2="""","""",IF(COUNTIFS(rAnalito,selAnalito,rNivel,2,rRUN,RC2,rLote,loteAtivo,rStatus,""Ativo"")=0,"""",SUMIFS(rValor,rAnalito,selAnalito,rNivel,2,rRUN,RC2,rLote,loteAtivo,rStatus,""Ativo"")))"
"Calc";"AX171";"selecao";"=IF(RC2="""","""",IF(COUNTIFS(rAnalito,selAnalito,rNivel,3,rRUN,RC2,rLote,loteAtivo,rStatus,""Ativo"")=0,"""",SUMIFS(rValor,rAnalito,selAnalito,rNivel,3,rRUN,RC2,rLote,loteAtivo,rStatus,""Ativo"")))"
"Calc";"B172";"selecao";"=IF(selAnalito="""","""",IFERROR(AGGREGATE(15,6,rRUN/((rAnalito=selAnalito)*(rFirst=1)*((""""&rLote)=(""""&loteAtivo))),RC1),""""))"
"Calc";"C172";"selecao";"=IF(RC2="""","""",MAXIFS(rData,rAnalito,selAnalito,rRUN,RC2,rLote,loteAtivo,rStatus,""Ativo""))"
"Calc";"F172";"selecao";"=IF(RC2="""","""",IF(COUNTIFS(rAnalito,selAnalito,rNivel,1,rRUN,RC2,rLote,loteAtivo,rStatus,""Ativo"")=0,"""",SUMIFS(rValor,rAnalito,selAnalito,rNivel,1,rRUN,RC2,rLote,loteAtivo,rStatus,""Ativo"")))"
"Calc";"AB172";"selecao";"=IF(RC2="""","""",IF(COUNTIFS(rAnalito,selAnalito,rNivel,2,rRUN,RC2,rLote,loteAtivo,rStatus,""Ativo"")=0,"""",SUMIFS(rValor,rAnalito,selAnalito,rNivel,2,rRUN,RC2,rLote,loteAtivo,rStatus,""Ativo"")))"
"Calc";"AX172";"selecao";"=IF(RC2="""","""",IF(COUNTIFS(rAnalito,selAnalito,rNivel,3,rRUN,RC2,rLote,loteAtivo,rStatus,""Ativo"")=0,"""",SUMIFS(rValor,rAnalito,selAnalito,rNivel,3,rRUN,RC2,rLote,loteAtivo,rStatus,""Ativo"")))"
"Calc";"B173";"selecao";"=IF(selAnalito="""","""",IFERROR(AGGREGATE(15,6,rRUN/((rAnalito=selAnalito)*(rFirst=1)*((""""&rLote)=(""""&loteAtivo))),RC1),""""))"
"Calc";"C173";"selecao";"=IF(RC2="""","""",MAXIFS(rData,rAnalito,selAnalito,rRUN,RC2,rLote,loteAtivo,rStatus,""Ativo""))"
"Calc";"F173";"selecao";"=IF(RC2="""","""",IF(COUNTIFS(rAnalito,selAnalito,rNivel,1,rRUN,RC2,rLote,loteAtivo,rStatus,""Ativo"")=0,"""",SUMIFS(rValor,rAnalito,selAnalito,rNivel,1,rRUN,RC2,rLote,loteAtivo,rStatus,""Ativo"")))"
"Calc";"AB173";"selecao";"=IF(RC2="""","""",IF(COUNTIFS(rAnalito,selAnalito,rNivel,2,rRUN,RC2,rLote,loteAtivo,rStatus,""Ativo"")=0,"""",SUMIFS(rValor,rAnalito,selAnalito,rNivel,2,rRUN,RC2,rLote,loteAtivo,rStatus,""Ativo"")))"
"Calc";"AX173";"selecao";"=IF(RC2="""","""",IF(COUNTIFS(rAnalito,selAnalito,rNivel,3,rRUN,RC2,rLote,loteAtivo,rStatus,""Ativo"")=0,"""",SUMIFS(rValor,rAnalito,selAnalito,rNivel,3,rRUN,RC2,rLote,loteAtivo,rStatus,""Ativo"")))"
"Calc";"B174";"selecao";"=IF(selAnalito="""","""",IFERROR(AGGREGATE(15,6,rRUN/((rAnalito=selAnalito)*(rFirst=1)*((""""&rLote)=(""""&loteAtivo))),RC1),""""))"
"Calc";"C174";"selecao";"=IF(RC2="""","""",MAXIFS(rData,rAnalito,selAnalito,rRUN,RC2,rLote,loteAtivo,rStatus,""Ativo""))"
"Calc";"F174";"selecao";"=IF(RC2="""","""",IF(COUNTIFS(rAnalito,selAnalito,rNivel,1,rRUN,RC2,rLote,loteAtivo,rStatus,""Ativo"")=0,"""",SUMIFS(rValor,rAnalito,selAnalito,rNivel,1,rRUN,RC2,rLote,loteAtivo,rStatus,""Ativo"")))"
"Calc";"AB174";"selecao";"=IF(RC2="""","""",IF(COUNTIFS(rAnalito,selAnalito,rNivel,2,rRUN,RC2,rLote,loteAtivo,rStatus,""Ativo"")=0,"""",SUMIFS(rValor,rAnalito,selAnalito,rNivel,2,rRUN,RC2,rLote,loteAtivo,rStatus,""Ativo"")))"
"Calc";"AX174";"selecao";"=IF(RC2="""","""",IF(COUNTIFS(rAnalito,selAnalito,rNivel,3,rRUN,RC2,rLote,loteAtivo,rStatus,""Ativo"")=0,"""",SUMIFS(rValor,rAnalito,selAnalito,rNivel,3,rRUN,RC2,rLote,loteAtivo,rStatus,""Ativo"")))"
"Calc";"B175";"selecao";"=IF(selAnalito="""","""",IFERROR(AGGREGATE(15,6,rRUN/((rAnalito=selAnalito)*(rFirst=1)*((""""&rLote)=(""""&loteAtivo))),RC1),""""))"
"Calc";"C175";"selecao";"=IF(RC2="""","""",MAXIFS(rData,rAnalito,selAnalito,rRUN,RC2,rLote,loteAtivo,rStatus,""Ativo""))"
"Calc";"F175";"selecao";"=IF(RC2="""","""",IF(COUNTIFS(rAnalito,selAnalito,rNivel,1,rRUN,RC2,rLote,loteAtivo,rStatus,""Ativo"")=0,"""",SUMIFS(rValor,rAnalito,selAnalito,rNivel,1,rRUN,RC2,rLote,loteAtivo,rStatus,""Ativo"")))"
"Calc";"AB175";"selecao";"=IF(RC2="""","""",IF(COUNTIFS(rAnalito,selAnalito,rNivel,2,rRUN,RC2,rLote,loteAtivo,rStatus,""Ativo"")=0,"""",SUMIFS(rValor,rAnalito,selAnalito,rNivel,2,rRUN,RC2,rLote,loteAtivo,rStatus,""Ativo"")))"
"Calc";"AX175";"selecao";"=IF(RC2="""","""",IF(COUNTIFS(rAnalito,selAnalito,rNivel,3,rRUN,RC2,rLote,loteAtivo,rStatus,""Ativo"")=0,"""",SUMIFS(rValor,rAnalito,selAnalito,rNivel,3,rRUN,RC2,rLote,loteAtivo,rStatus,""Ativo"")))"
"Calc";"B176";"selecao";"=IF(selAnalito="""","""",IFERROR(AGGREGATE(15,6,rRUN/((rAnalito=selAnalito)*(rFirst=1)*((""""&rLote)=(""""&loteAtivo))),RC1),""""))"
"Calc";"C176";"selecao";"=IF(RC2="""","""",MAXIFS(rData,rAnalito,selAnalito,rRUN,RC2,rLote,loteAtivo,rStatus,""Ativo""))"
"Calc";"F176";"selecao";"=IF(RC2="""","""",IF(COUNTIFS(rAnalito,selAnalito,rNivel,1,rRUN,RC2,rLote,loteAtivo,rStatus,""Ativo"")=0,"""",SUMIFS(rValor,rAnalito,selAnalito,rNivel,1,rRUN,RC2,rLote,loteAtivo,rStatus,""Ativo"")))"
"Calc";"AB176";"selecao";"=IF(RC2="""","""",IF(COUNTIFS(rAnalito,selAnalito,rNivel,2,rRUN,RC2,rLote,loteAtivo,rStatus,""Ativo"")=0,"""",SUMIFS(rValor,rAnalito,selAnalito,rNivel,2,rRUN,RC2,rLote,loteAtivo,rStatus,""Ativo"")))"
"Calc";"AX176";"selecao";"=IF(RC2="""","""",IF(COUNTIFS(rAnalito,selAnalito,rNivel,3,rRUN,RC2,rLote,loteAtivo,rStatus,""Ativo"")=0,"""",SUMIFS(rValor,rAnalito,selAnalito,rNivel,3,rRUN,RC2,rLote,loteAtivo,rStatus,""Ativo"")))"
"Calc";"B177";"selecao";"=IF(selAnalito="""","""",IFERROR(AGGREGATE(15,6,rRUN/((rAnalito=selAnalito)*(rFirst=1)*((""""&rLote)=(""""&loteAtivo))),RC1),""""))"
"Calc";"C177";"selecao";"=IF(RC2="""","""",MAXIFS(rData,rAnalito,selAnalito,rRUN,RC2,rLote,loteAtivo,rStatus,""Ativo""))"
"Calc";"F177";"selecao";"=IF(RC2="""","""",IF(COUNTIFS(rAnalito,selAnalito,rNivel,1,rRUN,RC2,rLote,loteAtivo,rStatus,""Ativo"")=0,"""",SUMIFS(rValor,rAnalito,selAnalito,rNivel,1,rRUN,RC2,rLote,loteAtivo,rStatus,""Ativo"")))"
"Calc";"AB177";"selecao";"=IF(RC2="""","""",IF(COUNTIFS(rAnalito,selAnalito,rNivel,2,rRUN,RC2,rLote,loteAtivo,rStatus,""Ativo"")=0,"""",SUMIFS(rValor,rAnalito,selAnalito,rNivel,2,rRUN,RC2,rLote,loteAtivo,rStatus,""Ativo"")))"
"Calc";"AX177";"selecao";"=IF(RC2="""","""",IF(COUNTIFS(rAnalito,selAnalito,rNivel,3,rRUN,RC2,rLote,loteAtivo,rStatus,""Ativo"")=0,"""",SUMIFS(rValor,rAnalito,selAnalito,rNivel,3,rRUN,RC2,rLote,loteAtivo,rStatus,""Ativo"")))"
"Calc";"B178";"selecao";"=IF(selAnalito="""","""",IFERROR(AGGREGATE(15,6,rRUN/((rAnalito=selAnalito)*(rFirst=1)*((""""&rLote)=(""""&loteAtivo))),RC1),""""))"
"Calc";"C178";"selecao";"=IF(RC2="""","""",MAXIFS(rData,rAnalito,selAnalito,rRUN,RC2,rLote,loteAtivo,rStatus,""Ativo""))"
"Calc";"F178";"selecao";"=IF(RC2="""","""",IF(COUNTIFS(rAnalito,selAnalito,rNivel,1,rRUN,RC2,rLote,loteAtivo,rStatus,""Ativo"")=0,"""",SUMIFS(rValor,rAnalito,selAnalito,rNivel,1,rRUN,RC2,rLote,loteAtivo,rStatus,""Ativo"")))"
"Calc";"AB178";"selecao";"=IF(RC2="""","""",IF(COUNTIFS(rAnalito,selAnalito,rNivel,2,rRUN,RC2,rLote,loteAtivo,rStatus,""Ativo"")=0,"""",SUMIFS(rValor,rAnalito,selAnalito,rNivel,2,rRUN,RC2,rLote,loteAtivo,rStatus,""Ativo"")))"
"Calc";"AX178";"selecao";"=IF(RC2="""","""",IF(COUNTIFS(rAnalito,selAnalito,rNivel,3,rRUN,RC2,rLote,loteAtivo,rStatus,""Ativo"")=0,"""",SUMIFS(rValor,rAnalito,selAnalito,rNivel,3,rRUN,RC2,rLote,loteAtivo,rStatus,""Ativo"")))"
"Calc";"B179";"selecao";"=IF(selAnalito="""","""",IFERROR(AGGREGATE(15,6,rRUN/((rAnalito=selAnalito)*(rFirst=1)*((""""&rLote)=(""""&loteAtivo))),RC1),""""))"
"Calc";"C179";"selecao";"=IF(RC2="""","""",MAXIFS(rData,rAnalito,selAnalito,rRUN,RC2,rLote,loteAtivo,rStatus,""Ativo""))"
"Calc";"F179";"selecao";"=IF(RC2="""","""",IF(COUNTIFS(rAnalito,selAnalito,rNivel,1,rRUN,RC2,rLote,loteAtivo,rStatus,""Ativo"")=0,"""",SUMIFS(rValor,rAnalito,selAnalito,rNivel,1,rRUN,RC2,rLote,loteAtivo,rStatus,""Ativo"")))"
"Calc";"AB179";"selecao";"=IF(RC2="""","""",IF(COUNTIFS(rAnalito,selAnalito,rNivel,2,rRUN,RC2,rLote,loteAtivo,rStatus,""Ativo"")=0,"""",SUMIFS(rValor,rAnalito,selAnalito,rNivel,2,rRUN,RC2,rLote,loteAtivo,rStatus,""Ativo"")))"
"Calc";"AX179";"selecao";"=IF(RC2="""","""",IF(COUNTIFS(rAnalito,selAnalito,rNivel,3,rRUN,RC2,rLote,loteAtivo,rStatus,""Ativo"")=0,"""",SUMIFS(rValor,rAnalito,selAnalito,rNivel,3,rRUN,RC2,rLote,loteAtivo,rStatus,""Ativo"")))"
"Calc";"B180";"selecao";"=IF(selAnalito="""","""",IFERROR(AGGREGATE(15,6,rRUN/((rAnalito=selAnalito)*(rFirst=1)*((""""&rLote)=(""""&loteAtivo))),RC1),""""))"
"Calc";"C180";"selecao";"=IF(RC2="""","""",MAXIFS(rData,rAnalito,selAnalito,rRUN,RC2,rLote,loteAtivo,rStatus,""Ativo""))"
"Calc";"F180";"selecao";"=IF(RC2="""","""",IF(COUNTIFS(rAnalito,selAnalito,rNivel,1,rRUN,RC2,rLote,loteAtivo,rStatus,""Ativo"")=0,"""",SUMIFS(rValor,rAnalito,selAnalito,rNivel,1,rRUN,RC2,rLote,loteAtivo,rStatus,""Ativo"")))"
"Calc";"AB180";"selecao";"=IF(RC2="""","""",IF(COUNTIFS(rAnalito,selAnalito,rNivel,2,rRUN,RC2,rLote,loteAtivo,rStatus,""Ativo"")=0,"""",SUMIFS(rValor,rAnalito,selAnalito,rNivel,2,rRUN,RC2,rLote,loteAtivo,rStatus,""Ativo"")))"
"Calc";"AX180";"selecao";"=IF(RC2="""","""",IF(COUNTIFS(rAnalito,selAnalito,rNivel,3,rRUN,RC2,rLote,loteAtivo,rStatus,""Ativo"")=0,"""",SUMIFS(rValor,rAnalito,selAnalito,rNivel,3,rRUN,RC2,rLote,loteAtivo,rStatus,""Ativo"")))"
"Calc";"B181";"selecao";"=IF(selAnalito="""","""",IFERROR(AGGREGATE(15,6,rRUN/((rAnalito=selAnalito)*(rFirst=1)*((""""&rLote)=(""""&loteAtivo))),RC1),""""))"
"Calc";"C181";"selecao";"=IF(RC2="""","""",MAXIFS(rData,rAnalito,selAnalito,rRUN,RC2,rLote,loteAtivo,rStatus,""Ativo""))"
"Calc";"F181";"selecao";"=IF(RC2="""","""",IF(COUNTIFS(rAnalito,selAnalito,rNivel,1,rRUN,RC2,rLote,loteAtivo,rStatus,""Ativo"")=0,"""",SUMIFS(rValor,rAnalito,selAnalito,rNivel,1,rRUN,RC2,rLote,loteAtivo,rStatus,""Ativo"")))"
"Calc";"AB181";"selecao";"=IF(RC2="""","""",IF(COUNTIFS(rAnalito,selAnalito,rNivel,2,rRUN,RC2,rLote,loteAtivo,rStatus,""Ativo"")=0,"""",SUMIFS(rValor,rAnalito,selAnalito,rNivel,2,rRUN,RC2,rLote,loteAtivo,rStatus,""Ativo"")))"
"Calc";"AX181";"selecao";"=IF(RC2="""","""",IF(COUNTIFS(rAnalito,selAnalito,rNivel,3,rRUN,RC2,rLote,loteAtivo,rStatus,""Ativo"")=0,"""",SUMIFS(rValor,rAnalito,selAnalito,rNivel,3,rRUN,RC2,rLote,loteAtivo,rStatus,""Ativo"")))"
"Calc";"B182";"selecao";"=IF(selAnalito="""","""",IFERROR(AGGREGATE(15,6,rRUN/((rAnalito=selAnalito)*(rFirst=1)*((""""&rLote)=(""""&loteAtivo))),RC1),""""))"
"Calc";"C182";"selecao";"=IF(RC2="""","""",MAXIFS(rData,rAnalito,selAnalito,rRUN,RC2,rLote,loteAtivo,rStatus,""Ativo""))"
"Calc";"F182";"selecao";"=IF(RC2="""","""",IF(COUNTIFS(rAnalito,selAnalito,rNivel,1,rRUN,RC2,rLote,loteAtivo,rStatus,""Ativo"")=0,"""",SUMIFS(rValor,rAnalito,selAnalito,rNivel,1,rRUN,RC2,rLote,loteAtivo,rStatus,""Ativo"")))"
"Calc";"AB182";"selecao";"=IF(RC2="""","""",IF(COUNTIFS(rAnalito,selAnalito,rNivel,2,rRUN,RC2,rLote,loteAtivo,rStatus,""Ativo"")=0,"""",SUMIFS(rValor,rAnalito,selAnalito,rNivel,2,rRUN,RC2,rLote,loteAtivo,rStatus,""Ativo"")))"
"Calc";"AX182";"selecao";"=IF(RC2="""","""",IF(COUNTIFS(rAnalito,selAnalito,rNivel,3,rRUN,RC2,rLote,loteAtivo,rStatus,""Ativo"")=0,"""",SUMIFS(rValor,rAnalito,selAnalito,rNivel,3,rRUN,RC2,rLote,loteAtivo,rStatus,""Ativo"")))"
